-- phpMyAdmin SQL Dump
-- version 4.2.7.1
-- http://www.phpmyadmin.net
--
-- Host: 127.0.0.1
-- Erstellungszeit: 06. Jan 2015 um 17:14
-- Server Version: 5.6.20
-- PHP-Version: 5.5.15

SET SQL_MODE = "NO_AUTO_VALUE_ON_ZERO";
SET time_zone = "+00:00";


/*!40101 SET @OLD_CHARACTER_SET_CLIENT=@@CHARACTER_SET_CLIENT */;
/*!40101 SET @OLD_CHARACTER_SET_RESULTS=@@CHARACTER_SET_RESULTS */;
/*!40101 SET @OLD_COLLATION_CONNECTION=@@COLLATION_CONNECTION */;
/*!40101 SET NAMES utf8 */;

--
-- Datenbank: `moveit`
--

-- --------------------------------------------------------

--
-- Tabellenstruktur für Tabelle `buildings`
--

CREATE TABLE IF NOT EXISTS `buildings` (
`building_id` int(11) unsigned NOT NULL,
  `building_name` varchar(50) CHARACTER SET utf8 NOT NULL,
  `target` tinyint(1) NOT NULL DEFAULT '0' COMMENT 'Zielgebäude? True beim Neubau'
) ENGINE=InnoDB  DEFAULT CHARSET=utf8 COLLATE=utf8_unicode_ci AUTO_INCREMENT=5 ;

--
-- Daten für Tabelle `buildings`
--

INSERT INTO `buildings` (`building_id`, `building_name`, `target`) VALUES
(1, 'H-Trakt', 0),
(2, 'S-Trakt', 0),
(3, 'E-Trakt', 0),
(4, 'L-Trakt', 0);

-- --------------------------------------------------------

--
-- Tabellenstruktur für Tabelle `data_import`
--

CREATE TABLE IF NOT EXISTS `data_import` (
  `A__Zähler` int(11) NOT NULL COMMENT 'Dass der Wert nicht NULL sein darf schließt alle ungültigen Zeilen aus! (Z.B. Hinweise unter Tabelle in CSV)',
`B__Index` int(11) NOT NULL,
  `C__Erfassungsdatum` varchar(16) DEFAULT NULL COMMENT 'VARCHAR, da in CSV nie genutzt und Datentyp unklar',
  `D__Dezernat\/Fachbereich` varchar(32) DEFAULT NULL,
  `E__Raumnutzungsart` int(11) DEFAULT NULL,
  `F__Land-KZ` int(11) DEFAULT NULL,
  `G__Liegenschafts-Nr. Bestand` int(11) DEFAULT NULL,
  `H__Bauteil-Nr. Bestand` varchar(32) DEFAULT NULL,
  `I__Etage Bestand` int(11) DEFAULT NULL,
  `J__Raum-Nr. Bestand` varchar(11) DEFAULT NULL,
  `K__AP-Nr. Bestand` int(11) DEFAULT NULL,
  `L__a1` int(11) DEFAULT NULL,
  `M__Liegenschafts-Nr. neu` int(11) DEFAULT NULL,
  `N__Bauteil-Nr. neu` varchar(32) DEFAULT NULL,
  `O__Etage neu` int(11) DEFAULT NULL,
  `P__Raum-Nr. neu (PPD-Nr.)` varchar(32) DEFAULT NULL,
  `Q__Raum-Nr. neu (Raum-ID)` varchar(11) DEFAULT NULL,
  `R__AP-Nr. neu` int(11) DEFAULT NULL,
  `S__a1` int(11) DEFAULT NULL,
  `T__Anzahl AP im Quell-Raum` int(11) DEFAULT NULL,
  `U__a3` int(11) DEFAULT NULL,
  `V__Name UZK` varchar(32) DEFAULT NULL,
  `W__Nachname MA / Raumbezeichung` varchar(32) DEFAULT NULL,
  `X__Vorname MA` varchar(32) DEFAULT NULL,
  `Y__Titel` varchar(32) DEFAULT NULL,
  `Z__Tel. MA` varchar(32) DEFAULT NULL,
  `AA_a4` int(11) DEFAULT NULL,
  `AB_Kürzel` varchar(11) DEFAULT NULL,
  `AC_Code` int(11) DEFAULT NULL,
  `AD_Anzahl` int(11) DEFAULT NULL,
  `AE_Bezeichnung` varchar(32) DEFAULT NULL,
  `AF_Cluster Bezeichnung` varchar(32) DEFAULT NULL,
  `AG_B` int(11) DEFAULT NULL,
  `AH_T` int(11) DEFAULT NULL,
  `AI_H` int(11) DEFAULT NULL,
  `AJ_Volumen in cbm` float DEFAULT NULL COMMENT 'Beim Export auf Umwandlung achten! (Zurück in deutsche Darstellung für Dezimalzeichen!)',
  `AK_Hersteller/` varchar(32) DEFAULT NULL,
  `AL_Modell/ Ausfuehrung/Material/Fuss/Form/hv/Fuss /Türart/Anzahl` varchar(32) DEFAULT NULL COMMENT 'AL_Modell/ Ausfuehrung/Material/Fuss/Form/hv/Fuss /Türart/Anzahl Ablagen u.a.',
  `AM_Sitz-Lehne-Bezug/Polsterung/Sockel/u.a.` varchar(32) DEFAULT NULL COMMENT 'AM_Sitz-Lehne-Bezug/Polsterung/Sockel/u.a.',
  `AN_Farbe_Sitz-Lehne_Bezug/Material_Platte/Farbe_Deckplatte/Farbe` varchar(32) DEFAULT NULL COMMENT 'AN_Farbe_Sitz-Lehne_Bezug/Material_Platte/Farbe_Deckplatte/Farbe_Schirm/Form/Farbe_Oberfläche u.a.',
  `AO_Rechnername/Zollgroesse/Druckername/Montageart/Farbe_Korpus/F` varchar(32) DEFAULT NULL COMMENT 'AO_Rechnername/Zollgroesse/Druckername/Montageart/Farbe_Korpus/Farbe_Platte',
  `AP_Seitenverh./Tel-Fax-Nr/Farbe_Fuss_/Farbe_Gestell/Farbe_Front/` varchar(32) DEFAULT NULL COMMENT 'AP_Seitenverh./Tel-Fax-Nr/Farbe_Fuss_/Farbe_Gestell/Farbe_Front/Farbe_Tuer',
  `AQ_Weitere Eigenschaft/Rollentyp/drehbar/stapelbar/Rahmenausfueh` varchar(32) DEFAULT NULL COMMENT 'AQ_Weitere Eigenschaft/Rollentyp/drehbar/stapelbar/Rahmenausfuehrung/ Links-Rechts/ Winkel/Umleimer-Kante',
  `AR_Zustand` char(1) DEFAULT NULL,
  `AS_Umzug (1/0)` int(1) DEFAULT NULL,
  `AT_De(na) Remon(na)tage erfor(na)derlich` varchar(11) DEFAULT NULL,
  `AU_Inventar-Nr.` int(11) DEFAULT NULL,
  `AV_Bemerkungen` varchar(32) DEFAULT NULL,
  `AW_Barcode` varchar(32) DEFAULT NULL,
  `AX_Bild Nr 1` varchar(32) DEFAULT NULL,
  `AY_Bild Nr 2` varchar(32) DEFAULT NULL,
  `AZ_Bild Nr 3` varchar(32) DEFAULT NULL,
  `BA_Bild Nr 4` varchar(32) DEFAULT NULL,
  `BB_Bild Nr 5` varchar(32) DEFAULT NULL,
  `BC_Bild Nr 6` varchar(32) DEFAULT NULL,
  `BD_Skizze Nr.` int(11) DEFAULT NULL,
  `BE` varchar(11) DEFAULT NULL COMMENT 'Leer in CSV, muss drin sein damit Anzahl der Spalten überall gleich',
  `BF` varchar(11) DEFAULT NULL COMMENT 'Leer in CSV, muss drin sein damit Anzahl der Spalten überall gleich',
  `BG` varchar(11) DEFAULT NULL COMMENT 'Leer in CSV, muss drin sein damit Anzahl der Spalten überall gleich'
) ENGINE=InnoDB  DEFAULT CHARSET=utf8 AUTO_INCREMENT=1000003 ;

--
-- Daten für Tabelle `data_import`
--

INSERT INTO `data_import` (`A__Zähler`, `B__Index`, `C__Erfassungsdatum`, `D__Dezernat\/Fachbereich`, `E__Raumnutzungsart`, `F__Land-KZ`, `G__Liegenschafts-Nr. Bestand`, `H__Bauteil-Nr. Bestand`, `I__Etage Bestand`, `J__Raum-Nr. Bestand`, `K__AP-Nr. Bestand`, `L__a1`, `M__Liegenschafts-Nr. neu`, `N__Bauteil-Nr. neu`, `O__Etage neu`, `P__Raum-Nr. neu (PPD-Nr.)`, `Q__Raum-Nr. neu (Raum-ID)`, `R__AP-Nr. neu`, `S__a1`, `T__Anzahl AP im Quell-Raum`, `U__a3`, `V__Name UZK`, `W__Nachname MA / Raumbezeichung`, `X__Vorname MA`, `Y__Titel`, `Z__Tel. MA`, `AA_a4`, `AB_Kürzel`, `AC_Code`, `AD_Anzahl`, `AE_Bezeichnung`, `AF_Cluster Bezeichnung`, `AG_B`, `AH_T`, `AI_H`, `AJ_Volumen in cbm`, `AK_Hersteller/`, `AL_Modell/ Ausfuehrung/Material/Fuss/Form/hv/Fuss /Türart/Anzahl`, `AM_Sitz-Lehne-Bezug/Polsterung/Sockel/u.a.`, `AN_Farbe_Sitz-Lehne_Bezug/Material_Platte/Farbe_Deckplatte/Farbe`, `AO_Rechnername/Zollgroesse/Druckername/Montageart/Farbe_Korpus/F`, `AP_Seitenverh./Tel-Fax-Nr/Farbe_Fuss_/Farbe_Gestell/Farbe_Front/`, `AQ_Weitere Eigenschaft/Rollentyp/drehbar/stapelbar/Rahmenausfueh`, `AR_Zustand`, `AS_Umzug (1/0)`, `AT_De(na) Remon(na)tage erfor(na)derlich`, `AU_Inventar-Nr.`, `AV_Bemerkungen`, `AW_Barcode`, `AX_Bild Nr 1`, `AY_Bild Nr 2`, `AZ_Bild Nr 3`, `BA_Bild Nr 4`, `BB_Bild Nr 5`, `BC_Bild Nr 6`, `BD_Skizze Nr.`, `BE`, `BF`, `BG`) VALUES
(1, 15112, NULL, 'FB 05: Medien', NULL, NULL, NULL, 'H-Trakt', 1, 'H 1.17', NULL, NULL, NULL, 'Geb. 4', 1, '19      ', '04.1.002', NULL, NULL, NULL, NULL, NULL, 'Seminarraum', NULL, NULL, NULL, NULL, NULL, 51, 22, 'Besprechungstisch', 'Mobiliar Seminar', 156, 60, 72, 14.8262, NULL, '4      ', 're', 'Holz/Dekor', 'ei', 'dgr', 'V', 'B', 0, NULL, NULL, NULL, NULL, 'P5070113-P5070117', NULL, NULL, NULL, NULL, NULL, NULL, NULL, NULL, NULL),
(1, 15113, NULL, 'FB 05: Medien', NULL, NULL, NULL, 'H-Trakt', 1, 'H 1.17', NULL, NULL, NULL, 'Geb. 4', 1, '19      ', '04.1.002', NULL, NULL, NULL, NULL, NULL, 'Seminarraum', NULL, NULL, NULL, NULL, NULL, 51, 2, 'Besprechungstisch', 'Mobiliar Seminar', 140, 70, 72, 1.4112, NULL, '4      ', 're', 'Holz/Dekor', 'ws/bu Umleimer', 'dgr', 'V', 'B', 0, NULL, NULL, NULL, NULL, 'P5070113-P5070117', NULL, NULL, NULL, NULL, NULL, NULL, NULL, NULL, NULL),
(1, 15114, NULL, 'FB 05: Medien', NULL, NULL, NULL, 'H-Trakt', 1, 'H 1.17', NULL, NULL, NULL, 'Geb. 4', 1, '19      ', '04.1.002', NULL, NULL, NULL, NULL, NULL, 'Seminarraum', NULL, NULL, NULL, NULL, NULL, 42, 69, 'Seminarstuhl', 'Mobiliar Seminar', 45, 50, 70, 10.8675, NULL, 'Freischwinger', 'Holz', 'bu', NULL, 'dgr', NULL, 'B', 0, NULL, NULL, NULL, NULL, 'P5070113-P5070117', NULL, NULL, NULL, NULL, NULL, NULL, NULL, NULL, NULL),
(1, 15115, NULL, 'FB 05: Medien', NULL, NULL, NULL, 'H-Trakt', 1, 'H 1.17', NULL, NULL, NULL, NULL, NULL, NULL, NULL, NULL, NULL, NULL, NULL, NULL, 'Seminarraum', NULL, NULL, NULL, NULL, NULL, 24, 1, 'Beamer', 'Medientechnik', 40, 40, 20, 0.032, NULL, NULL, NULL, NULL, 'deckenmontiert', NULL, NULL, 'B', 1, NULL, NULL, 'Deckenmontiert', NULL, 'P5070113-P5070117', NULL, NULL, NULL, NULL, NULL, NULL, NULL, NULL, NULL),
(1, 15116, NULL, 'FB 05: Medien', NULL, NULL, NULL, 'H-Trakt', 1, 'H 1.17', NULL, NULL, NULL, 'Geb. 4', 1, '19      ', '04.1.002', NULL, NULL, NULL, NULL, NULL, 'Seminarraum', NULL, NULL, NULL, NULL, 'rc', 101, 1, 'Rollcontainer', 'Büromobiliar', 45, 80, 56, 0.2016, NULL, NULL, 'Metall', 'nw', 'nw', 'nw', NULL, 'B', 1, NULL, NULL, NULL, NULL, 'P5070113-P5070117', NULL, NULL, NULL, NULL, NULL, NULL, NULL, NULL, NULL),
(1, 15117, NULL, 'FB 05: Medien', NULL, NULL, NULL, 'H-Trakt', 1, 'H 1.17', NULL, NULL, NULL, NULL, NULL, NULL, NULL, NULL, NULL, NULL, NULL, NULL, 'Seminarraum', NULL, NULL, NULL, NULL, NULL, 26, 1, 'Tageslichtprojektor', 'Medientechnik', 40, 40, 60, 0.096, NULL, NULL, NULL, NULL, NULL, NULL, NULL, 'B', 1, NULL, NULL, NULL, NULL, 'P5070113-P5070117', NULL, NULL, NULL, NULL, NULL, NULL, NULL, NULL, NULL),
(1, 15118, NULL, 'FB 05: Medien', NULL, NULL, NULL, 'H-Trakt', 1, 'H 1.17', NULL, NULL, NULL, 'Geb. 4', 1, '19      ', '04.1.002', NULL, NULL, NULL, NULL, NULL, 'Seminarraum', NULL, NULL, NULL, NULL, NULL, 27, 1, 'Gestellwagen für Tageslichtproje', 'sonstige', 74, 63, 103, 0.480186, NULL, NULL, NULL, NULL, NULL, NULL, NULL, 'B', 1, NULL, NULL, NULL, NULL, 'P5070113-P5070117', NULL, NULL, NULL, NULL, NULL, NULL, NULL, NULL, NULL),
(1, 15119, NULL, 'FB 05: Medien', NULL, NULL, NULL, 'H-Trakt', 1, 'H 1.17', NULL, NULL, NULL, 'Geb. 4', 1, '19      ', '04.1.002', NULL, NULL, NULL, NULL, NULL, 'Seminarraum', NULL, NULL, NULL, NULL, NULL, 168, 1, 'Schultafel auf Rollgestell', 'Whiteboard, Tafel', 167, 72, 193, 2.32063, NULL, NULL, NULL, 'ws', NULL, 'ws', NULL, 'B', 1, '#BEZUG!', NULL, '(mobil)', NULL, 'P5070113-P5070117', NULL, NULL, NULL, NULL, NULL, NULL, NULL, NULL, NULL),
(1, 15120, NULL, 'FB 05: Medien', NULL, NULL, NULL, 'H-Trakt', 1, 'H 1.17', NULL, NULL, NULL, NULL, NULL, NULL, NULL, NULL, NULL, NULL, NULL, NULL, 'Seminarraum', NULL, NULL, NULL, NULL, NULL, 169, 2, 'Schultafel wandverschraubt', 'Whiteboard, Tafel', 210, 15, 160, 1.008, NULL, NULL, NULL, 'grün', NULL, 'alu/silber', NULL, 'B', 1, 'ja', NULL, NULL, NULL, 'P5070113-P5070117', NULL, NULL, NULL, NULL, NULL, NULL, NULL, NULL, NULL),
(1, 15121, NULL, 'FB 05: Medien', NULL, NULL, NULL, 'H-Trakt', 1, 'H 1.17', NULL, NULL, NULL, NULL, NULL, NULL, NULL, NULL, NULL, NULL, NULL, NULL, 'Seminarraum', NULL, NULL, NULL, NULL, NULL, 167, 1, 'Leinwand', 'Medientechnik', 262, 15, 15, 0.05895, NULL, 'elektrisch ', NULL, NULL, NULL, 'ws', NULL, 'B', 1, 'ja', NULL, 'Leinwand wandverschraubt', NULL, 'P5070113-P5070117', NULL, NULL, NULL, NULL, NULL, NULL, NULL, NULL, NULL),
(1, 15122, NULL, 'FB 05: Medien', NULL, NULL, NULL, 'H-Trakt', 1, 'H 1.17', NULL, NULL, NULL, NULL, NULL, NULL, NULL, NULL, NULL, NULL, NULL, NULL, 'Seminarraum', NULL, NULL, NULL, NULL, NULL, 158, 1, 'Papierkorb', 'sonstige', 30, 30, 30, 0.027, NULL, NULL, NULL, NULL, NULL, NULL, NULL, 'B', 1, NULL, NULL, NULL, NULL, 'P5070113-P5070117', NULL, NULL, NULL, NULL, NULL, NULL, NULL, NULL, NULL),
(1, 15123, NULL, 'FB 05: Medien', NULL, NULL, NULL, 'H-Trakt', 1, 'H 1.17', NULL, NULL, NULL, NULL, NULL, NULL, NULL, NULL, NULL, NULL, NULL, NULL, 'Seminarraum', NULL, NULL, NULL, NULL, NULL, 99, 1, 'Pultaufsatz', 'Mobiliar sonstige', 52, 48, 40, 0.09984, NULL, NULL, 'fix', 'Holz', 'nussb', NULL, NULL, 'B', 1, '#BEZUG!', NULL, 'steht auf Tisch, variabel', NULL, 'P5070113-P5070117', NULL, NULL, NULL, NULL, NULL, NULL, NULL, NULL, NULL),
(1, 15124, NULL, 'FB 05: Medien', NULL, NULL, NULL, 'H-Trakt', 1, 'H 1.18b ', NULL, NULL, NULL, 'Geb. 4', 2, '527      ', '04.2.010', 1, NULL, NULL, NULL, NULL, 'Dahm', 'Markus', NULL, NULL, NULL, NULL, 60, 1, 'Schreibtisch', 'Büromobiliar', 180, 80, 72, 1.0368, 'WINI', 'T', 'mhv', 'Holz/Dekor', 'lg/lg/dgr Umleimer', 'gr', NULL, 'A', 1, '#BEZUG!', NULL, '(regelmäßiges Viereck, Rechteck,', NULL, 'P5070127-P5070134', NULL, NULL, NULL, NULL, NULL, NULL, NULL, NULL, NULL),
(1, 15125, NULL, 'FB 05: Medien', NULL, NULL, NULL, 'H-Trakt', 1, 'H 1.18b ', NULL, NULL, NULL, 'Geb. 4', 2, '527      ', '04.2.010', 1, NULL, NULL, NULL, NULL, 'Dahm', 'Markus', NULL, NULL, NULL, 'rc', 101, 1, 'Rollcontainer', 'Büromobiliar', 45, 80, 56, 0.2016, 'WINI', NULL, 'Holz/Dekor', 'lg', 'lg', 'lg', NULL, 'A', 1, NULL, NULL, NULL, NULL, 'P5070127-P5070134', NULL, NULL, NULL, NULL, NULL, NULL, NULL, NULL, NULL),
(1, 15126, NULL, 'FB 05: Medien', NULL, NULL, NULL, 'H-Trakt', 1, 'H 1.18b ', NULL, NULL, NULL, 'Geb. 4', 2, '527      ', '04.2.010', 1, NULL, NULL, NULL, NULL, 'Dahm', 'Markus', NULL, NULL, NULL, NULL, 31, 1, 'Bürodrehstuhl mit Armlehne', 'Büromobiliar Sitzmöbel', 60, 60, 110, 0.396, NULL, NULL, 'Stoff', 'anthrazit', NULL, 'sw', NULL, 'B', 1, NULL, NULL, NULL, NULL, 'P5070127-P5070134', NULL, NULL, NULL, NULL, NULL, NULL, NULL, NULL, NULL),
(1, 15127, NULL, 'FB 05: Medien', NULL, NULL, NULL, 'H-Trakt', 1, 'H 1.18b ', NULL, NULL, NULL, 'Geb. 4', 2, '527      ', '04.2.010', 1, NULL, NULL, NULL, NULL, 'Dahm', 'Markus', NULL, NULL, NULL, NULL, 99, 2, 'Stehpult rollbar', 'Mobiliar sonstige', 70, 52, 102, 0.74256, 'Vielhauer', 'rollbar', 'fix', 'Holz/Dekor', 'lg', 'lg', NULL, 'A', 1, '#BEZUG!', NULL, NULL, NULL, 'P5070127-P5070134', NULL, NULL, NULL, NULL, NULL, NULL, NULL, NULL, NULL),
(1, 15128, NULL, 'FB 05: Medien', NULL, NULL, NULL, 'H-Trakt', 1, 'H 1.18b ', NULL, NULL, NULL, 'Geb. 4', 2, '527      ', '04.2.010', 1, NULL, NULL, NULL, NULL, 'Dahm', 'Markus', NULL, NULL, NULL, NULL, 111, 2, 'Aktenschrank', 'Büromobiliar', 100, 45, 222, 1.998, 'WINI', 'F', 'Sockel/dgr', 'lg', 'lg', NULL, NULL, 'A', 1, '#BEZUG!', NULL, '(ab 4 OH,\n40 bis 120 breit)', NULL, 'P5070127-P5070134', NULL, NULL, NULL, NULL, NULL, NULL, NULL, NULL, NULL),
(1, 15129, NULL, 'FB 05: Medien', NULL, NULL, NULL, 'H-Trakt', 1, 'H 1.18b ', NULL, NULL, NULL, 'Geb. 4', 2, '527      ', '04.2.010', 1, NULL, NULL, NULL, NULL, 'Dahm', 'Markus', NULL, NULL, NULL, NULL, 148, 1, 'Etagenwagen', 'Mobiliar sonstige', 75, 50, 75, 0.28125, NULL, '2      ', 'Holz/Dekor', NULL, 'lg', 'lg', NULL, 'A', 1, NULL, NULL, '(z.B. auch Bücherwagen)', NULL, 'P5070127-P5070134', NULL, NULL, NULL, NULL, NULL, NULL, NULL, NULL, NULL),
(1, 15130, NULL, 'FB 05: Medien', NULL, NULL, NULL, 'H-Trakt', 1, 'H 1.18b ', NULL, NULL, NULL, 'Geb. 4', 2, '527      ', '04.2.010', 1, NULL, NULL, NULL, NULL, 'Dahm', 'Markus', NULL, NULL, NULL, NULL, 51, 1, 'Besprechungstisch', 'Büromobiliar', 100, 100, 72, 0.72, 'WINI', 'Tellerfuß', 'rund', 'Holz/Dekor', 'lg/lg/dgr Umleimer', 'gr', NULL, 'A', 1, NULL, NULL, NULL, NULL, 'P5070127-P5070134', NULL, NULL, NULL, NULL, NULL, NULL, NULL, NULL, NULL),
(1, 15131, NULL, 'FB 05: Medien', NULL, NULL, NULL, 'H-Trakt', 1, 'H 1.18b ', NULL, NULL, NULL, 'Geb. 4', 2, '527      ', '04.2.010', 1, NULL, NULL, NULL, NULL, 'Dahm', 'Markus', NULL, NULL, NULL, NULL, 33, 4, 'Besprechungsstuhl ohne Armlehne', 'Büromobiliar Sitzmöbel', 50, 50, 90, 0.9, NULL, '4      ', 'Stoff', 'anthrazit', NULL, 'chr', 'stapelbar', 'A', 1, NULL, NULL, NULL, NULL, 'P5070127-P5070134', NULL, NULL, NULL, NULL, NULL, NULL, NULL, NULL, NULL),
(1, 15132, NULL, 'FB 05: Medien', NULL, NULL, NULL, 'H-Trakt', 1, 'H 1.18b ', NULL, NULL, NULL, NULL, NULL, NULL, NULL, NULL, NULL, NULL, NULL, NULL, 'Dahm', 'Markus', NULL, NULL, NULL, NULL, 10, 1, 'PC, Tower/Desktop', 'IT', 50, 20, 60, 0.06, NULL, NULL, NULL, NULL, NULL, NULL, NULL, 'B', 1, 'ja', NULL, '(einschl. Tastatur, Maus)', NULL, 'P5070127-P5070134', NULL, NULL, NULL, NULL, NULL, NULL, NULL, NULL, NULL),
(1, 15133, NULL, 'FB 05: Medien', NULL, NULL, NULL, 'H-Trakt', 1, 'H 1.18b ', NULL, NULL, NULL, NULL, NULL, NULL, NULL, NULL, NULL, NULL, NULL, NULL, 'Dahm', 'Markus', NULL, NULL, NULL, NULL, 14, 2, 'Flachbildschirm', 'IT', 60, 20, 40, 0.096, NULL, NULL, NULL, NULL, NULL, NULL, NULL, 'B', 1, 'ja', NULL, NULL, NULL, 'P5070127-P5070134', NULL, NULL, NULL, NULL, NULL, NULL, NULL, NULL, NULL),
(1, 15134, NULL, 'FB 05: Medien', NULL, NULL, NULL, 'H-Trakt', 1, 'H 1.18b ', NULL, NULL, NULL, NULL, NULL, NULL, NULL, NULL, NULL, NULL, NULL, NULL, 'Dahm', 'Markus', NULL, NULL, NULL, NULL, 17, 1, 'Telefon', 'TK', 20, 20, 10, 0.004, NULL, NULL, NULL, NULL, NULL, 'Tel.-Nummer', NULL, 'B', 1, 'ja', NULL, NULL, NULL, 'P5070127-P5070134', NULL, NULL, NULL, NULL, NULL, NULL, NULL, NULL, NULL),
(1, 15135, NULL, 'FB 05: Medien', NULL, NULL, NULL, 'H-Trakt', 1, 'H 1.18b ', NULL, NULL, NULL, NULL, NULL, NULL, NULL, NULL, NULL, NULL, NULL, NULL, 'Dahm', 'Markus', NULL, NULL, NULL, NULL, 15, 1, 'Drucker', 'IT', 50, 50, 50, 0.125, NULL, NULL, NULL, NULL, NULL, NULL, NULL, 'B', 1, 'ja', NULL, NULL, NULL, 'P5070127-P5070134', NULL, NULL, NULL, NULL, NULL, NULL, NULL, NULL, NULL),
(1, 15136, NULL, 'FB 05: Medien', NULL, NULL, NULL, 'H-Trakt', 1, 'H 1.18b ', NULL, NULL, NULL, NULL, NULL, NULL, NULL, NULL, NULL, NULL, NULL, NULL, 'Dahm', 'Markus', NULL, NULL, NULL, NULL, 140, 1, 'Schreibtischlampe', 'sonstige', 20, 10, 40, 0.008, NULL, NULL, NULL, NULL, NULL, NULL, NULL, 'B', 1, NULL, NULL, NULL, NULL, 'P5070127-P5070134', NULL, NULL, NULL, NULL, NULL, NULL, NULL, NULL, NULL),
(1, 15137, NULL, 'FB 05: Medien', NULL, NULL, NULL, 'H-Trakt', 1, 'H 1.18b ', NULL, NULL, NULL, 'Geb. 4', 2, '527      ', '04.2.010', 1, NULL, NULL, NULL, NULL, 'Dahm', 'Markus', NULL, NULL, NULL, NULL, 27, 1, 'Gestellwagen für Flatbildschirm', 'Laborequipment', 120, 75, 160, 1.44, NULL, NULL, 'Metall', 'gr ', 'rollbar', NULL, NULL, 'A', 1, NULL, NULL, NULL, NULL, 'P5070127-P5070134', NULL, NULL, NULL, NULL, NULL, NULL, NULL, NULL, NULL),
(1, 15138, NULL, 'FB 05: Medien', NULL, NULL, NULL, 'H-Trakt', 1, 'H 1.18b ', NULL, NULL, NULL, 'Geb. 4', 2, '527      ', '04.2.010', 1, NULL, NULL, NULL, NULL, 'Dahm', 'Markus', NULL, NULL, NULL, NULL, 23, 1, 'TV', 'TV', 110, 20, 70, 0.154, NULL, 'Flat', NULL, NULL, NULL, NULL, NULL, 'A', 1, 'ja', NULL, 'Fernseher an Gestellwagen montie', NULL, 'P5070127-P5070134', NULL, NULL, NULL, NULL, NULL, NULL, NULL, NULL, NULL),
(1, 15139, NULL, 'FB 05: Medien', NULL, NULL, NULL, 'H-Trakt', 1, 'H 1.18b ', NULL, NULL, NULL, NULL, NULL, NULL, NULL, NULL, NULL, NULL, NULL, NULL, 'Dahm', 'Markus', NULL, NULL, NULL, NULL, 3, 5, 'lfm Akten', 'Akten', 100, 30, 33, 0.495, NULL, NULL, NULL, NULL, NULL, NULL, NULL, NULL, 1, NULL, NULL, NULL, NULL, 'P5070127-P5070134', NULL, NULL, NULL, NULL, NULL, NULL, NULL, NULL, NULL),
(1, 15140, NULL, 'FB 05: Medien', NULL, NULL, NULL, 'H-Trakt', 1, 'H 1.18b ', NULL, NULL, NULL, NULL, NULL, NULL, NULL, NULL, NULL, NULL, NULL, NULL, 'Dahm', 'Markus', NULL, NULL, NULL, NULL, 1, 8, 'Umzugskarton', 'Umzugskarton', 59, 38, 35, 0.62776, NULL, NULL, NULL, NULL, NULL, NULL, NULL, NULL, 1, NULL, NULL, NULL, NULL, 'P5070127-P5070134', NULL, NULL, NULL, NULL, NULL, NULL, NULL, NULL, NULL),
(1, 15157, NULL, 'FB 05: Medien', NULL, NULL, NULL, 'S-Trakt', 1, 'S 1.14', NULL, NULL, NULL, 'Geb. 4', 3, '558      ', '04.3.035', NULL, NULL, NULL, NULL, NULL, 'PC Pool', NULL, NULL, NULL, NULL, NULL, 60, 4, 'Schreibtisch', 'Büromobiliar', 160, 80, 72, 3.6864, NULL, '4      ', 'fix', 'Holz/Dekor', 'nw', 'gr', NULL, 'A', 1, '#BEZUG!', NULL, '(regelmäßiges Viereck, Rechteck,', NULL, 'P5070155-P5070169', NULL, NULL, NULL, NULL, NULL, NULL, NULL, NULL, NULL),
(1, 15158, NULL, 'FB 05: Medien', NULL, NULL, NULL, 'S-Trakt', 1, 'S 1.14', NULL, NULL, NULL, 'Geb. 4', 3, '558      ', '04.3.035', NULL, NULL, NULL, NULL, NULL, 'PC Pool', NULL, NULL, NULL, NULL, NULL, 51, 15, 'Besprechungstisch', 'Büromobiliar', 160, 80, 72, 13.824, NULL, '4      ', 're', 'Holz/Dekor', 'nw', 'gr', 'Vierkantrahmen ', 'A', 1, NULL, NULL, NULL, NULL, 'P5070155-P5070169', NULL, NULL, NULL, NULL, NULL, NULL, NULL, NULL, NULL),
(1, 15159, NULL, 'FB 05: Medien', NULL, NULL, NULL, 'S-Trakt', 1, 'S 1.14', NULL, NULL, NULL, 'Geb. 4', 3, '558      ', '04.3.035', NULL, NULL, NULL, NULL, NULL, 'PC Pool', NULL, NULL, NULL, NULL, NULL, 62, 1, 'Einplattenwiko symmetrisch 135', 'Büromobiliar', 200, 125, 72, 1.8, NULL, 'T', 'mhv', 'Holz/Dekor', 'lg', 'lg', '135 Grad\nUND ggf.\nUmleimer-Kante', 'B', 1, '#BEZUG!', NULL, 'links 135° abgewinkelt', NULL, 'P5070155-P5070169', NULL, NULL, NULL, NULL, NULL, NULL, NULL, NULL, NULL),
(1, 15160, NULL, 'FB 05: Medien', NULL, NULL, NULL, 'S-Trakt', 1, 'S 1.14', NULL, NULL, NULL, 'Geb. 4', 3, '558      ', '04.3.035', NULL, NULL, NULL, NULL, NULL, 'PC Pool', NULL, NULL, NULL, NULL, NULL, 51, 5, 'Besprechungstisch', 'Büromobiliar', 140, 70, 72, 3.528, NULL, '4      ', 're', 'Holz/Dekor', 'nw', 'gr', 'Vierkantrahmen ', 'A', 1, NULL, NULL, NULL, NULL, 'P5070155-P5070169', NULL, NULL, NULL, NULL, NULL, NULL, NULL, NULL, NULL),
(1, 15161, NULL, 'FB 05: Medien', NULL, NULL, NULL, 'S-Trakt', 1, 'S 1.14', NULL, NULL, NULL, 'Geb. 4', 3, '559      ', '04.3.035', NULL, NULL, NULL, NULL, NULL, 'PC Pool', NULL, NULL, NULL, NULL, NULL, 60, 4, 'Schreibtisch', 'Büromobiliar', 160, 96, 72, 4.42368, 'WINI', '4      ', 'mhv', 'Holz/Dekor', 'lg/lg/dgr Umleimer', 'gr', NULL, 'A', 1, '#BEZUG!', NULL, '(regelmäßiges Viereck, Rechteck,', NULL, 'P5070155-P5070169', NULL, NULL, NULL, NULL, NULL, NULL, NULL, NULL, NULL),
(1, 15162, NULL, 'FB 05: Medien', NULL, NULL, NULL, 'S-Trakt', 1, 'S 1.14', NULL, NULL, NULL, 'Geb. 4', 3, '558      ', '04.3.035', NULL, NULL, NULL, NULL, NULL, 'PC Pool', NULL, NULL, NULL, NULL, NULL, 51, 1, 'Besprechungstisch', 'Büromobiliar', 120, 80, 72, 0.6912, 'WINI', '4      ', 're', 'Holz/Dekor', 'lg/lg/dgr Umleimer', 'gr', 'Vierkantrahmen ', 'A', 1, NULL, NULL, NULL, NULL, 'P5070155-P5070169', NULL, NULL, NULL, NULL, NULL, NULL, NULL, NULL, NULL),
(1, 15163, NULL, 'FB 05: Medien', NULL, NULL, NULL, 'S-Trakt', 1, 'S 1.14', NULL, NULL, NULL, NULL, NULL, NULL, NULL, NULL, NULL, NULL, NULL, NULL, 'PC Pool', NULL, NULL, NULL, NULL, NULL, 60, 1, 'Schreibtisch', 'Büromobiliar', 174, 67, 72, 0.839376, NULL, '4      ', 'fix', 'Holz/Dekor', 'nw', 'dbr', NULL, 'C', 0, '#BEZUG!', NULL, 'mit Unterbau links', NULL, 'P5070155-P5070169', NULL, NULL, NULL, NULL, NULL, NULL, NULL, NULL, NULL),
(1, 15164, NULL, 'FB 05: Medien', NULL, NULL, NULL, 'S-Trakt', 1, 'S 1.14', NULL, NULL, NULL, NULL, NULL, NULL, NULL, NULL, NULL, NULL, NULL, NULL, 'PC Pool', NULL, NULL, NULL, NULL, NULL, 60, 1, 'Schreibtisch', 'Büromobiliar', 156, 78, 72, 0.876096, NULL, '4      ', 'fix', 'Holz/Dekor', 'nussb', 'gr', NULL, 'C', 0, '#BEZUG!', NULL, '(regelmäßiges Viereck, Rechteck,', NULL, 'P5070155-P5070169', NULL, NULL, NULL, NULL, NULL, NULL, NULL, NULL, NULL),
(1, 15165, NULL, 'FB 05: Medien', NULL, NULL, NULL, 'S-Trakt', 1, 'S 1.14', NULL, NULL, NULL, NULL, NULL, NULL, NULL, NULL, NULL, NULL, NULL, NULL, 'PC Pool', NULL, NULL, NULL, NULL, NULL, 60, 1, 'Schreibtisch', 'Büromobiliar', 160, 90, 72, 1.0368, NULL, 'T', 'fix', 'Holz/Dekor', 'bei', 'bei ', NULL, 'C', 0, '#BEZUG!', NULL, '(regelmäßiges Viereck, Rechteck,', NULL, 'P5070155-P5070169', NULL, NULL, NULL, NULL, NULL, NULL, NULL, NULL, NULL),
(1, 15166, NULL, 'FB 05: Medien', NULL, NULL, NULL, 'S-Trakt', 1, 'S 1.14', NULL, NULL, NULL, NULL, NULL, NULL, NULL, NULL, NULL, NULL, NULL, NULL, 'PC Pool', NULL, NULL, NULL, NULL, NULL, 60, 1, 'Schreibtisch', 'Büromobiliar', 75, 60, 72, 0.324, NULL, 'L', 'fix', 'Holz/Dekor', 'nussb', 'sw', NULL, 'C', 0, '#BEZUG!', NULL, '(regelmäßiges Viereck, Rechteck,', NULL, 'P5070155-P5070169', NULL, NULL, NULL, NULL, NULL, NULL, NULL, NULL, NULL),
(1, 15167, NULL, 'FB 05: Medien', NULL, NULL, NULL, 'S-Trakt', 1, 'S 1.14', NULL, NULL, NULL, 'Geb. 4', 3, '558      ', '04.3.035', NULL, NULL, NULL, NULL, NULL, 'PC Pool', NULL, NULL, NULL, NULL, NULL, 51, 1, 'Besprechungstisch', 'Büromobiliar', 80, 80, 72, 0.4608, NULL, '4      ', 're', 'Holz/Dekor', 'nw', 'nw', 'Vierkantrahmen ', 'B', 1, NULL, NULL, NULL, NULL, 'P5070155-P5070169', NULL, NULL, NULL, NULL, NULL, NULL, NULL, NULL, NULL),
(1, 15168, NULL, 'FB 05: Medien', NULL, NULL, NULL, 'S-Trakt', 1, 'S 1.14', NULL, NULL, NULL, 'Geb. 4', 3, '558      ', '04.3.035', NULL, NULL, NULL, NULL, NULL, 'PC Pool', NULL, NULL, NULL, NULL, 'sc', 102, 4, 'Standcontainer', 'Büromobiliar', 45, 80, 72, 1.0368, NULL, NULL, 'Holz/Dekor', 'lg', 'lg', 'lg', NULL, 'B', 1, NULL, NULL, NULL, NULL, 'P5070155-P5070169', NULL, NULL, NULL, NULL, NULL, NULL, NULL, NULL, NULL),
(1, 15169, NULL, 'FB 05: Medien', NULL, NULL, NULL, 'S-Trakt', 1, 'S 1.14', NULL, NULL, NULL, 'Geb. 4', 3, '559      ', '04.3.035', NULL, NULL, NULL, NULL, NULL, 'PC Pool', NULL, NULL, NULL, NULL, 'rc', 101, 3, 'Rollcontainer', 'Büromobiliar', 45, 80, 56, 0.6048, NULL, NULL, 'Holz/Dekor', 'lg', 'lg', 'lg', NULL, 'B', 1, NULL, NULL, NULL, NULL, 'P5070155-P5070169', NULL, NULL, NULL, NULL, NULL, NULL, NULL, NULL, NULL),
(1, 15170, NULL, 'FB 05: Medien', NULL, NULL, NULL, 'S-Trakt', 1, 'S 1.14', NULL, NULL, NULL, 'Geb. 4', 3, '558      ', '04.3.035', NULL, NULL, NULL, NULL, NULL, 'PC Pool', NULL, NULL, NULL, NULL, NULL, 120, 1, 'Unterschrank', 'Büromobiliar', 120, 42, 117, 0.58968, NULL, 'Q', 'Sockel/lg', 'lg', 'lg', NULL, NULL, 'B', 1, '#BEZUG!', NULL, NULL, NULL, 'P5070155-P5070169', NULL, NULL, NULL, NULL, NULL, NULL, NULL, NULL, NULL),
(1, 15171, NULL, 'FB 05: Medien', NULL, NULL, NULL, 'S-Trakt', 1, 'S 1.14', NULL, NULL, NULL, 'Geb. 4', 3, '558      ', '04.3.035', NULL, NULL, NULL, NULL, NULL, 'PC Pool', NULL, NULL, NULL, NULL, NULL, 121, 1, 'Oberschrank ', 'Büromobiliar', 120, 42, 109, 0.54936, NULL, 'Q', NULL, 'lg', 'lg', NULL, NULL, 'B', 1, '#BEZUG!', NULL, NULL, NULL, 'P5070155-P5070169', NULL, NULL, NULL, NULL, NULL, NULL, NULL, NULL, NULL),
(1, 15172, NULL, 'FB 05: Medien', NULL, NULL, NULL, 'S-Trakt', 1, 'S 1.14', NULL, NULL, NULL, 'Geb. 4', 3, '558      ', '04.3.035', NULL, NULL, NULL, NULL, NULL, 'PC Pool', NULL, NULL, NULL, NULL, NULL, 120, 1, 'Unterschrank', 'Büromobiliar', 120, 42, 83, 0.41832, NULL, 'Q', 'Sockel/lg', 'lg', 'lg', NULL, NULL, 'B', 1, '#BEZUG!', NULL, NULL, NULL, 'P5070155-P5070169', NULL, NULL, NULL, NULL, NULL, NULL, NULL, NULL, NULL),
(1, 15173, NULL, 'FB 05: Medien', NULL, NULL, NULL, 'S-Trakt', 1, 'S 1.14', NULL, NULL, NULL, 'Geb. 4', 3, '558      ', '04.3.035', NULL, NULL, NULL, NULL, NULL, 'PC Pool', NULL, NULL, NULL, NULL, NULL, 121, 1, 'Oberschrank ', 'Büromobiliar', 120, 45, 109, 0.5886, NULL, 'Q', NULL, 'lg', 'lg', NULL, NULL, 'B', 1, '#BEZUG!', NULL, NULL, NULL, 'P5070155-P5070169', NULL, NULL, NULL, NULL, NULL, NULL, NULL, NULL, NULL),
(1, 15174, NULL, 'FB 05: Medien', NULL, NULL, NULL, 'S-Trakt', 1, 'S 1.14', NULL, NULL, NULL, 'Geb. 4', 3, '558      ', '04.3.035', NULL, NULL, NULL, NULL, NULL, 'PC Pool', NULL, NULL, NULL, NULL, NULL, 111, 1, 'Aktenschrank', 'Büromobiliar', 100, 44, 187, 0.8228, 'WINI', 'F', 'Sockel/dgr', 'lg', 'lg', NULL, NULL, 'A', 1, '#BEZUG!', NULL, '(ab 4 OH,\n40 bis 120 breit)', NULL, 'P5070155-P5070169', NULL, NULL, NULL, NULL, NULL, NULL, NULL, NULL, NULL),
(1, 15175, NULL, 'FB 05: Medien', NULL, NULL, NULL, 'S-Trakt', 1, 'S 1.14', NULL, NULL, NULL, NULL, NULL, NULL, NULL, NULL, NULL, NULL, NULL, NULL, 'PC Pool', NULL, NULL, NULL, NULL, NULL, 111, 1, 'Aktenschrank', 'Büromobiliar', 120, 42, 180, 0.9072, NULL, 'F', 'Sockel/sw', 'ei', 'ei', NULL, NULL, 'C', 0, '#BEZUG!', NULL, '(ab 4 OH,\n40 bis 120 breit)', NULL, 'P5070155-P5070169', NULL, NULL, NULL, NULL, NULL, NULL, NULL, NULL, NULL),
(1, 15176, NULL, 'FB 05: Medien', NULL, NULL, NULL, 'S-Trakt', 1, 'S 1.14', NULL, NULL, NULL, 'Geb. 4', 3, '558      ', '04.3.035', NULL, NULL, NULL, NULL, NULL, 'PC Pool', NULL, NULL, NULL, NULL, NULL, 30, 31, 'Bürodrehstuhl ohne Armlehne', 'Büromobiliar Sitzmöbel', 50, 50, 110, 8.525, NULL, NULL, 'Stoff', 'anthrazit', NULL, 'sw', NULL, 'B', 1, NULL, NULL, NULL, NULL, 'P5070155-P5070169', NULL, NULL, NULL, NULL, NULL, NULL, NULL, NULL, NULL),
(1, 15177, NULL, 'FB 05: Medien', NULL, NULL, NULL, 'S-Trakt', 1, 'S 1.14', NULL, NULL, NULL, 'Geb. 4', 3, '559      ', '04.3.035', NULL, NULL, NULL, NULL, NULL, 'PC Pool', NULL, NULL, NULL, NULL, NULL, 31, 3, 'Bürodrehstuhl mit Armlehne', 'Büromobiliar Sitzmöbel', 60, 60, 110, 1.188, NULL, NULL, 'Stoff', 'anthrazit', NULL, 'sw', NULL, 'B', 1, NULL, NULL, NULL, NULL, 'P5070155-P5070169', NULL, NULL, NULL, NULL, NULL, NULL, NULL, NULL, NULL),
(1, 15178, NULL, 'FB 05: Medien', NULL, NULL, NULL, 'S-Trakt', 1, 'S 1.14', NULL, NULL, NULL, 'Geb. 4', 3, '558      ', '04.3.035', NULL, NULL, NULL, NULL, NULL, 'PC Pool', NULL, NULL, NULL, NULL, NULL, 42, 3, 'Seminarstuhl', 'Mobiliar sonstige', 45, 50, 70, 0.4725, NULL, 'Freischwinger', 'Holz', 'bu', NULL, 'gr', NULL, 'B', 1, NULL, NULL, NULL, NULL, 'P5070155-P5070169', NULL, NULL, NULL, NULL, NULL, NULL, NULL, NULL, NULL),
(1, 15179, NULL, 'FB 05: Medien', NULL, NULL, NULL, 'S-Trakt', 1, 'S 1.14', NULL, NULL, NULL, 'Geb. 4', 3, '558      ', '04.3.035', NULL, NULL, NULL, NULL, NULL, 'PC Pool', NULL, NULL, NULL, NULL, NULL, 42, 2, 'Seminarstuhl', 'Mobiliar sonstige', 45, 50, 70, 0.315, NULL, '4      ', 'Holz', 'bu', NULL, 'dgr', NULL, 'B', 1, NULL, NULL, NULL, NULL, 'P5070155-P5070169', NULL, NULL, NULL, NULL, NULL, NULL, NULL, NULL, NULL),
(1, 15180, NULL, 'FB 05: Medien', NULL, NULL, NULL, 'S-Trakt', 1, 'S 1.14', NULL, NULL, NULL, 'Geb. 4', 3, '558      ', '04.3.035', NULL, NULL, NULL, NULL, NULL, 'PC Pool', NULL, NULL, NULL, NULL, NULL, 31, 5, 'Bürodrehstuhl mit Armlehne', 'Büromobiliar Sitzmöbel', 60, 60, 110, 1.98, NULL, NULL, 'Stoff', 'anthrazit', NULL, 'chr', NULL, 'B', 1, NULL, NULL, NULL, NULL, 'P5070155-P5070169', NULL, NULL, NULL, NULL, NULL, NULL, NULL, NULL, NULL),
(1, 15181, NULL, 'FB 05: Medien', NULL, NULL, NULL, 'S-Trakt', 1, 'S 1.14', NULL, NULL, NULL, 'Geb. 4', 3, '558      ', '04.3.035', NULL, NULL, NULL, NULL, NULL, 'PC Pool', NULL, NULL, NULL, NULL, NULL, 30, 3, 'Bürodrehstuhl ohne Armlehne', 'Büromobiliar Sitzmöbel', 50, 50, 110, 0.825, NULL, NULL, 'Stoff', 'anthrazit', NULL, 'chr', NULL, 'B', 1, NULL, NULL, NULL, NULL, 'P5070155-P5070169', NULL, NULL, NULL, NULL, NULL, NULL, NULL, NULL, NULL),
(1, 15182, NULL, 'FB 05: Medien', NULL, NULL, NULL, 'S-Trakt', 1, 'S 1.14', NULL, NULL, NULL, 'Geb. 4', 3, '558      ', '04.3.035', NULL, NULL, NULL, NULL, NULL, 'PC Pool', NULL, NULL, NULL, NULL, NULL, 30, 1, 'Bürodrehstuhl ohne Armlehne', 'Büromobiliar Sitzmöbel', 50, 50, 110, 0.275, NULL, NULL, 'Stoff', 'br', NULL, 'sw', NULL, 'B', 1, NULL, NULL, NULL, NULL, 'P5070155-P5070169', NULL, NULL, NULL, NULL, NULL, NULL, NULL, NULL, NULL),
(1, 15183, NULL, 'FB 05: Medien', NULL, NULL, NULL, 'S-Trakt', 1, 'S 1.14', NULL, NULL, NULL, 'Geb. 4', 3, '559      ', '04.3.035', NULL, NULL, NULL, NULL, NULL, 'PC Pool', NULL, NULL, NULL, NULL, NULL, 31, 1, 'Bürodrehstuhl mit Armlehne', 'Büromobiliar Sitzmöbel', 60, 60, 110, 0.396, NULL, NULL, 'Stoff', 'gr', NULL, 'sw', NULL, 'B', 1, NULL, NULL, NULL, NULL, 'P5070155-P5070169', NULL, NULL, NULL, NULL, NULL, NULL, NULL, NULL, NULL),
(1, 15184, NULL, 'FB 05: Medien', NULL, NULL, NULL, 'S-Trakt', 1, 'S 1.14', NULL, NULL, NULL, 'Geb. 4', 3, '558      ', '04.3.035', NULL, NULL, NULL, NULL, NULL, 'PC Pool', NULL, NULL, NULL, NULL, NULL, 111, 2, 'Aktenschrank', 'Büromobiliar', 100, 44, 222, 1.9536, NULL, 'F', 'Sockel/gr', 'lg', 'lg', 'lg', NULL, 'B', 1, '#BEZUG!', NULL, '(ab 4 OH,\n40 bis 120 breit)', NULL, 'P5070155-P5070169', NULL, NULL, NULL, NULL, NULL, NULL, NULL, NULL, NULL),
(1, 15185, NULL, 'FB 05: Medien', NULL, NULL, NULL, 'S-Trakt', 1, 'S 1.14', NULL, NULL, NULL, 'Geb. 4', 3, '559      ', '04.3.035', NULL, NULL, NULL, NULL, NULL, 'PC Pool', NULL, NULL, NULL, NULL, NULL, 133, 7, 'Stahlschrank', 'Mobiliar sonstige', 95, 42, 195, 5.44635, NULL, 'F', NULL, 'nw', 'nw', NULL, NULL, 'B', 1, '#BEZUG!', NULL, NULL, NULL, 'P5070155-P5070169', NULL, NULL, NULL, NULL, NULL, NULL, NULL, NULL, NULL),
(1, 15186, NULL, 'FB 05: Medien', NULL, NULL, NULL, 'S-Trakt', 1, 'S 1.14', NULL, NULL, NULL, NULL, NULL, NULL, NULL, NULL, NULL, NULL, NULL, NULL, 'PC Pool', NULL, NULL, NULL, NULL, NULL, 114, 2, 'Aufsatzschrank', 'Büromobiliar', 90, 40, 42, 0.3024, NULL, 'Vertikalrollo', NULL, 'nw', 'nw', NULL, NULL, 'B', 1, NULL, NULL, NULL, NULL, 'P5070155-P5070169', NULL, NULL, NULL, NULL, NULL, NULL, NULL, NULL, NULL),
(1, 15187, NULL, 'FB 05: Medien', NULL, NULL, NULL, 'S-Trakt', 1, 'S 1.14', NULL, NULL, NULL, NULL, NULL, NULL, NULL, NULL, NULL, NULL, NULL, NULL, 'PC Pool', NULL, NULL, NULL, NULL, NULL, 114, 2, 'Aufsatzschrank', 'Büromobiliar', 62, 41, 63, 0.320292, NULL, 'Vertikalrollo', NULL, 'nw', 'nw', NULL, NULL, 'B', 1, NULL, NULL, 'jeweils oben ein offenes Fach, s', NULL, 'P5070155-P5070169', NULL, NULL, NULL, NULL, NULL, NULL, NULL, NULL, NULL),
(1, 15188, NULL, 'FB 05: Medien', NULL, NULL, NULL, 'S-Trakt', 1, 'S 1.14', NULL, NULL, NULL, 'Geb. 4', 3, '558      ', '04.3.035', NULL, NULL, NULL, NULL, NULL, 'PC Pool', NULL, NULL, NULL, NULL, NULL, 138, 1, 'Regal', 'Büromobiliar', 120, 45, 86, 0.4644, NULL, NULL, NULL, 'ws', 'ws', NULL, NULL, 'B', 1, '#BEZUG!', NULL, NULL, NULL, 'P5070155-P5070169', NULL, NULL, NULL, NULL, NULL, NULL, NULL, NULL, NULL),
(1, 15189, NULL, 'FB 05: Medien', NULL, NULL, NULL, 'S-Trakt', 1, 'S 1.14', NULL, NULL, NULL, 'Geb. 4', 3, '558      ', '04.3.035', NULL, NULL, NULL, NULL, NULL, 'PC Pool', NULL, NULL, NULL, NULL, NULL, 27, 1, 'Gestellwagen für Tageslichtproje', 'sonstige', 77, 38, 83, 0.242858, NULL, NULL, NULL, NULL, NULL, NULL, NULL, 'B', 1, NULL, NULL, NULL, NULL, 'P5070155-P5070169', NULL, NULL, NULL, NULL, NULL, NULL, NULL, NULL, NULL),
(1, 15190, NULL, 'FB 05: Medien', NULL, NULL, NULL, 'S-Trakt', 1, 'S 1.14', NULL, NULL, NULL, NULL, NULL, NULL, NULL, NULL, NULL, NULL, NULL, NULL, 'PC Pool', NULL, NULL, NULL, NULL, NULL, 26, 1, 'Tageslichtprojektor', 'Medientechnik', 40, 40, 60, 0.096, NULL, NULL, NULL, NULL, NULL, NULL, NULL, 'B', 1, NULL, NULL, NULL, NULL, 'P5070155-P5070169', NULL, NULL, NULL, NULL, NULL, NULL, NULL, NULL, NULL),
(1, 15191, NULL, 'FB 05: Medien', NULL, NULL, NULL, 'S-Trakt', 1, 'S 1.14', NULL, NULL, NULL, 'Geb. 4', 3, '558      ', '04.3.035', NULL, NULL, NULL, NULL, NULL, 'PC Pool', NULL, NULL, NULL, NULL, NULL, 148, 1, 'Etagenwagen', 'Mobiliar sonstige', 52, 37, 94, 0.180856, NULL, '3      ', 'Kunststoff', NULL, 'nw', 'nw', 'rollbar', 'B', 1, NULL, NULL, '(z.B. auch Bücherwagen)', NULL, 'P5070155-P5070169', NULL, NULL, NULL, NULL, NULL, NULL, NULL, NULL, NULL),
(1, 15192, NULL, 'FB 05: Medien', NULL, NULL, NULL, 'S-Trakt', 1, 'S 1.14', NULL, NULL, NULL, NULL, NULL, NULL, NULL, NULL, NULL, NULL, NULL, NULL, 'PC Pool', NULL, NULL, NULL, NULL, NULL, 20, 2, 'Lautsprecher', 'Medientechnik', 45, 45, 132, 0.5346, NULL, NULL, NULL, NULL, NULL, NULL, NULL, 'B', 1, 'ja', NULL, NULL, NULL, 'P5070155-P5070169', NULL, NULL, NULL, NULL, NULL, NULL, NULL, NULL, NULL),
(1, 15193, NULL, 'FB 05: Medien', NULL, NULL, NULL, 'S-Trakt', 1, 'S 1.14', NULL, NULL, NULL, 'Geb. 4', 3, '558      ', '04.3.035', NULL, NULL, NULL, NULL, NULL, 'PC Pool', NULL, NULL, NULL, NULL, NULL, 144, 1, 'Kühlschrank', 'Kühlschrank', 60, 60, 85, 0.306, NULL, NULL, NULL, 'ws', NULL, NULL, NULL, 'B', 1, NULL, NULL, NULL, NULL, 'P5070155-P5070169', NULL, NULL, NULL, NULL, NULL, NULL, NULL, NULL, NULL),
(1, 15194, NULL, 'FB 05: Medien', NULL, NULL, NULL, 'S-Trakt', 1, 'S 1.14', NULL, NULL, NULL, NULL, NULL, NULL, NULL, NULL, NULL, NULL, NULL, NULL, 'PC Pool', NULL, NULL, NULL, NULL, NULL, 158, 6, 'Papierkorb', 'sonstige', 30, 30, 30, 0.162, NULL, NULL, NULL, NULL, NULL, NULL, NULL, 'B', 1, NULL, NULL, NULL, NULL, 'P5070155-P5070169', NULL, NULL, NULL, NULL, NULL, NULL, NULL, NULL, NULL),
(1, 15195, NULL, 'FB 05: Medien', NULL, NULL, NULL, 'S-Trakt', 1, 'S 1.14', NULL, NULL, NULL, NULL, NULL, NULL, NULL, NULL, NULL, NULL, NULL, NULL, 'PC Pool', NULL, NULL, NULL, NULL, NULL, 155, 1, 'Elefantenfuss', 'sonstige', 40, 40, 40, 0.064, NULL, 'Kunststoff', NULL, 'ggf. Farbe', NULL, NULL, NULL, 'B', 1, NULL, NULL, NULL, NULL, 'P5070155-P5070169', NULL, NULL, NULL, NULL, NULL, NULL, NULL, NULL, NULL),
(1, 15196, NULL, 'FB 05: Medien', NULL, NULL, NULL, 'S-Trakt', 1, 'S 1.14', NULL, NULL, NULL, NULL, NULL, NULL, NULL, NULL, NULL, NULL, NULL, NULL, 'PC Pool', NULL, NULL, NULL, NULL, NULL, 142, 2, 'Tischventilator', 'sonstige', 30, 30, 40, 0.072, NULL, NULL, NULL, NULL, NULL, NULL, NULL, 'B', 1, NULL, NULL, NULL, NULL, 'P5070155-P5070169', NULL, NULL, NULL, NULL, NULL, NULL, NULL, NULL, NULL),
(1, 15197, NULL, 'FB 05: Medien', NULL, NULL, NULL, 'S-Trakt', 1, 'S 1.14', NULL, NULL, NULL, NULL, NULL, NULL, NULL, NULL, NULL, NULL, NULL, NULL, 'PC Pool', NULL, NULL, NULL, NULL, NULL, 10, 45, 'PC, Tower/Desktop', 'IT', 50, 20, 60, 2.7, NULL, NULL, NULL, NULL, NULL, NULL, NULL, 'B', 1, 'ja', NULL, '(einschl. Tastatur, Maus)', NULL, 'P5070155-P5070169', NULL, NULL, NULL, NULL, NULL, NULL, NULL, NULL, NULL),
(1, 15198, NULL, 'FB 05: Medien', NULL, NULL, NULL, 'S-Trakt', 1, 'S 1.14', NULL, NULL, NULL, NULL, NULL, NULL, NULL, NULL, NULL, NULL, NULL, NULL, 'PC Pool', NULL, NULL, NULL, NULL, NULL, 14, 38, 'Flachbildschirm', 'IT', 60, 20, 40, 1.824, NULL, NULL, NULL, NULL, NULL, NULL, NULL, 'B', 1, 'ja', NULL, NULL, NULL, 'P5070155-P5070169', NULL, NULL, NULL, NULL, NULL, NULL, NULL, NULL, NULL),
(1, 15199, NULL, 'FB 05: Medien', NULL, NULL, NULL, 'S-Trakt', 1, 'S 1.14', NULL, NULL, NULL, NULL, NULL, NULL, NULL, NULL, NULL, NULL, NULL, NULL, 'PC Pool', NULL, NULL, NULL, NULL, NULL, 28, 5, 'Röhrenmonitor', 'IT', 60, 60, 50, 0.9, NULL, NULL, NULL, NULL, NULL, NULL, NULL, 'B', 1, 'ja', NULL, NULL, NULL, 'P5070155-P5070169', NULL, NULL, NULL, NULL, NULL, NULL, NULL, NULL, NULL),
(1, 15200, NULL, 'FB 05: Medien', NULL, NULL, NULL, 'S-Trakt', 1, 'S 1.14', NULL, NULL, NULL, NULL, NULL, NULL, NULL, NULL, NULL, NULL, NULL, NULL, 'PC Pool', NULL, NULL, NULL, NULL, NULL, 10, 20, 'PC, Tower/Desktop', 'IT', 50, 20, 60, 1.2, NULL, NULL, NULL, NULL, NULL, NULL, NULL, 'C', 0, 'ja', NULL, 'werden vor dem Umzug evtl. noch ', NULL, 'P5070155-P5070169', NULL, NULL, NULL, NULL, NULL, NULL, NULL, NULL, NULL),
(1, 15201, NULL, 'FB 05: Medien', NULL, NULL, NULL, 'S-Trakt', 1, 'S 1.14', NULL, NULL, NULL, NULL, NULL, NULL, NULL, NULL, NULL, NULL, NULL, NULL, 'PC Pool', NULL, NULL, NULL, NULL, NULL, 15, 4, 'Drucker', 'IT', 50, 50, 50, 0.5, NULL, NULL, NULL, NULL, NULL, NULL, NULL, 'B', 1, 'ja', NULL, NULL, NULL, 'P5070155-P5070169', NULL, NULL, NULL, NULL, NULL, NULL, NULL, NULL, NULL),
(1, 15202, NULL, 'FB 05: Medien', NULL, NULL, NULL, 'S-Trakt', 1, 'S 1.14', NULL, NULL, NULL, NULL, NULL, NULL, NULL, NULL, NULL, NULL, NULL, NULL, 'PC Pool', NULL, NULL, NULL, NULL, NULL, 17, 2, 'Telefon', 'TK', 20, 20, 10, 0.008, NULL, NULL, NULL, NULL, NULL, 'Tel.-Nummer', NULL, 'B', 1, 'ja', NULL, NULL, NULL, 'P5070155-P5070169', NULL, NULL, NULL, NULL, NULL, NULL, NULL, NULL, NULL),
(1, 15203, NULL, 'FB 05: Medien', NULL, NULL, NULL, 'S-Trakt', 1, 'S 1.14', NULL, NULL, NULL, NULL, NULL, NULL, NULL, NULL, NULL, NULL, NULL, NULL, 'PC Pool', NULL, NULL, NULL, NULL, NULL, 24, 1, 'Beamer', 'Medientechnik', 40, 40, 20, 0.032, NULL, NULL, NULL, NULL, NULL, NULL, NULL, 'B', 1, NULL, NULL, NULL, NULL, 'P5070155-P5070169', NULL, NULL, NULL, NULL, NULL, NULL, NULL, NULL, NULL),
(1, 15204, NULL, 'FB 05: Medien', NULL, NULL, NULL, 'S-Trakt', 1, 'S 1.14', NULL, NULL, NULL, NULL, NULL, NULL, NULL, NULL, NULL, NULL, NULL, NULL, 'PC Pool', NULL, NULL, NULL, NULL, NULL, 200, 1, 'Technisches Gerät Kamera mit Sta', 'Laborgerät', 50, 50, 120, 0.3, NULL, NULL, 'Metall/Kunststoff', 'sw', NULL, NULL, 'Geräteprofilblatt?\nja\nnein', 'B', 1, NULL, NULL, NULL, NULL, 'P5070155-P5070169', NULL, NULL, NULL, NULL, NULL, NULL, NULL, NULL, NULL),
(1, 15205, NULL, 'FB 05: Medien', NULL, NULL, NULL, 'S-Trakt', 1, 'S 1.14', NULL, NULL, NULL, NULL, NULL, NULL, NULL, NULL, NULL, NULL, NULL, NULL, 'PC Pool', NULL, NULL, NULL, NULL, NULL, 1, 8, 'Umzugskarton', 'Umzugskarton', 59, 38, 35, 0.62776, NULL, NULL, NULL, NULL, NULL, NULL, NULL, NULL, 1, NULL, NULL, NULL, NULL, 'P5070155-P5070169', NULL, NULL, NULL, NULL, NULL, NULL, NULL, NULL, NULL),
(1, 15206, NULL, 'FB 05: Medien', NULL, NULL, NULL, 'S-Trakt', 1, 'S 1.14', NULL, NULL, NULL, NULL, NULL, NULL, NULL, NULL, NULL, NULL, NULL, NULL, 'PC Pool', NULL, NULL, NULL, NULL, NULL, 3, 5, 'lfm Akten', 'Akten', 100, 30, 33, 0.495, NULL, NULL, NULL, NULL, NULL, NULL, NULL, NULL, 1, NULL, NULL, NULL, NULL, 'P5070155-P5070169', NULL, NULL, NULL, NULL, NULL, NULL, NULL, NULL, NULL),
(1, 15309, NULL, 'FB 05: Medien', NULL, NULL, NULL, 'E-Trakt', 3, 'E 4.42', NULL, NULL, NULL, 'Geb. 4', 1, '65      ', '04.1.017', NULL, NULL, NULL, NULL, NULL, 'Seminarraum', NULL, NULL, NULL, NULL, NULL, 51, 13, 'Besprechungstisch', 'Mobiliar Seminar', 140, 80, 72, 10.4832, NULL, '4      ', 're', 'Holz/Dekor', 'lg/lg/dgr Umleimer', 'gr', 'Vierkantrahmen ', 'A', 0, NULL, NULL, NULL, NULL, 'P5070213-P5070218', NULL, NULL, NULL, NULL, NULL, NULL, NULL, NULL, NULL),
(1, 15310, NULL, 'FB 05: Medien', NULL, NULL, NULL, 'E-Trakt', 3, 'E 4.42', NULL, NULL, NULL, 'Geb. 4', 1, '65      ', '04.1.017', NULL, NULL, NULL, NULL, NULL, 'Seminarraum', NULL, NULL, NULL, NULL, NULL, 42, 26, 'Seminarstuhl', 'Mobiliar Seminar', 45, 50, 70, 4.095, NULL, '4      ', 'Holz', 'bu', NULL, 'chr', NULL, 'A', 0, NULL, NULL, NULL, NULL, 'P5070213-P5070218', NULL, NULL, NULL, NULL, NULL, NULL, NULL, NULL, NULL),
(1, 15311, NULL, 'FB 05: Medien', NULL, NULL, NULL, 'E-Trakt', 3, 'E 4.42', NULL, NULL, NULL, NULL, NULL, NULL, NULL, NULL, NULL, NULL, NULL, NULL, 'Seminarraum', NULL, NULL, NULL, NULL, NULL, 24, 1, 'Beamer', 'Medientechnik', 50, 40, 20, 0.04, NULL, NULL, NULL, NULL, 'deckenmontiert', NULL, NULL, 'A', 1, NULL, NULL, 'Deckenbefestigt', NULL, 'P5070213-P5070218', NULL, NULL, NULL, NULL, NULL, NULL, NULL, NULL, NULL),
(1, 15312, NULL, 'FB 05: Medien', NULL, NULL, NULL, 'E-Trakt', 3, 'E 4.42', NULL, NULL, NULL, NULL, NULL, NULL, NULL, NULL, NULL, NULL, NULL, NULL, 'Seminarraum', NULL, NULL, NULL, NULL, NULL, 161, 2, 'Pinnwand auf Gestell mit Fußausl', 'Whiteboard, Tafel', 120, 60, 190, 2.736, NULL, NULL, 'Kork', 'blau', NULL, 'sw', NULL, 'A', 1, '#BEZUG!', NULL, NULL, NULL, 'P5070213-P5070218', NULL, NULL, NULL, NULL, NULL, NULL, NULL, NULL, NULL),
(1, 15313, NULL, 'FB 05: Medien', NULL, NULL, NULL, 'E-Trakt', 3, 'E 4.42', NULL, NULL, NULL, NULL, NULL, NULL, NULL, NULL, NULL, NULL, NULL, NULL, 'Seminarraum', NULL, NULL, NULL, NULL, NULL, 169, 4, 'Schultafel wandverschraubt', 'Whiteboard, Tafel', 300, 15, 105, 1.89, NULL, NULL, NULL, 'ws', NULL, 'ws', NULL, 'A', 1, 'ja', NULL, 'mit Stiften zu beschriften', NULL, 'P5070213-P5070218', NULL, NULL, NULL, NULL, NULL, NULL, NULL, NULL, NULL),
(1, 15314, NULL, 'FB 05: Medien', NULL, NULL, NULL, 'E-Trakt', 3, 'E 4.42', NULL, NULL, NULL, 'Geb. 4', 1, '65      ', '04.1.017', NULL, NULL, NULL, NULL, NULL, 'Seminarraum', NULL, NULL, NULL, NULL, NULL, 27, 1, 'Gestellwagen für Tageslichtproje', 'sonstige', 77, 38, 85, 0.24871, NULL, NULL, NULL, NULL, NULL, NULL, NULL, 'B', 1, NULL, NULL, NULL, NULL, 'P5070213-P5070218', NULL, NULL, NULL, NULL, NULL, NULL, NULL, NULL, NULL),
(1, 15315, NULL, 'FB 05: Medien', NULL, NULL, NULL, 'E-Trakt', 3, 'E 4.42', NULL, NULL, NULL, NULL, NULL, NULL, NULL, NULL, NULL, NULL, NULL, NULL, 'Seminarraum', NULL, NULL, NULL, NULL, NULL, 26, 1, 'Tageslichtprojektor', 'Medientechnik', 40, 40, 60, 0.096, NULL, NULL, NULL, NULL, NULL, NULL, NULL, 'B', 1, NULL, NULL, NULL, NULL, 'P5070213-P5070218', NULL, NULL, NULL, NULL, NULL, NULL, NULL, NULL, NULL),
(1, 15316, NULL, 'FB 05: Medien', NULL, NULL, NULL, 'E-Trakt', 3, 'E 4.42', NULL, NULL, NULL, NULL, NULL, NULL, NULL, NULL, NULL, NULL, NULL, NULL, 'Seminarraum', NULL, NULL, NULL, NULL, NULL, 17, 1, 'Telefon', 'TK', 20, 20, 10, 0.004, NULL, NULL, NULL, NULL, NULL, 'Tel.-Nummer', NULL, 'B', 1, 'ja', NULL, NULL, NULL, 'P5070213-P5070218', NULL, NULL, NULL, NULL, NULL, NULL, NULL, NULL, NULL),
(1, 15317, NULL, 'FB 05: Medien', NULL, NULL, NULL, 'E-Trakt', 3, 'E 4.42', NULL, NULL, NULL, NULL, NULL, NULL, NULL, NULL, NULL, NULL, NULL, NULL, 'Seminarraum', NULL, NULL, NULL, NULL, NULL, 158, 1, 'Papierkorb', 'sonstige', 30, 30, 30, 0.027, NULL, NULL, NULL, NULL, NULL, NULL, NULL, 'B', 1, NULL, NULL, NULL, NULL, 'P5070213-P5070218', NULL, NULL, NULL, NULL, NULL, NULL, NULL, NULL, NULL),
(1, 15318, NULL, 'FB 05: Medien', NULL, NULL, NULL, 'E-Trakt', 3, 'E 4.42', NULL, NULL, NULL, 'Geb. 4', 1, '65      ', '04.1.017', NULL, NULL, NULL, NULL, NULL, 'Seminarraum', NULL, NULL, NULL, NULL, NULL, 148, 1, 'Etagenwagen', 'Mobiliar sonstige', 55, 45, 75, 0.185625, NULL, '2      ', 'Metall/dgr', NULL, '2      ', 'dgr', 'rollbar', 'A', 1, NULL, NULL, '(z.B. auch Bücherwagen)', NULL, 'P5070213-P5070218', NULL, NULL, NULL, NULL, NULL, NULL, NULL, NULL, NULL),
(1, 15319, NULL, 'FB 05: Medien', NULL, NULL, NULL, 'E-Trakt', 4, 'E 5.42', NULL, NULL, NULL, 'Geb. 4', 0, '66      ', '04.E.029', NULL, NULL, NULL, NULL, NULL, 'Seminarraum', NULL, NULL, NULL, NULL, NULL, 51, 11, 'Besprechungstisch', 'Mobiliar Seminar', 140, 80, 72, 8.8704, NULL, '4      ', 're', 'Holz/Dekor', 'lg/lg/dgr Umleimer', 'gr', 'Vierkantrahmen ', 'A', 0, NULL, NULL, NULL, NULL, 'P5070219-P5070224', NULL, NULL, NULL, NULL, NULL, NULL, NULL, NULL, NULL),
(1, 15320, NULL, 'FB 05: Medien', NULL, NULL, NULL, 'E-Trakt', 4, 'E 5.42', NULL, NULL, NULL, 'Geb. 4', 0, '66      ', '04.E.029', NULL, NULL, NULL, NULL, NULL, 'Seminarraum', NULL, NULL, NULL, NULL, NULL, 30, 25, 'Bürodrehstuhl ohne Armlehne', 'Büromobiliar Sitzmöbel', 50, 50, 110, 6.875, NULL, NULL, 'Stoff', 'dgr', NULL, 'sw', NULL, 'B', 1, NULL, NULL, NULL, NULL, 'P5070219-P5070224', NULL, NULL, NULL, NULL, NULL, NULL, NULL, NULL, NULL),
(1, 15321, NULL, 'FB 05: Medien', NULL, NULL, NULL, 'E-Trakt', 4, 'E 5.42', NULL, NULL, NULL, 'Geb. 4', 0, '66      ', '04.E.029', NULL, NULL, NULL, NULL, NULL, 'Seminarraum', NULL, NULL, NULL, NULL, NULL, 42, 1, 'Seminarstuhl', 'Mobiliar Seminar', 45, 50, 70, 0.1575, NULL, '4      ', 'Holz', 'bu', NULL, 'chr', NULL, 'B', 0, NULL, NULL, NULL, NULL, 'P5070219-P5070224', NULL, NULL, NULL, NULL, NULL, NULL, NULL, NULL, NULL),
(1, 15322, NULL, 'FB 05: Medien', NULL, NULL, NULL, 'E-Trakt', 4, 'E 5.42', NULL, NULL, NULL, 'Geb. 4', 0, '66      ', '04.E.029', NULL, NULL, NULL, NULL, NULL, 'Seminarraum', NULL, NULL, NULL, NULL, NULL, 99, 2, 'Stehpult mit abgerundeter Platte', 'Mobiliar sonstige', 85, 60, 100, 1.02, NULL, 'Tellerfuß eckig', 'mhv', 'Holz/Dekor', 'bu', 'gr', NULL, 'A', 1, '#BEZUG!', NULL, NULL, NULL, 'P5070219-P5070224', NULL, NULL, NULL, NULL, NULL, NULL, NULL, NULL, NULL),
(1, 15323, NULL, 'FB 05: Medien', NULL, NULL, NULL, 'E-Trakt', 4, 'E 5.42', NULL, NULL, NULL, 'Geb. 4', 0, '66      ', '04.E.029', NULL, NULL, NULL, NULL, NULL, 'Seminarraum', NULL, NULL, NULL, NULL, NULL, 27, 1, 'Gestellwagen für Tageslichtproje', 'sonstige', 55, 50, 100, 0.275, NULL, NULL, NULL, NULL, NULL, NULL, NULL, 'B', 1, NULL, NULL, NULL, NULL, 'P5070219-P5070224', NULL, NULL, NULL, NULL, NULL, NULL, NULL, NULL, NULL),
(1, 15324, NULL, 'FB 05: Medien', NULL, NULL, NULL, 'E-Trakt', 4, 'E 5.42', NULL, NULL, NULL, NULL, NULL, NULL, NULL, NULL, NULL, NULL, NULL, NULL, 'Seminarraum', NULL, NULL, NULL, NULL, NULL, 26, 1, 'Tageslichtprojektor', 'Medientechnik', 40, 40, 60, 0.096, NULL, NULL, NULL, NULL, NULL, NULL, NULL, 'B', 1, NULL, NULL, NULL, NULL, 'P5070219-P5070224', NULL, NULL, NULL, NULL, NULL, NULL, NULL, NULL, NULL),
(1, 15325, NULL, 'FB 05: Medien', NULL, NULL, NULL, 'E-Trakt', 4, 'E 5.42', NULL, NULL, NULL, NULL, NULL, NULL, NULL, NULL, NULL, NULL, NULL, NULL, 'Seminarraum', NULL, NULL, NULL, NULL, NULL, 24, 1, 'Beamer', 'Medientechnik', 50, 50, 60, 0.15, NULL, NULL, NULL, 'Holz/Dekor', 'Deckenbefestigt', 'ws', NULL, 'B', 1, NULL, NULL, 'im Holzkasten', NULL, 'P5070219-P5070224', NULL, NULL, NULL, NULL, NULL, NULL, NULL, NULL, NULL),
(1, 15326, NULL, 'FB 05: Medien', NULL, NULL, NULL, 'E-Trakt', 4, 'E 5.42', NULL, NULL, NULL, 'Geb. 4', 0, '66      ', '04.E.029', NULL, NULL, NULL, NULL, NULL, 'Seminarraum', NULL, NULL, NULL, NULL, NULL, 168, 1, 'Schultafel auf Rollgestell', 'Whiteboard, Tafel', 140, 70, 195, 1.911, NULL, NULL, NULL, 'grün', NULL, 'alu/silber', NULL, 'B', 1, '#BEZUG!', NULL, '(mobil)', NULL, 'P5070219-P5070224', NULL, NULL, NULL, NULL, NULL, NULL, NULL, NULL, NULL),
(1, 15327, NULL, 'FB 05: Medien', NULL, NULL, NULL, 'E-Trakt', 4, 'E 5.42', NULL, NULL, NULL, NULL, NULL, NULL, NULL, NULL, NULL, NULL, NULL, NULL, 'Seminarraum', NULL, NULL, NULL, NULL, NULL, 158, 1, 'Papierkorb', 'sonstige', 30, 30, 30, 0.027, NULL, NULL, NULL, NULL, NULL, NULL, NULL, 'B', 1, NULL, NULL, NULL, NULL, 'P5070219-P5070224', NULL, NULL, NULL, NULL, NULL, NULL, NULL, NULL, NULL),
(1, 15328, NULL, 'FB 05: Medien', NULL, NULL, NULL, 'E-Trakt', 4, 'E 5.42', NULL, NULL, NULL, NULL, NULL, NULL, NULL, NULL, NULL, NULL, NULL, NULL, 'Seminarraum', NULL, NULL, NULL, NULL, NULL, 20, 4, 'Lautsprecher', 'Medientechnik', 15, 20, 25, 0.03, NULL, NULL, NULL, NULL, NULL, NULL, NULL, 'B', 1, 'ja', NULL, NULL, NULL, 'P5070219-P5070224', NULL, NULL, NULL, NULL, NULL, NULL, NULL, NULL, NULL),
(1, 15329, NULL, 'FB 05: Medien', NULL, NULL, NULL, 'E-Trakt', 4, 'E 5.42', NULL, NULL, NULL, NULL, NULL, NULL, NULL, NULL, NULL, NULL, NULL, NULL, 'Seminarraum', NULL, NULL, NULL, NULL, NULL, 17, 1, 'Telefon', 'TK', 20, 20, 10, 0.004, NULL, NULL, NULL, NULL, NULL, 'Tel.-Nummer', NULL, 'B', 1, 'ja', NULL, NULL, NULL, 'P5070219-P5070224', NULL, NULL, NULL, NULL, NULL, NULL, NULL, NULL, NULL),
(1, 15330, NULL, 'FB 05: Medien', NULL, NULL, NULL, 'E-Trakt', 4, 'E 5.42', NULL, NULL, NULL, NULL, NULL, NULL, NULL, NULL, NULL, NULL, NULL, NULL, 'Seminarraum', NULL, NULL, NULL, NULL, NULL, NULL, 1, 'Lautsprecher', 'Medientechnik', 90, 90, 180, 1.458, NULL, NULL, 'Kunststoff/Metall', 'sw', NULL, NULL, NULL, 'A', 1, NULL, NULL, 'Lautsprecher auf Stativ', NULL, 'P5070219-P5070224', NULL, NULL, NULL, NULL, NULL, NULL, NULL, NULL, NULL),
(1, 15366, NULL, 'FB 05: Medien', NULL, NULL, NULL, 'H-Trakt', 1, 'H 1.19', NULL, NULL, NULL, NULL, NULL, NULL, NULL, NULL, NULL, NULL, NULL, NULL, 'Vorraum zu Büro H 1.19', NULL, 'Antes', 'Christopher', NULL, NULL, 111, 1, 'Aktenschrank', 'Büromobiliar', 180, 42, 215, 1.6254, NULL, 'F', 'Sockel/dgr', 'lg', 'lg', NULL, NULL, 'C', 0, '#BEZUG!', NULL, 'Einbauschränke', NULL, 'P5070135-P5070146', NULL, NULL, NULL, NULL, NULL, NULL, NULL, NULL, NULL),
(1, 15367, NULL, 'FB 05: Medien', NULL, NULL, NULL, 'H-Trakt', 1, 'H 1.19', NULL, NULL, NULL, NULL, NULL, NULL, NULL, NULL, NULL, NULL, NULL, NULL, 'Vorraum zu Büro H 1.19', NULL, 'Salgert', 'Björn', NULL, NULL, 60, 1, 'Schreibtisch demontiert', 'Büromobiliar', 160, 80, 72, 0.9216, NULL, 'T ', 'mhv', 'Holz/Dekor', 'lg/lg/dgr Umleimer', 'gr', NULL, 'A', 1, '#BEZUG!', NULL, 'Platte, Kabelkanal, Gestell steh', NULL, 'P5070135-P5070146', NULL, NULL, NULL, NULL, NULL, NULL, NULL, NULL, NULL),
(1, 15368, NULL, 'FB 05: Medien', NULL, NULL, NULL, 'H-Trakt', 1, 'H 1.19', NULL, NULL, NULL, NULL, NULL, NULL, NULL, NULL, NULL, NULL, NULL, NULL, 'Vorraum zu Büro H 1.19', NULL, 'Lambert', 'Jens', NULL, NULL, 111, 1, 'Aktenschrank', 'Büromobiliar', 100, 44, 187, 0.8228, 'WINI', 'F', 'Sockel/dgr', 'lg', 'lg', NULL, NULL, 'A', 1, '#BEZUG!', NULL, '(ab 4 OH,\n40 bis 120 breit)', NULL, 'P5070135-P5070146', NULL, NULL, NULL, NULL, NULL, NULL, NULL, NULL, NULL),
(1, 15369, NULL, 'FB 05: Medien', NULL, NULL, NULL, 'H-Trakt', 1, 'H 1.19', NULL, NULL, NULL, NULL, NULL, NULL, NULL, NULL, NULL, NULL, NULL, NULL, 'Vorraum zu Büro H 1.19', NULL, NULL, NULL, NULL, NULL, 99, 1, 'Stehpult', 'Mobiliar sonstige', 70, 55, 76, 0.2926, NULL, 'rollbar', 'mhv', 'Holz/Dekor', 'nw', 'gr', NULL, 'A', 1, '#BEZUG!', NULL, NULL, NULL, 'P5070135-P5070146', NULL, NULL, NULL, NULL, NULL, NULL, NULL, NULL, NULL),
(1, 15370, NULL, 'FB 05: Medien', NULL, NULL, NULL, 'H-Trakt', 1, 'H 1.19', NULL, NULL, NULL, NULL, NULL, NULL, NULL, NULL, NULL, NULL, NULL, NULL, 'Vorraum zu Büro H 1.19', NULL, NULL, NULL, NULL, NULL, 31, 1, 'Bürodrehstuhl mit Armlehne', 'Büromobiliar Sitzmöbel', 60, 60, 110, 0.396, NULL, NULL, 'Stoff', 'br', NULL, 'sw', NULL, 'B', 1, NULL, NULL, NULL, NULL, 'P5070135-P5070146', NULL, NULL, NULL, NULL, NULL, NULL, NULL, NULL, NULL),
(1, 15371, NULL, 'FB 05: Medien', NULL, NULL, NULL, 'H-Trakt', 1, 'H 1.19', NULL, NULL, NULL, NULL, NULL, NULL, NULL, NULL, NULL, NULL, NULL, NULL, 'Vorraum zu Büro H 1.19', NULL, NULL, NULL, NULL, NULL, 31, 1, 'Bürodrehstuhl mit Armlehne', 'Büromobiliar Sitzmöbel', 60, 60, 110, 0.396, NULL, NULL, 'Stoff', 'anthrazit', NULL, 'sw', NULL, 'B', 1, NULL, NULL, NULL, NULL, 'P5070135-P5070146', NULL, NULL, NULL, NULL, NULL, NULL, NULL, NULL, NULL),
(1, 15372, NULL, 'FB 05: Medien', NULL, NULL, NULL, 'H-Trakt', 1, 'H 1.19', NULL, NULL, NULL, NULL, NULL, NULL, NULL, NULL, NULL, NULL, NULL, NULL, 'Vorraum zu Büro H 1.19', NULL, NULL, NULL, NULL, NULL, 143, 1, 'Standventilator', 'sonstige', 30, 30, 80, 0.072, NULL, NULL, NULL, NULL, NULL, NULL, NULL, 'B', 1, NULL, NULL, NULL, NULL, 'P5070135-P5070146', NULL, NULL, NULL, NULL, NULL, NULL, NULL, NULL, NULL),
(1, 15373, NULL, 'FB 05: Medien', NULL, NULL, NULL, 'H-Trakt', 1, 'H 1.19', NULL, NULL, NULL, NULL, NULL, NULL, NULL, NULL, NULL, NULL, NULL, NULL, 'Vorraum zu Büro H 1.19', NULL, NULL, NULL, NULL, NULL, 138, 1, 'Regal', 'Büromobiliar', 65, 28, 80, 0.1456, NULL, NULL, 'Gleiter', 'Holz', 'bu', NULL, NULL, 'B', 1, '#BEZUG!', NULL, 'keine Rückwand, keine Seiten, ei', NULL, 'P5070135-P5070146', NULL, NULL, NULL, NULL, NULL, NULL, NULL, NULL, NULL),
(1, 15374, NULL, 'FB 05: Medien', NULL, NULL, NULL, 'H-Trakt', 1, 'H 1.19', NULL, NULL, NULL, NULL, NULL, NULL, NULL, NULL, NULL, NULL, NULL, NULL, 'Vorraum zu Büro H 1.19', NULL, NULL, NULL, NULL, NULL, 1, 2, 'Umzugskarton', 'Umzugskarton', 59, 38, 35, 0.15694, NULL, NULL, NULL, NULL, NULL, NULL, NULL, NULL, 1, NULL, NULL, NULL, NULL, 'P5070135-P5070146', NULL, NULL, NULL, NULL, NULL, NULL, NULL, NULL, NULL),
(1, 15375, NULL, 'FB 05: Medien', NULL, NULL, NULL, 'H-Trakt', 1, 'H 1.19', NULL, NULL, NULL, NULL, NULL, NULL, NULL, NULL, NULL, NULL, NULL, NULL, 'Salgert', 'Björn', NULL, NULL, NULL, NULL, 60, 1, 'Schreibtisch', 'Büromobiliar', 180, 80, 72, 1.0368, 'WINI', 'T ', 'mhv', 'Holz/Dekor', 'lg/lg/dgr Umleimer', 'gr', NULL, 'A', 1, '#BEZUG!', NULL, '(regelmäßiges Viereck, Rechteck,', NULL, 'P5070135-P5070146', NULL, NULL, NULL, NULL, NULL, NULL, NULL, NULL, NULL),
(1, 15376, NULL, 'FB 05: Medien', NULL, NULL, NULL, 'H-Trakt', 1, 'H 1.19', NULL, NULL, NULL, NULL, NULL, NULL, NULL, NULL, NULL, NULL, NULL, NULL, 'Salgert', 'Björn', NULL, NULL, NULL, 'rc', 101, 1, 'Rollcontainer', 'Büromobiliar', 45, 80, 56, 0.2016, NULL, NULL, 'Metall', 'nw', 'nw', 'nw', NULL, 'B', 1, NULL, NULL, NULL, NULL, 'P5070135-P5070146', NULL, NULL, NULL, NULL, NULL, NULL, NULL, NULL, NULL),
(1, 15377, NULL, 'FB 05: Medien', NULL, NULL, NULL, 'H-Trakt', 1, 'H 1.19', NULL, NULL, NULL, NULL, NULL, NULL, NULL, NULL, NULL, NULL, NULL, NULL, 'Salgert', 'Björn', NULL, NULL, NULL, NULL, 31, 1, 'Bürodrehstuhl mit Armlehne', 'Büromobiliar Sitzmöbel', 60, 60, 110, 0.396, NULL, NULL, 'Stoff', 'anthrazit', NULL, 'sw', NULL, 'B', 1, NULL, NULL, NULL, NULL, 'P5070135-P5070146', NULL, NULL, NULL, NULL, NULL, NULL, NULL, NULL, NULL);
INSERT INTO `data_import` (`A__Zähler`, `B__Index`, `C__Erfassungsdatum`, `D__Dezernat\/Fachbereich`, `E__Raumnutzungsart`, `F__Land-KZ`, `G__Liegenschafts-Nr. Bestand`, `H__Bauteil-Nr. Bestand`, `I__Etage Bestand`, `J__Raum-Nr. Bestand`, `K__AP-Nr. Bestand`, `L__a1`, `M__Liegenschafts-Nr. neu`, `N__Bauteil-Nr. neu`, `O__Etage neu`, `P__Raum-Nr. neu (PPD-Nr.)`, `Q__Raum-Nr. neu (Raum-ID)`, `R__AP-Nr. neu`, `S__a1`, `T__Anzahl AP im Quell-Raum`, `U__a3`, `V__Name UZK`, `W__Nachname MA / Raumbezeichung`, `X__Vorname MA`, `Y__Titel`, `Z__Tel. MA`, `AA_a4`, `AB_Kürzel`, `AC_Code`, `AD_Anzahl`, `AE_Bezeichnung`, `AF_Cluster Bezeichnung`, `AG_B`, `AH_T`, `AI_H`, `AJ_Volumen in cbm`, `AK_Hersteller/`, `AL_Modell/ Ausfuehrung/Material/Fuss/Form/hv/Fuss /Türart/Anzahl`, `AM_Sitz-Lehne-Bezug/Polsterung/Sockel/u.a.`, `AN_Farbe_Sitz-Lehne_Bezug/Material_Platte/Farbe_Deckplatte/Farbe`, `AO_Rechnername/Zollgroesse/Druckername/Montageart/Farbe_Korpus/F`, `AP_Seitenverh./Tel-Fax-Nr/Farbe_Fuss_/Farbe_Gestell/Farbe_Front/`, `AQ_Weitere Eigenschaft/Rollentyp/drehbar/stapelbar/Rahmenausfueh`, `AR_Zustand`, `AS_Umzug (1/0)`, `AT_De(na) Remon(na)tage erfor(na)derlich`, `AU_Inventar-Nr.`, `AV_Bemerkungen`, `AW_Barcode`, `AX_Bild Nr 1`, `AY_Bild Nr 2`, `AZ_Bild Nr 3`, `BA_Bild Nr 4`, `BB_Bild Nr 5`, `BC_Bild Nr 6`, `BD_Skizze Nr.`, `BE`, `BF`, `BG`) VALUES
(1, 15378, NULL, 'FB 05: Medien', NULL, NULL, NULL, 'H-Trakt', 1, 'H 1.19', NULL, NULL, NULL, NULL, NULL, NULL, NULL, NULL, NULL, NULL, NULL, NULL, 'Salgert', 'Björn', NULL, NULL, NULL, NULL, 158, 2, 'Papierkorb', 'sonstige', 30, 30, 30, 0.054, NULL, NULL, NULL, NULL, NULL, NULL, NULL, 'B', 1, NULL, NULL, NULL, NULL, 'P5070135-P5070146', NULL, NULL, NULL, NULL, NULL, NULL, NULL, NULL, NULL),
(1, 15379, NULL, 'FB 05: Medien', NULL, NULL, NULL, 'H-Trakt', 1, 'H 1.19', NULL, NULL, NULL, NULL, NULL, NULL, NULL, NULL, NULL, NULL, NULL, NULL, 'Salgert', 'Björn', NULL, NULL, NULL, NULL, 13, 1, 'Dockingstation', 'IT', 40, 20, 10, 0.008, NULL, NULL, NULL, NULL, NULL, NULL, NULL, 'B', 1, 'ja', NULL, NULL, NULL, 'P5070135-P5070146', NULL, NULL, NULL, NULL, NULL, NULL, NULL, NULL, NULL),
(1, 15380, NULL, 'FB 05: Medien', NULL, NULL, NULL, 'H-Trakt', 1, 'H 1.19', NULL, NULL, NULL, NULL, NULL, NULL, NULL, NULL, NULL, NULL, NULL, NULL, 'Salgert', 'Björn', NULL, NULL, NULL, NULL, 14, 1, 'Flachbildschirm', 'IT', 60, 20, 40, 0.048, NULL, NULL, NULL, NULL, NULL, NULL, NULL, 'B', 1, 'ja', NULL, NULL, NULL, 'P5070135-P5070146', NULL, NULL, NULL, NULL, NULL, NULL, NULL, NULL, NULL),
(1, 15381, NULL, 'FB 05: Medien', NULL, NULL, NULL, 'H-Trakt', 1, 'H 1.19', NULL, NULL, NULL, NULL, NULL, NULL, NULL, NULL, NULL, NULL, NULL, NULL, 'Salgert', 'Björn', NULL, NULL, NULL, NULL, 1, 1, 'Umzugskarton', 'Umzugskarton', 59, 38, 35, 0.07847, NULL, NULL, NULL, NULL, NULL, NULL, NULL, NULL, 1, NULL, NULL, NULL, NULL, 'P5070135-P5070146', NULL, NULL, NULL, NULL, NULL, NULL, NULL, NULL, NULL),
(1, 15382, NULL, 'FB 05: Medien', NULL, NULL, NULL, 'H-Trakt', 1, 'H 1.19', NULL, NULL, NULL, 'Geb. 4', 2, '519      ', '04.2.024', 1, NULL, NULL, NULL, NULL, 'Antes', 'Christopher', NULL, NULL, NULL, NULL, 60, 1, 'Schreibtisch', 'Büromobiliar', 160, 80, 72, 0.9216, NULL, '4      ', 'fix', 'Holz/Dekor', 'nw', 'nw', NULL, 'B', 1, '#BEZUG!', NULL, '(regelmäßiges Viereck, Rechteck,', NULL, 'P5070135-P5070146', NULL, NULL, NULL, NULL, NULL, NULL, NULL, NULL, NULL),
(1, 15383, NULL, 'FB 05: Medien', NULL, NULL, NULL, 'H-Trakt', 1, 'H 1.19', NULL, NULL, NULL, 'Geb. 4', 2, '519      ', '04.2.024', 1, NULL, NULL, NULL, NULL, 'Antes', 'Christopher', NULL, NULL, NULL, 'rc', 101, 2, 'Rollcontainer', 'Büromobiliar', 45, 80, 56, 0.4032, NULL, NULL, 'Metall', 'nw', 'nw', 'nw', NULL, 'B', 1, NULL, NULL, NULL, NULL, 'P5070135-P5070146', NULL, NULL, NULL, NULL, NULL, NULL, NULL, NULL, NULL),
(1, 15384, NULL, 'FB 05: Medien', NULL, NULL, NULL, 'H-Trakt', 1, 'H 1.19', NULL, NULL, NULL, 'Geb. 4', 2, '519      ', '04.2.024', 1, NULL, NULL, NULL, NULL, 'Antes', 'Christopher', NULL, NULL, NULL, NULL, 31, 1, 'Bürodrehstuhl mit Armlehne', 'Büromobiliar Sitzmöbel', 60, 60, 110, 0.396, NULL, NULL, 'Stoff', 'sw', NULL, 'sw', NULL, 'B', 1, NULL, NULL, NULL, NULL, 'P5070135-P5070146', NULL, NULL, NULL, NULL, NULL, NULL, NULL, NULL, NULL),
(1, 15385, NULL, 'FB 05: Medien', NULL, NULL, NULL, 'H-Trakt', 1, 'H 1.19', NULL, NULL, NULL, 'Geb. 4', 2, '519      ', '04.2.024', 1, NULL, NULL, NULL, NULL, 'Antes', 'Christopher', NULL, NULL, NULL, NULL, 30, 1, 'Bürodrehstuhl ohne Armlehne', 'Büromobiliar Sitzmöbel', 50, 50, 110, 0.275, NULL, NULL, 'Stoff', 'sw', NULL, 'sw', NULL, 'B', 1, NULL, NULL, NULL, NULL, 'P5070135-P5070146', NULL, NULL, NULL, NULL, NULL, NULL, NULL, NULL, NULL),
(1, 15386, NULL, 'FB 05: Medien', NULL, NULL, NULL, 'H-Trakt', 1, 'H 1.19', NULL, NULL, NULL, NULL, NULL, NULL, NULL, NULL, NULL, NULL, NULL, NULL, 'Antes', 'Christopher', NULL, NULL, NULL, NULL, 13, 1, 'Dockingstation', 'IT', 40, 20, 10, 0.008, NULL, NULL, NULL, NULL, NULL, NULL, NULL, 'B', 1, 'ja', NULL, NULL, NULL, 'P5070135-P5070146', NULL, NULL, NULL, NULL, NULL, NULL, NULL, NULL, NULL),
(1, 15387, NULL, 'FB 05: Medien', NULL, NULL, NULL, 'H-Trakt', 1, 'H 1.19', NULL, NULL, NULL, NULL, NULL, NULL, NULL, NULL, NULL, NULL, NULL, NULL, 'Antes', 'Christopher', NULL, NULL, NULL, NULL, 14, 1, 'Flachbildschirm', 'IT', 60, 20, 40, 0.048, NULL, NULL, NULL, NULL, NULL, NULL, NULL, 'B', 1, 'ja', NULL, NULL, NULL, 'P5070135-P5070146', NULL, NULL, NULL, NULL, NULL, NULL, NULL, NULL, NULL),
(1, 15388, NULL, 'FB 05: Medien', NULL, NULL, NULL, 'H-Trakt', 1, 'H 1.19', NULL, NULL, NULL, NULL, NULL, NULL, NULL, NULL, NULL, NULL, NULL, NULL, 'Antes', 'Christopher', NULL, NULL, NULL, NULL, 17, 1, 'Telefon', 'TK', 20, 20, 10, 0.004, NULL, NULL, NULL, NULL, NULL, 'Tel.-Nummer', NULL, 'B', 1, 'ja', NULL, NULL, NULL, 'P5070135-P5070146', NULL, NULL, NULL, NULL, NULL, NULL, NULL, NULL, NULL),
(1, 15389, NULL, 'FB 05: Medien', NULL, NULL, NULL, 'H-Trakt', 1, 'H 1.19', NULL, NULL, NULL, NULL, NULL, NULL, NULL, NULL, NULL, NULL, NULL, NULL, 'Antes', 'Christopher', NULL, NULL, NULL, NULL, 1, 2, 'Umzugskarton', 'Umzugskarton', 59, 38, 35, 0.15694, NULL, NULL, NULL, NULL, NULL, NULL, NULL, NULL, 1, NULL, NULL, NULL, NULL, 'P5070135-P5070146', NULL, NULL, NULL, NULL, NULL, NULL, NULL, NULL, NULL),
(1, 15390, NULL, 'FB 05: Medien', NULL, NULL, NULL, 'H-Trakt', 1, 'H 1.19', NULL, NULL, NULL, 'Geb. 4', 2, '519      ', '04.2.024', 2, NULL, NULL, NULL, NULL, 'Lambert', 'Jens', NULL, NULL, NULL, NULL, 60, 1, 'Schreibtisch', 'Büromobiliar', 180, 80, 72, 1.0368, NULL, '4      ', 'fix', 'Holz/Dekor', 'nw', 'nw', NULL, 'B', 1, '#BEZUG!', NULL, '(regelmäßiges Viereck, Rechteck,', NULL, 'P5070135-P5070146', NULL, NULL, NULL, NULL, NULL, NULL, NULL, NULL, NULL),
(1, 15391, NULL, 'FB 05: Medien', NULL, NULL, NULL, 'H-Trakt', 1, 'H 1.19', NULL, NULL, NULL, 'Geb. 4', 2, '519      ', '04.2.024', 2, NULL, NULL, NULL, NULL, 'Lambert', 'Jens', NULL, NULL, NULL, 'rc', 101, 1, 'Rollcontainer', 'Büromobiliar', 45, 80, 56, 0.2016, NULL, NULL, 'Metall', 'nw', 'nw', 'nw', NULL, 'B', 1, NULL, NULL, NULL, NULL, 'P5070135-P5070146', NULL, NULL, NULL, NULL, NULL, NULL, NULL, NULL, NULL),
(1, 15392, NULL, 'FB 05: Medien', NULL, NULL, NULL, 'H-Trakt', 1, 'H 1.19', NULL, NULL, NULL, 'Geb. 4', 2, '519      ', '04.2.024', 2, NULL, NULL, NULL, NULL, 'Lambert', 'Jens', NULL, NULL, NULL, 'rc', 101, 1, 'Rollcontainer', 'Büromobiliar', 45, 80, 56, 0.2016, NULL, NULL, 'Holz/Dekor', 'lg', 'lg', 'lg', NULL, 'B', 1, NULL, NULL, NULL, NULL, 'P5070135-P5070146', NULL, NULL, NULL, NULL, NULL, NULL, NULL, NULL, NULL),
(1, 15393, NULL, 'FB 05: Medien', NULL, NULL, NULL, 'H-Trakt', 1, 'H 1.19', NULL, NULL, NULL, 'Geb. 4', 2, '519      ', '04.2.024', 2, NULL, NULL, NULL, NULL, 'Lambert', 'Jens', NULL, NULL, NULL, NULL, 32, 1, 'Orthopädischer Bürodrehstuhl', 'Büromobiliar Sitzmöbel', 60, 60, 120, 0.432, NULL, NULL, 'Stoff', 'sw', NULL, 'sw', NULL, 'B', 1, NULL, NULL, NULL, NULL, 'P5070135-P5070146', NULL, NULL, NULL, NULL, NULL, NULL, NULL, NULL, NULL),
(1, 15394, NULL, 'FB 05: Medien', NULL, NULL, NULL, 'H-Trakt', 1, 'H 1.19', NULL, NULL, NULL, 'Geb. 4', 2, '519      ', '04.2.024', 2, NULL, NULL, NULL, NULL, 'Lambert', 'Jens', NULL, NULL, NULL, NULL, 30, 1, 'Bürodrehstuhl ohne Armlehne', 'Büromobiliar Sitzmöbel', 50, 50, 110, 0.275, NULL, NULL, 'Stoff', 'sw', NULL, 'sw', NULL, 'B', 1, NULL, NULL, NULL, NULL, 'P5070135-P5070146', NULL, NULL, NULL, NULL, NULL, NULL, NULL, NULL, NULL),
(1, 15395, NULL, 'FB 05: Medien', NULL, NULL, NULL, 'H-Trakt', 1, 'H 1.19', NULL, NULL, NULL, 'Geb. 4', 2, '519      ', '04.2.024', 2, NULL, NULL, NULL, NULL, 'Lambert', 'Jens', NULL, NULL, NULL, NULL, 51, 1, 'Besprechungstisch', 'Büromobiliar', 100, 100, 72, 0.72, 'WINI', 'Tellerfuß', 'rund', 'Holz/Dekor', 'lg/lg/dgr Umleimer', 'gr', NULL, 'A', 1, NULL, NULL, NULL, NULL, 'P5070135-P5070146', NULL, NULL, NULL, NULL, NULL, NULL, NULL, NULL, NULL),
(1, 15396, NULL, 'FB 05: Medien', NULL, NULL, NULL, 'H-Trakt', 1, 'H 1.19', NULL, NULL, NULL, 'Geb. 4', 2, '519      ', '04.2.024', 2, NULL, NULL, NULL, NULL, 'Lambert', 'Jens', NULL, NULL, NULL, NULL, 133, 1, 'Stahlschrank', 'Mobiliar sonstige', 95, 42, 195, 0.77805, NULL, 'F', NULL, 'bei', 'bei', NULL, NULL, 'B', 1, '#BEZUG!', NULL, NULL, NULL, 'P5070135-P5070146', NULL, NULL, NULL, NULL, NULL, NULL, NULL, NULL, NULL),
(1, 15397, NULL, 'FB 05: Medien', NULL, NULL, NULL, 'H-Trakt', 1, 'H 1.19', NULL, NULL, NULL, 'Geb. 4', 2, '519      ', '04.2.024', 2, NULL, NULL, NULL, NULL, 'Lambert', 'Jens', NULL, NULL, NULL, NULL, 133, 1, 'Stahlschrank', 'Mobiliar sonstige', 95, 42, 195, 0.77805, NULL, 'F', NULL, 'lg', 'lg', NULL, NULL, 'B', 1, '#BEZUG!', NULL, NULL, NULL, 'P5070135-P5070146', NULL, NULL, NULL, NULL, NULL, NULL, NULL, NULL, NULL),
(1, 15398, NULL, 'FB 05: Medien', NULL, NULL, NULL, 'H-Trakt', 1, 'H 1.19', NULL, NULL, NULL, 'Geb. 4', 2, '519      ', '04.2.024', 2, NULL, NULL, NULL, NULL, 'Lambert', 'Jens', NULL, NULL, NULL, NULL, 111, 2, 'Aktenschrank', 'Büromobiliar', 100, 44, 187, 1.6456, 'WINI', 'F', 'Sockel/dgr', 'lg', 'lg', NULL, NULL, 'A', 1, '#BEZUG!', NULL, '(ab 4 OH,\n40 bis 120 breit)', NULL, 'P5070135-P5070146', NULL, NULL, NULL, NULL, NULL, NULL, NULL, NULL, NULL),
(1, 15399, NULL, 'FB 05: Medien', NULL, NULL, NULL, 'H-Trakt', 1, 'H 1.19', NULL, NULL, NULL, NULL, NULL, NULL, NULL, NULL, NULL, NULL, NULL, NULL, 'Lambert', 'Jens', NULL, NULL, NULL, NULL, 160, 1, 'Whiteboard', 'Whiteboard, Tafel', 180, 5, 90, 0.081, NULL, 'direkt verschraubt', NULL, 'ws', NULL, 'alu/silber', NULL, 'B', 1, '#BEZUG!', NULL, NULL, NULL, 'P5070135-P5070146', NULL, NULL, NULL, NULL, NULL, NULL, NULL, NULL, NULL),
(1, 15400, NULL, 'FB 05: Medien', NULL, NULL, NULL, 'H-Trakt', 1, 'H 1.19', NULL, NULL, NULL, NULL, NULL, NULL, NULL, NULL, NULL, NULL, NULL, NULL, 'Lambert', 'Jens', NULL, NULL, NULL, NULL, 10, 1, 'PC, Tower/Desktop', 'IT', 50, 20, 60, 0.06, NULL, NULL, NULL, NULL, NULL, NULL, NULL, 'B', 1, 'ja', NULL, '(einschl. Tastatur, Maus)', NULL, 'P5070135-P5070146', NULL, NULL, NULL, NULL, NULL, NULL, NULL, NULL, NULL),
(1, 15401, NULL, 'FB 05: Medien', NULL, NULL, NULL, 'H-Trakt', 1, 'H 1.19', NULL, NULL, NULL, NULL, NULL, NULL, NULL, NULL, NULL, NULL, NULL, NULL, 'Lambert', 'Jens', NULL, NULL, NULL, NULL, 13, 1, 'Dockingstation', 'IT', 40, 20, 10, 0.008, NULL, NULL, NULL, NULL, NULL, NULL, NULL, 'B', 1, 'ja', NULL, NULL, NULL, 'P5070135-P5070146', NULL, NULL, NULL, NULL, NULL, NULL, NULL, NULL, NULL),
(1, 15402, NULL, 'FB 05: Medien', NULL, NULL, NULL, 'H-Trakt', 1, 'H 1.19', NULL, NULL, NULL, NULL, NULL, NULL, NULL, NULL, NULL, NULL, NULL, NULL, 'Lambert', 'Jens', NULL, NULL, NULL, NULL, 14, 2, 'Flachbildschirm', 'IT', 60, 20, 40, 0.096, NULL, NULL, NULL, NULL, NULL, NULL, NULL, 'B', 1, 'ja', NULL, NULL, NULL, 'P5070135-P5070146', NULL, NULL, NULL, NULL, NULL, NULL, NULL, NULL, NULL),
(1, 15403, NULL, 'FB 05: Medien', NULL, NULL, NULL, 'H-Trakt', 1, 'H 1.19', NULL, NULL, NULL, NULL, NULL, NULL, NULL, NULL, NULL, NULL, NULL, NULL, 'Lambert', 'Jens', NULL, NULL, NULL, NULL, 15, 4, 'Drucker', 'IT', 50, 50, 50, 0.5, NULL, NULL, NULL, NULL, NULL, NULL, NULL, 'B', 1, 'ja', NULL, NULL, NULL, 'P5070135-P5070146', NULL, NULL, NULL, NULL, NULL, NULL, NULL, NULL, NULL),
(1, 15404, NULL, 'FB 05: Medien', NULL, NULL, NULL, 'H-Trakt', 1, 'H 1.19', NULL, NULL, NULL, NULL, NULL, NULL, NULL, NULL, NULL, NULL, NULL, NULL, 'Lambert', 'Jens', NULL, NULL, NULL, NULL, 17, 1, 'Telefon', 'TK', 20, 20, 10, 0.004, NULL, NULL, NULL, NULL, NULL, 'Tel.-Nummer', NULL, 'B', 1, 'ja', NULL, NULL, NULL, 'P5070135-P5070146', NULL, NULL, NULL, NULL, NULL, NULL, NULL, NULL, NULL),
(1, 15405, NULL, 'FB 05: Medien', NULL, NULL, NULL, 'H-Trakt', 1, 'H 1.19', NULL, NULL, NULL, NULL, NULL, NULL, NULL, NULL, NULL, NULL, NULL, NULL, 'Lambert', 'Jens', NULL, NULL, NULL, NULL, 140, 1, 'Schreibtischlampe', 'sonstige', 20, 10, 40, 0.008, NULL, NULL, NULL, NULL, NULL, NULL, NULL, 'B', 1, NULL, NULL, NULL, NULL, 'P5070135-P5070146', NULL, NULL, NULL, NULL, NULL, NULL, NULL, NULL, NULL),
(1, 15406, NULL, 'FB 05: Medien', NULL, NULL, NULL, 'H-Trakt', 1, 'H 1.19', NULL, NULL, NULL, NULL, NULL, NULL, NULL, NULL, NULL, NULL, NULL, NULL, 'Lambert', 'Jens', NULL, NULL, NULL, NULL, 3, 10, 'lfm Akten', 'Akten', 100, 30, 33, 0.99, NULL, NULL, NULL, NULL, NULL, NULL, NULL, NULL, 1, NULL, NULL, NULL, NULL, 'P5070135-P5070146', NULL, NULL, NULL, NULL, NULL, NULL, NULL, NULL, NULL),
(1, 15407, NULL, 'FB 05: Medien', NULL, NULL, NULL, 'H-Trakt', 1, 'H 1.19', NULL, NULL, NULL, NULL, NULL, NULL, NULL, NULL, NULL, NULL, NULL, NULL, 'Lambert', 'Jens', NULL, NULL, NULL, NULL, 1, 10, 'Umzugskarton', 'Umzugskarton', 59, 38, 35, 0.7847, NULL, NULL, NULL, NULL, NULL, NULL, NULL, NULL, 1, NULL, NULL, NULL, NULL, 'P5070135-P5070146', NULL, NULL, NULL, NULL, NULL, NULL, NULL, NULL, NULL),
(1, 15408, NULL, 'FB 05: Medien', NULL, NULL, NULL, 'H-Trakt', 1, 'H 1.20', NULL, NULL, NULL, 'Geb. 4', 2, '564      ', '04.2.026', NULL, NULL, NULL, NULL, NULL, 'PC-Pool', 'Mediengestaltung', NULL, NULL, NULL, NULL, 51, 18, 'Besprechungstisch', 'Mobiliar Seminar', 160, 80, 72, 16.5888, 'WINI', '4      ', 're', 'Holz/Dekor', 'lg/lg/dgr Umleimer', 'gr', 'Vierkantrahmen ', 'A', 0, NULL, NULL, NULL, NULL, 'P5070147-P5070154', NULL, NULL, NULL, NULL, NULL, NULL, NULL, NULL, NULL),
(1, 15409, NULL, 'FB 05: Medien', NULL, NULL, NULL, 'H-Trakt', 1, 'H 1.20', NULL, NULL, NULL, 'Geb. 4', 2, '564      ', '04.2.026', NULL, NULL, NULL, NULL, NULL, 'PC-Pool', 'Mediengestaltung', NULL, NULL, NULL, NULL, 60, 5, 'Schreibtisch', 'Büromobiliar', 160, 80, 72, 4.608, 'WINI', '4      ', 'mhv', 'Holz/Dekor', 'lg/lg/dgr Umleimer', 'gr', NULL, 'A', 1, '#BEZUG!', NULL, '(regelmäßiges Viereck, Rechteck,', NULL, 'P5070147-P5070154', NULL, NULL, NULL, NULL, NULL, NULL, NULL, NULL, NULL),
(1, 15410, NULL, 'FB 05: Medien', NULL, NULL, NULL, 'H-Trakt', 1, 'H 1.20', NULL, NULL, NULL, 'Geb. 4', 2, '564      ', '04.2.026', NULL, NULL, NULL, NULL, NULL, 'PC-Pool', 'Mediengestaltung', NULL, NULL, NULL, NULL, 42, 30, 'Seminarstuhl', 'Mobiliar sonstige', 45, 50, 70, 4.725, NULL, 'Freischwinger', 'Holz', 'bu', NULL, 'gr', NULL, 'A', 1, NULL, NULL, NULL, NULL, 'P5070147-P5070154', NULL, NULL, NULL, NULL, NULL, NULL, NULL, NULL, NULL),
(1, 15411, NULL, 'FB 05: Medien', NULL, NULL, NULL, 'H-Trakt', 1, 'H 1.20', NULL, NULL, NULL, 'Geb. 4', 2, '564      ', '04.2.026', NULL, NULL, NULL, NULL, NULL, 'PC-Pool', 'Mediengestaltung', NULL, NULL, NULL, NULL, 30, 12, 'Bürodrehstuhl ohne Armlehne', 'Büromobiliar Sitzmöbel', 50, 50, 110, 3.3, NULL, NULL, 'Stoff', 'anthrazit', NULL, 'sw', NULL, 'A', 1, NULL, NULL, NULL, NULL, 'P5070147-P5070154', NULL, NULL, NULL, NULL, NULL, NULL, NULL, NULL, NULL),
(1, 15412, NULL, 'FB 05: Medien', NULL, NULL, NULL, 'H-Trakt', 1, 'H 1.20', NULL, NULL, NULL, 'Geb. 4', 2, '564      ', '04.2.026', NULL, NULL, NULL, NULL, NULL, 'PC-Pool', 'Mediengestaltung', NULL, NULL, NULL, NULL, 111, 1, 'Aktenschrank', 'Büromobiliar', 100, 44, 187, 0.8228, NULL, 'F', 'Sockel/dgr', 'lg', 'lg', NULL, NULL, 'A', 1, '#BEZUG!', NULL, '(ab 4 OH,\n40 bis 120 breit)', NULL, 'P5070147-P5070154', NULL, NULL, NULL, NULL, NULL, NULL, NULL, NULL, NULL),
(1, 15413, NULL, 'FB 05: Medien', NULL, NULL, NULL, 'H-Trakt', 1, 'H 1.20', NULL, NULL, NULL, 'Geb. 4', 2, '564      ', '04.2.026', NULL, NULL, NULL, NULL, NULL, 'PC-Pool', 'Mediengestaltung', NULL, NULL, NULL, NULL, 111, 1, 'Aktenschrank', 'Büromobiliar', 100, 44, 218, 0.9592, NULL, 'F', 'Sockel/dgr', 'lg', 'lg', NULL, NULL, 'A', 1, '#BEZUG!', NULL, '(ab 4 OH,\n40 bis 120 breit)', NULL, 'P5070147-P5070154', NULL, NULL, NULL, NULL, NULL, NULL, NULL, NULL, NULL),
(1, 15414, NULL, 'FB 05: Medien', NULL, NULL, NULL, 'H-Trakt', 1, 'H 1.20', NULL, NULL, NULL, NULL, NULL, NULL, NULL, NULL, NULL, NULL, NULL, NULL, 'PC-Pool', 'Mediengestaltung', NULL, NULL, NULL, NULL, 40, 1, 'Sofa', 'Mobiliar sonstige', 175, 85, 85, 1.26437, NULL, NULL, 'Stoff', 'blau', NULL, 'sw', NULL, 'C', 0, '#BEZUG!', NULL, NULL, NULL, 'P5070147-P5070154', NULL, NULL, NULL, NULL, NULL, NULL, NULL, NULL, NULL),
(1, 15415, NULL, 'FB 05: Medien', NULL, NULL, NULL, 'H-Trakt', 1, 'H 1.20', NULL, NULL, NULL, 'Geb. 4', 2, '564      ', '04.2.026', NULL, NULL, NULL, NULL, NULL, 'PC-Pool', 'Mediengestaltung', NULL, NULL, NULL, NULL, 168, 1, 'Schultafel auf Rollgestell', 'Whiteboard, Tafel', 210, 80, 195, 3.276, NULL, NULL, NULL, 'ws', NULL, 'ws', NULL, 'B', 1, '#BEZUG!', NULL, 'für Stifte', NULL, 'P5070147-P5070154', NULL, NULL, NULL, NULL, NULL, NULL, NULL, NULL, NULL),
(1, 15416, NULL, 'FB 05: Medien', NULL, NULL, NULL, 'H-Trakt', 1, 'H 1.20', NULL, NULL, NULL, 'Geb. 4', 2, '564      ', '04.2.026', NULL, NULL, NULL, NULL, NULL, 'PC-Pool', 'Mediengestaltung', NULL, NULL, NULL, NULL, 134, 1, 'Tresor', 'Tresor', 126, 55, 195, 1.35135, NULL, NULL, '700      ', 'gr', 'gr', NULL, NULL, 'B', 1, 'ja', NULL, NULL, NULL, 'P5070147-P5070154', NULL, NULL, NULL, NULL, NULL, NULL, NULL, NULL, NULL),
(1, 15417, NULL, 'FB 05: Medien', NULL, NULL, NULL, 'H-Trakt', 1, 'H 1.20', NULL, NULL, NULL, 'Geb. 4', 2, '564      ', '04.2.026', NULL, NULL, NULL, NULL, NULL, 'PC-Pool', 'Mediengestaltung', NULL, NULL, NULL, NULL, NULL, 1, 'Serverschrank', 'IT', 60, 40, 65, 0.156, NULL, 'F', 'Metall', 'gr', 'Glastüre li', NULL, NULL, 'A', 1, NULL, NULL, NULL, NULL, 'P5070147-P5070154', NULL, NULL, NULL, NULL, NULL, NULL, NULL, NULL, NULL),
(1, 15418, NULL, 'FB 05: Medien', NULL, NULL, NULL, 'H-Trakt', 1, 'H 1.20', NULL, NULL, NULL, NULL, NULL, NULL, NULL, NULL, NULL, NULL, NULL, NULL, 'PC-Pool', 'Mediengestaltung', NULL, NULL, NULL, NULL, 20, 2, 'Lautsprecher', 'Medientechnik', 27, 25, 44, 0.0594, NULL, NULL, NULL, 'Kunststoff', 'sw', NULL, 'wandmontage', 'B', 1, 'ja', NULL, 'mit Halterung an Wand befestigt', NULL, 'P5070147-P5070154', NULL, NULL, NULL, NULL, NULL, NULL, NULL, NULL, NULL),
(1, 15419, NULL, 'FB 05: Medien', NULL, NULL, NULL, 'H-Trakt', 1, 'H 1.20', NULL, NULL, NULL, NULL, NULL, NULL, NULL, NULL, NULL, NULL, NULL, NULL, 'PC-Pool', 'Mediengestaltung', NULL, NULL, NULL, NULL, 24, 1, 'Beamer', 'Medientechnik', 40, 60, 20, 0.048, NULL, NULL, NULL, NULL, 'deckenmontiert', NULL, NULL, 'B', 1, NULL, NULL, 'Deckenbefestigt', NULL, 'P5070147-P5070154', NULL, NULL, NULL, NULL, NULL, NULL, NULL, NULL, NULL),
(1, 15420, NULL, 'FB 05: Medien', NULL, NULL, NULL, 'H-Trakt', 1, 'H 1.20', NULL, NULL, NULL, 'Geb. 4', 2, '564      ', '04.2.026', NULL, NULL, NULL, NULL, NULL, 'PC-Pool', 'Mediengestaltung', NULL, NULL, NULL, NULL, 16, 1, 'MFP/Kopierer', 'Kopierer', 100, 60, 100, 0.6, NULL, NULL, NULL, NULL, NULL, NULL, NULL, 'B', NULL, 'ja', NULL, NULL, NULL, 'P5070147-P5070154', NULL, NULL, NULL, NULL, NULL, NULL, NULL, NULL, NULL),
(1, 15421, NULL, 'FB 05: Medien', NULL, NULL, NULL, 'H-Trakt', 1, 'H 1.20', NULL, NULL, NULL, NULL, NULL, NULL, NULL, NULL, NULL, NULL, NULL, NULL, 'PC-Pool', 'Mediengestaltung', NULL, NULL, NULL, NULL, 15, 1, 'Drucker', 'IT', 50, 50, 50, 0.125, NULL, NULL, NULL, NULL, NULL, NULL, NULL, 'B', 1, 'ja', NULL, NULL, NULL, 'P5070147-P5070154', NULL, NULL, NULL, NULL, NULL, NULL, NULL, NULL, NULL),
(1, 15422, NULL, 'FB 05: Medien', NULL, NULL, NULL, 'H-Trakt', 1, 'H 1.20', NULL, NULL, NULL, NULL, NULL, NULL, NULL, NULL, NULL, NULL, NULL, NULL, 'PC-Pool', 'Mediengestaltung', NULL, NULL, NULL, NULL, 14, 6, 'Flachbildschirm', 'IT', 60, 20, 40, 0.288, NULL, NULL, NULL, NULL, NULL, NULL, NULL, 'B', 1, 'ja', NULL, NULL, NULL, 'P5070147-P5070154', NULL, NULL, NULL, NULL, NULL, NULL, NULL, NULL, NULL),
(1, 15423, NULL, 'FB 05: Medien', NULL, NULL, NULL, 'H-Trakt', 1, 'H 1.20', NULL, NULL, NULL, NULL, NULL, NULL, NULL, NULL, NULL, NULL, NULL, NULL, 'PC-Pool', 'Mediengestaltung', NULL, NULL, NULL, NULL, 167, 1, 'Leinwand', 'Medientechnik', 260, 15, 15, 0.0585, NULL, 'elektrisch', NULL, NULL, NULL, 'ws', NULL, 'B', 1, 'ja', NULL, 'Leinwand wandverschraubt', NULL, 'P5070147-P5070154', NULL, NULL, NULL, NULL, NULL, NULL, NULL, NULL, NULL),
(1, 15424, NULL, 'FB 05: Medien', NULL, NULL, NULL, 'H-Trakt', 1, 'H 1.20', NULL, NULL, NULL, NULL, NULL, NULL, NULL, NULL, NULL, NULL, NULL, NULL, 'PC-Pool', 'Mediengestaltung', NULL, NULL, NULL, NULL, 21, 1, 'Scanner', 'IT', 50, 140, 120, 0.84, NULL, NULL, NULL, NULL, NULL, NULL, NULL, 'B', 1, 'ja', NULL, NULL, NULL, 'P5070147-P5070154', NULL, NULL, NULL, NULL, NULL, NULL, NULL, NULL, NULL),
(1, 15425, NULL, 'FB 05: Medien', NULL, NULL, NULL, 'H-Trakt', 1, 'H 1.20', NULL, NULL, NULL, 'Geb. 4', 2, '564      ', '04.2.026', NULL, NULL, NULL, NULL, NULL, 'PC-Pool', 'Mediengestaltung', NULL, NULL, NULL, 'sc', 102, 3, 'Standcontainer', 'Büromobiliar', 28, 41, 67, 0.230748, NULL, NULL, 'Metall', 'nw', 'nw', 'nw', NULL, 'A', 1, NULL, NULL, 'mit je 6 Schüben', NULL, 'P5070147-P5070154', NULL, NULL, NULL, NULL, NULL, NULL, NULL, NULL, NULL),
(1, 15426, NULL, 'FB 05: Medien', NULL, NULL, NULL, 'H-Trakt', 1, 'H 1.20', NULL, NULL, NULL, NULL, NULL, NULL, NULL, NULL, NULL, NULL, NULL, NULL, 'PC-Pool', 'Mediengestaltung', NULL, NULL, NULL, NULL, 41, 1, 'Stehhilfe', 'sonstige', 30, 30, 60, 0.054, NULL, 'Sitz', 'Holz', 'bu', NULL, NULL, NULL, 'B', 1, NULL, NULL, NULL, NULL, 'P5070147-P5070154', NULL, NULL, NULL, NULL, NULL, NULL, NULL, NULL, NULL),
(1, 15427, NULL, 'FB 05: Medien', NULL, NULL, NULL, 'H-Trakt', 1, 'H 1.20', NULL, NULL, NULL, NULL, NULL, NULL, NULL, NULL, NULL, NULL, NULL, NULL, 'PC-Pool', 'Mediengestaltung', NULL, NULL, NULL, NULL, 158, 2, 'Papierkorb', 'sonstige', 30, 30, 30, 0.054, NULL, NULL, NULL, NULL, NULL, NULL, NULL, 'B', 1, NULL, NULL, NULL, NULL, 'P5070147-P5070154', NULL, NULL, NULL, NULL, NULL, NULL, NULL, NULL, NULL),
(1, 15428, NULL, 'FB 05: Medien', NULL, NULL, NULL, 'H-Trakt', 1, 'H 1.20', NULL, NULL, NULL, NULL, NULL, NULL, NULL, NULL, NULL, NULL, NULL, NULL, 'PC-Pool', 'Mediengestaltung', NULL, NULL, NULL, NULL, 13, 1, 'Dockingstation', 'IT', 40, 20, 10, 0.008, NULL, NULL, NULL, NULL, NULL, NULL, NULL, 'B', 1, 'ja', NULL, NULL, NULL, 'P5070147-P5070154', NULL, NULL, NULL, NULL, NULL, NULL, NULL, NULL, NULL),
(1, 15429, NULL, 'FB 05: Medien', NULL, NULL, NULL, 'H-Trakt', 1, 'H 1.20', NULL, NULL, NULL, NULL, NULL, NULL, NULL, NULL, NULL, NULL, NULL, NULL, 'PC-Pool', 'Mediengestaltung', NULL, NULL, NULL, NULL, 6, 2, 'Laborwanne', 'Laborwanne', 104, 64, 79, 1.05165, NULL, 'für Geräte aus Tresor ?????', NULL, NULL, NULL, NULL, NULL, NULL, 1, '#BEZUG!', NULL, 'für IT Zubehör aus Tresor ! ', NULL, 'P5070147-P5070154', NULL, NULL, NULL, NULL, NULL, NULL, NULL, NULL, NULL),
(1, 15430, NULL, 'FB 05: Medien', NULL, NULL, NULL, 'H-Trakt', 1, 'H 1.20', NULL, NULL, NULL, NULL, NULL, NULL, NULL, NULL, NULL, NULL, NULL, NULL, 'PC-Pool', 'Mediengestaltung', NULL, NULL, NULL, NULL, 1, 5, 'Umzugskarton', 'Umzugskarton', 59, 38, 35, 0.39235, NULL, NULL, NULL, NULL, NULL, NULL, NULL, NULL, 1, NULL, NULL, NULL, NULL, 'P5070147-P5070154', NULL, NULL, NULL, NULL, NULL, NULL, NULL, NULL, NULL),
(1, 15740, NULL, 'FB 05: Medien', NULL, NULL, NULL, 'L-Trakt', 1, 'L 1.2', NULL, NULL, NULL, NULL, NULL, NULL, NULL, NULL, NULL, NULL, NULL, NULL, 'Hörsaal', NULL, NULL, NULL, NULL, NULL, 60, 1, 'Schreibtisch', 'Büromobiliar', 75, 60, 72, 0.324, NULL, 'L', 'fix', 'Holz/Dekor', 'nussb', 'sw', NULL, 'C', 0, '#BEZUG!', NULL, 'feste Bestuhlung', NULL, 'P5080163-P5080172', NULL, NULL, NULL, NULL, NULL, NULL, NULL, NULL, NULL),
(1, 15741, NULL, 'FB 05: Medien', NULL, NULL, NULL, 'L-Trakt', 1, 'L 1.2', NULL, NULL, NULL, 'Geb. 4', 2, '39 (Sem 35)', '04.2.020', NULL, NULL, NULL, NULL, NULL, 'Hörsaal', NULL, NULL, NULL, NULL, NULL, 27, 1, 'Gestellwagen für Tageslichtproje', 'sonstige', 73, 63, 74, 0.340326, NULL, NULL, NULL, NULL, NULL, NULL, NULL, 'B', 1, NULL, NULL, 'feste Bestuhlung !!!!!', NULL, 'P5080163-P5080172', NULL, NULL, NULL, NULL, NULL, NULL, NULL, NULL, NULL),
(1, 15742, NULL, 'FB 05: Medien', NULL, NULL, NULL, 'L-Trakt', 1, 'L 1.2', NULL, NULL, NULL, NULL, NULL, NULL, NULL, NULL, NULL, NULL, NULL, NULL, 'Hörsaal', NULL, NULL, NULL, NULL, NULL, 26, 1, 'Tageslichtprojektor', 'Medientechnik', 40, 40, 60, 0.096, NULL, NULL, NULL, NULL, NULL, NULL, NULL, 'B', 1, NULL, NULL, NULL, NULL, 'P5080163-P5080172', NULL, NULL, NULL, NULL, NULL, NULL, NULL, NULL, NULL),
(1, 15743, NULL, 'FB 05: Medien', NULL, NULL, NULL, 'L-Trakt', 1, 'L 1.2', NULL, NULL, NULL, 'Geb. 4', 2, '39 (Sem 35)', '04.2.020', NULL, NULL, NULL, NULL, NULL, 'Hörsaal', NULL, NULL, NULL, NULL, NULL, 60, 1, 'Schreibtisch ', 'Büromobiliar', 160, 80, 72, 0.9216, 'WINI', 'T', 'ehv', 'Holz/Dekor', 'lg', 'gr', NULL, 'B', 1, '#BEZUG!', NULL, 'mit Lochblechrückwand', NULL, 'P5080163-P5080172', NULL, NULL, NULL, NULL, NULL, NULL, NULL, NULL, NULL),
(1, 15744, NULL, 'FB 05: Medien', NULL, NULL, NULL, 'L-Trakt', 1, 'L 1.2', NULL, NULL, NULL, 'Geb. 4', 2, '39 (Sem 35)', '04.2.020', NULL, NULL, NULL, NULL, NULL, 'Hörsaal', NULL, NULL, NULL, NULL, NULL, 31, 1, 'Bürodrehstuhl mit Armlehne', 'Büromobiliar Sitzmöbel', 60, 60, 110, 0.396, NULL, NULL, 'Stoff', 'br', NULL, 'sw', NULL, 'B', 1, NULL, NULL, NULL, NULL, 'P5080163-P5080172', NULL, NULL, NULL, NULL, NULL, NULL, NULL, NULL, NULL),
(1, 15745, NULL, 'FB 05: Medien', NULL, NULL, NULL, 'L-Trakt', 1, 'L 1.2', NULL, NULL, NULL, NULL, NULL, NULL, NULL, NULL, NULL, NULL, NULL, NULL, 'Hörsaal', NULL, NULL, NULL, NULL, NULL, 167, 1, 'Leinwand', 'Medientechnik', 310, 15, 15, 0.06975, NULL, NULL, NULL, NULL, NULL, 'ws', NULL, 'B', 1, 'ja', NULL, 'Leinwand wandverschraubt', NULL, 'P5080163-P5080172', NULL, NULL, NULL, NULL, NULL, NULL, NULL, NULL, NULL),
(1, 15746, NULL, 'FB 05: Medien', NULL, NULL, NULL, 'L-Trakt', 1, 'L 1.2', NULL, NULL, NULL, NULL, NULL, NULL, NULL, NULL, NULL, NULL, NULL, NULL, 'Hörsaal', NULL, NULL, NULL, NULL, NULL, 167, 1, 'Leinwand', 'Medientechnik', 260, 15, 15, 0.0585, NULL, NULL, NULL, NULL, NULL, 'ws', NULL, 'B', 1, 'ja', NULL, 'Leinwand wandverschraubt', NULL, 'P5080163-P5080172', NULL, NULL, NULL, NULL, NULL, NULL, NULL, NULL, NULL),
(1, 15747, NULL, 'FB 05: Medien', NULL, NULL, NULL, 'L-Trakt', 1, 'L 1.2', NULL, NULL, NULL, NULL, NULL, NULL, NULL, NULL, NULL, NULL, NULL, NULL, 'Hörsaal', NULL, NULL, NULL, NULL, NULL, 169, 1, 'Schultafel wandverschraubt', 'Whiteboard, Tafel', 410, 15, 160, 0.984, NULL, NULL, NULL, 'grün', NULL, 'Alu/silber', NULL, 'B', 1, 'ja', NULL, NULL, NULL, 'P5080163-P5080172', NULL, NULL, NULL, NULL, NULL, NULL, NULL, NULL, NULL),
(1, 15748, NULL, 'FB 05: Medien', NULL, NULL, NULL, 'L-Trakt', 1, 'L 1.2', NULL, NULL, NULL, NULL, NULL, NULL, NULL, NULL, NULL, NULL, NULL, NULL, 'Hörsaal', NULL, NULL, NULL, NULL, NULL, 20, 2, 'Lautsprecher', 'Medientechnik', 27, 27, 45, 0.06561, NULL, NULL, NULL, NULL, NULL, NULL, NULL, 'B', 1, 'ja', NULL, NULL, NULL, 'P5080163-P5080172', NULL, NULL, NULL, NULL, NULL, NULL, NULL, NULL, NULL),
(1, 15749, NULL, 'FB 05: Medien', NULL, NULL, NULL, 'L-Trakt', 1, 'L 1.2', NULL, NULL, NULL, NULL, NULL, NULL, NULL, NULL, NULL, NULL, NULL, NULL, 'Hörsaal', NULL, NULL, NULL, NULL, NULL, 24, 1, 'Beamer', 'Medientechnik', 60, 40, 20, 0.048, NULL, NULL, NULL, NULL, 'deckenmontiert', NULL, NULL, 'B', 1, NULL, NULL, 'Deckenbefestigt', NULL, 'P5080163-P5080172', NULL, NULL, NULL, NULL, NULL, NULL, NULL, NULL, NULL),
(1, 15750, NULL, 'FB 05: Medien', NULL, NULL, NULL, 'L-Trakt', 1, 'L 1.2', NULL, NULL, NULL, 'Geb. 4', 2, '39 (Sem 35)', '04.2.020', NULL, NULL, NULL, NULL, NULL, 'Hörsaal', NULL, NULL, NULL, NULL, NULL, 42, 1, 'Seminarstuhl', 'Mobiliar Vorlesung', 45, 50, 70, 0.1575, NULL, '4      ', 'Holz', 'nussb', NULL, 'chr', NULL, 'B', 1, NULL, NULL, NULL, NULL, 'P5080163-P5080172', NULL, NULL, NULL, NULL, NULL, NULL, NULL, NULL, NULL),
(1, 15751, NULL, 'FB 05: Medien', NULL, NULL, NULL, 'L-Trakt', 1, 'L 1.2', NULL, NULL, NULL, NULL, NULL, NULL, NULL, NULL, NULL, NULL, NULL, NULL, 'Hörsaal', NULL, NULL, NULL, NULL, NULL, 10, 1, 'PC, Tower/Desktop', 'IT', 50, 20, 60, 0.06, NULL, NULL, NULL, NULL, NULL, NULL, NULL, 'B', 1, 'ja', NULL, '(einschl. Tastatur, Maus)', NULL, 'P5080163-P5080172', NULL, NULL, NULL, NULL, NULL, NULL, NULL, NULL, NULL),
(1, 15752, NULL, 'FB 05: Medien', NULL, NULL, NULL, 'L-Trakt', 1, 'L 1.2', NULL, NULL, NULL, NULL, NULL, NULL, NULL, NULL, NULL, NULL, NULL, NULL, 'Hörsaal', NULL, NULL, NULL, NULL, NULL, 14, 1, 'Flachbildschirm', 'IT', 60, 20, 40, 0.048, NULL, NULL, NULL, NULL, NULL, NULL, NULL, 'B', 1, 'ja', NULL, NULL, NULL, 'P5080163-P5080172', NULL, NULL, NULL, NULL, NULL, NULL, NULL, NULL, NULL),
(1, 15753, NULL, 'FB 05: Medien', NULL, NULL, NULL, 'L-Trakt', 1, 'L 1.2', NULL, NULL, NULL, NULL, NULL, NULL, NULL, NULL, NULL, NULL, NULL, NULL, 'Hörsaal', NULL, NULL, NULL, NULL, NULL, 158, 1, 'Papierkorb', 'sonstige', 30, 30, 30, 0.027, NULL, NULL, NULL, NULL, NULL, NULL, NULL, 'B', 1, NULL, NULL, NULL, NULL, 'P5080163-P5080172', NULL, NULL, NULL, NULL, NULL, NULL, NULL, NULL, NULL),
(1, 15817, NULL, 'FB 05: Medien', NULL, NULL, NULL, 'E-Trakt', 4, 'E 5.46', NULL, NULL, NULL, 'Geb. 4', 3, '609      ', '04.3.028', NULL, NULL, NULL, NULL, NULL, 'Tonstudiotechnik Labor', NULL, NULL, NULL, NULL, NULL, 60, 8, 'Schreibtisch', 'Büromobiliar', 180, 100, 72, 10.368, NULL, 'T', 'mhv', 'Holz/Dekor', 'lg/lg/dgr Umleimer', 'gr', NULL, 'A', 1, '#BEZUG!', NULL, 'siehe Sondergeräteerfassung !!!!', NULL, 'P5090033-P5090047', NULL, NULL, NULL, NULL, NULL, NULL, NULL, NULL, NULL),
(1, 15818, NULL, 'FB 05: Medien', NULL, NULL, NULL, 'E-Trakt', 4, 'E 5.46', NULL, NULL, NULL, 'Geb. 4', 3, '609      ', '04.3.028', NULL, NULL, NULL, NULL, NULL, 'Tonstudiotechnik Labor', NULL, NULL, NULL, NULL, NULL, 30, 11, 'Bürodrehstuhl ohne Armlehne', 'Büromobiliar Sitzmöbel', 50, 50, 110, 3.025, NULL, NULL, 'Stoff', 'anthrazit', NULL, 'sw', NULL, 'A', 1, NULL, NULL, NULL, NULL, 'P5090033-P5090047', NULL, NULL, NULL, NULL, NULL, NULL, NULL, NULL, NULL),
(1, 15819, NULL, 'FB 05: Medien', NULL, NULL, NULL, 'E-Trakt', 4, 'E 5.46', NULL, NULL, NULL, 'Geb. 4', 3, '609      ', '04.3.028', NULL, NULL, NULL, NULL, NULL, 'Tonstudiotechnik Labor', NULL, NULL, NULL, NULL, 'rc', 101, 1, 'Rollcontainer', 'Büromobiliar', 45, 80, 56, 0.2016, NULL, NULL, 'Metall', 'nw', 'nw', 'nw', NULL, 'B', 1, NULL, NULL, NULL, NULL, 'P5090033-P5090047', NULL, NULL, NULL, NULL, NULL, NULL, NULL, NULL, NULL),
(1, 15820, NULL, 'FB 05: Medien', NULL, NULL, NULL, 'E-Trakt', 4, 'E 5.46', NULL, NULL, NULL, 'Geb. 4', 3, '609      ', '04.3.028', NULL, NULL, NULL, NULL, NULL, 'Tonstudiotechnik Labor', NULL, NULL, NULL, NULL, 'sc', 102, 1, 'Standcontainer Metall', 'Labormobiliar ', 41, 60, 135, 0.3321, NULL, NULL, 'Metall', 'nw', 'nw', 'nw', NULL, 'A', 1, NULL, NULL, '4 Schübe\nlt. Foto HR-Schrank', NULL, 'P5090033-P5090047', NULL, NULL, NULL, NULL, NULL, NULL, NULL, NULL, NULL),
(1, 15821, NULL, 'FB 05: Medien', NULL, NULL, NULL, 'E-Trakt', 4, 'E 5.46', NULL, NULL, NULL, 'Geb. 4', 3, '609      ', '04.3.028', NULL, NULL, NULL, NULL, NULL, 'Tonstudiotechnik Labor', NULL, NULL, NULL, NULL, NULL, 133, 3, 'Stahlschrank', 'Mobiliar sonstige', 95, 60, 195, 3.3345, NULL, 'F', NULL, 'gr', 'gr', NULL, NULL, 'A', 1, '#BEZUG!', NULL, NULL, NULL, 'P5090033-P5090047', NULL, NULL, NULL, NULL, NULL, NULL, NULL, NULL, NULL),
(1, 15822, NULL, 'FB 05: Medien', NULL, NULL, NULL, 'E-Trakt', 4, 'E 5.46', NULL, NULL, NULL, 'Geb. 4', 3, '609      ', '04.3.028', NULL, NULL, NULL, NULL, NULL, 'Tonstudiotechnik Labor', NULL, NULL, NULL, NULL, 'sc', 102, 1, 'Standcontainer Metall', 'Labormobiliar ', 76, 60, 135, 0.6156, NULL, NULL, 'Metall', 'nw', 'nw', 'nw', NULL, 'B', 1, NULL, NULL, '7 Schübe\nlt. Foto HR-Schrank', NULL, 'P5090033-P5090047', NULL, NULL, NULL, NULL, NULL, NULL, NULL, NULL, NULL),
(1, 15823, NULL, 'FB 05: Medien', NULL, NULL, NULL, 'E-Trakt', 4, 'E 5.46', NULL, NULL, NULL, 'Geb. 4', 3, '609      ', '04.3.028', NULL, NULL, NULL, NULL, NULL, 'Tonstudiotechnik Labor', NULL, NULL, NULL, NULL, NULL, 110, 1, 'Sideboard', 'Büromobiliar', 120, 40, 87, 0.4176, NULL, 'S ', 'Gestell dbr', 'nw', 'nw', NULL, NULL, 'B', 1, '#BEZUG!', NULL, '(bis 3 OH)', NULL, 'P5090033-P5090047', NULL, NULL, NULL, NULL, NULL, NULL, NULL, NULL, NULL),
(1, 15824, NULL, 'FB 05: Medien', NULL, NULL, NULL, 'E-Trakt', 4, 'E 5.46', NULL, NULL, NULL, 'Geb. 4', 3, '609      ', '04.3.028', NULL, NULL, NULL, NULL, NULL, 'Tonstudiotechnik Labor', NULL, NULL, NULL, NULL, NULL, 133, 1, 'Stahlschrank', 'Mobiliar sonstige', 95, 42, 195, 0.77805, NULL, 'F', NULL, 'nw', 'nw', NULL, NULL, 'B', 1, '#BEZUG!', NULL, NULL, NULL, 'P5090033-P5090047', NULL, NULL, NULL, NULL, NULL, NULL, NULL, NULL, NULL),
(1, 15825, NULL, 'FB 05: Medien', NULL, NULL, NULL, 'E-Trakt', 4, 'E 5.46', NULL, NULL, NULL, 'Geb. 4', 3, '609      ', '04.3.028', NULL, NULL, NULL, NULL, NULL, 'Tonstudiotechnik Labor', NULL, NULL, NULL, NULL, NULL, NULL, 8, 'Box auf Rollen', 'sonstige', 51, 51, 143, 2.97554, NULL, NULL, 'Holz', 'sw', NULL, NULL, NULL, 'A', 1, NULL, NULL, 'stehen eng nebeneinander', NULL, 'P5090033-P5090047', NULL, NULL, NULL, NULL, NULL, NULL, NULL, NULL, NULL),
(1, 15826, NULL, 'FB 05: Medien', NULL, NULL, NULL, 'E-Trakt', 4, 'E 5.46', NULL, NULL, NULL, 'Geb. 4', 3, '609      ', '04.3.028', NULL, NULL, NULL, NULL, NULL, 'Tonstudiotechnik Labor', NULL, NULL, NULL, NULL, NULL, 168, 1, 'Schultafel auf Rollgestell', 'Whiteboard, Tafel', 240, 75, 200, 3.6, NULL, NULL, 'Metall', 'ws', NULL, 'gr', NULL, 'A', 1, '#BEZUG!', NULL, 'Gestell mit Rollen', NULL, 'P5090033-P5090047', NULL, NULL, NULL, NULL, NULL, NULL, NULL, NULL, NULL),
(1, 15827, NULL, 'FB 05: Medien', NULL, NULL, NULL, 'E-Trakt', 4, 'E 5.46', NULL, NULL, NULL, 'Geb. 4', 3, '609      ', '04.3.028', NULL, NULL, NULL, NULL, NULL, 'Tonstudiotechnik Labor', NULL, NULL, NULL, NULL, NULL, 149, 1, 'Transportwagen', 'sonstige', 48, 72, 80, 0.27648, NULL, NULL, 'Metall', NULL, 'sw/silber', 'silber', NULL, 'B', 1, NULL, NULL, '(alles mit nur 1 Ablage)', NULL, 'P5090033-P5090047', NULL, NULL, NULL, NULL, NULL, NULL, NULL, NULL, NULL),
(1, 15828, NULL, 'FB 05: Medien', NULL, NULL, NULL, 'E-Trakt', 4, 'E 5.46', NULL, NULL, NULL, 'Geb. 4', 3, '609      ', '04.3.028', NULL, NULL, NULL, NULL, NULL, 'Tonstudiotechnik Labor', NULL, NULL, NULL, NULL, NULL, 145, 1, 'Kabelständer', 'Labormobiliar ', 105, 55, 185, 1.06837, NULL, NULL, 'Metall', 'dgr', NULL, 'dgr', NULL, 'A', 1, NULL, NULL, 'rollbar', NULL, 'P5090033-P5090047', NULL, NULL, NULL, NULL, NULL, NULL, NULL, NULL, NULL),
(1, 15829, NULL, 'FB 05: Medien', NULL, NULL, NULL, 'E-Trakt', 4, 'E 5.46', NULL, NULL, NULL, 'Geb. 4', 3, '609      ', '04.3.028', NULL, NULL, NULL, NULL, NULL, 'Tonstudiotechnik Labor', NULL, NULL, NULL, NULL, NULL, NULL, 2, 'Box auf Rollen', 'sonstige', 45, 55, 78, 0.3861, NULL, NULL, 'Holz', 'sw', NULL, NULL, NULL, 'A', 1, NULL, NULL, NULL, NULL, 'P5090033-P5090047', NULL, NULL, NULL, NULL, NULL, NULL, NULL, NULL, NULL),
(1, 15830, NULL, 'FB 05: Medien', NULL, NULL, NULL, 'E-Trakt', 4, 'E 5.46', NULL, NULL, NULL, 'Geb. 4', 3, '609      ', '04.3.028', NULL, NULL, NULL, NULL, NULL, 'Tonstudiotechnik Labor', NULL, NULL, NULL, NULL, NULL, 27, 1, 'Gestellwagen für Tageslichtproje', 'sonstige', 76, 40, 85, 0.2584, NULL, NULL, 'Metall/Holz', 'ws', 'dgr', NULL, NULL, 'B', 1, NULL, NULL, 'rollbar ', NULL, 'P5090033-P5090047', NULL, NULL, NULL, NULL, NULL, NULL, NULL, NULL, NULL),
(1, 15831, NULL, 'FB 05: Medien', NULL, NULL, NULL, 'E-Trakt', 4, 'E 5.46', NULL, NULL, NULL, NULL, NULL, NULL, NULL, NULL, NULL, NULL, NULL, NULL, 'Tonstudiotechnik Labor', NULL, NULL, NULL, NULL, NULL, 10, 5, 'PC, Tower/Desktop', 'IT', 50, 20, 60, 0.3, NULL, NULL, NULL, NULL, NULL, NULL, NULL, 'B', 1, 'ja', NULL, '(einschl. Tastatur, Maus)', NULL, 'P5090033-P5090047', NULL, NULL, NULL, NULL, NULL, NULL, NULL, NULL, NULL),
(1, 15832, NULL, 'FB 05: Medien', NULL, NULL, NULL, 'E-Trakt', 4, 'E 5.46', NULL, NULL, NULL, NULL, NULL, NULL, NULL, NULL, NULL, NULL, NULL, NULL, 'Tonstudiotechnik Labor', NULL, NULL, NULL, NULL, NULL, 14, 6, 'Flachbildschirm', 'IT', 60, 20, 40, 0.288, NULL, NULL, NULL, NULL, NULL, NULL, NULL, 'B', 1, 'ja', NULL, NULL, NULL, 'P5090033-P5090047', NULL, NULL, NULL, NULL, NULL, NULL, NULL, NULL, NULL),
(1, 15833, NULL, 'FB 05: Medien', NULL, NULL, NULL, 'E-Trakt', 4, 'E 5.46', NULL, NULL, NULL, NULL, NULL, NULL, NULL, NULL, NULL, NULL, NULL, NULL, 'Tonstudiotechnik Labor', NULL, NULL, NULL, NULL, NULL, 17, 1, 'Telefon', 'TK', 20, 20, 10, 0.004, NULL, NULL, NULL, NULL, NULL, 'Tel.-Nummer', NULL, 'B', 1, 'ja', NULL, NULL, NULL, 'P5090033-P5090047', NULL, NULL, NULL, NULL, NULL, NULL, NULL, NULL, NULL),
(1, 15834, NULL, 'FB 05: Medien', NULL, NULL, NULL, 'E-Trakt', 4, 'E 5.46', NULL, NULL, NULL, NULL, NULL, NULL, NULL, NULL, NULL, NULL, NULL, NULL, 'Tonstudiotechnik Labor', NULL, NULL, NULL, NULL, NULL, 20, 2, 'Lautsprecher', 'Medientechnik', 15, 10, 20, 0.006, NULL, NULL, NULL, NULL, NULL, NULL, NULL, 'B', 1, 'ja', NULL, 'stehen auf Tisch', NULL, 'P5090033-P5090047', NULL, NULL, NULL, NULL, NULL, NULL, NULL, NULL, NULL),
(1, 15835, NULL, 'FB 05: Medien', NULL, NULL, NULL, 'E-Trakt', 4, 'E 5.46', NULL, NULL, NULL, NULL, NULL, NULL, NULL, NULL, NULL, NULL, NULL, NULL, 'Tonstudiotechnik Labor', NULL, NULL, NULL, NULL, NULL, 15, 4, 'Drucker', 'IT', 50, 50, 50, 0.5, NULL, NULL, NULL, NULL, NULL, NULL, NULL, 'B', 1, 'ja', NULL, NULL, NULL, 'P5090033-P5090047', NULL, NULL, NULL, NULL, NULL, NULL, NULL, NULL, NULL),
(1, 15836, NULL, 'FB 05: Medien', NULL, NULL, NULL, 'E-Trakt', 4, 'E 5.46', NULL, NULL, NULL, NULL, NULL, NULL, NULL, NULL, NULL, NULL, NULL, NULL, 'Tonstudiotechnik Labor', NULL, NULL, NULL, NULL, NULL, 6, 5, 'Laborwanne', 'Laborwanne', 104, 64, 79, 2.62912, NULL, 'Messgeräte, Verstärker, Inhalt d', NULL, NULL, NULL, NULL, NULL, NULL, 1, '#BEZUG!', NULL, 'steht auf Tischen und in Stahlsc', NULL, 'P5090033-P5090047', NULL, NULL, NULL, NULL, NULL, NULL, NULL, NULL, NULL),
(1, 15837, NULL, 'FB 05: Medien', NULL, NULL, NULL, 'E-Trakt', 4, 'E 5.46', NULL, NULL, NULL, NULL, NULL, NULL, NULL, NULL, NULL, NULL, NULL, NULL, 'Tonstudiotechnik Labor', NULL, NULL, NULL, NULL, NULL, 1, 15, 'Umzugskarton', 'Umzugskarton', 59, 38, 35, 1.17705, NULL, NULL, NULL, NULL, NULL, NULL, NULL, NULL, 1, NULL, NULL, NULL, NULL, 'P5090033-P5090047', NULL, NULL, NULL, NULL, NULL, NULL, NULL, NULL, NULL),
(1, 15838, NULL, 'FB 05: Medien', NULL, NULL, NULL, 'E-Trakt', 4, 'E 5.46', NULL, NULL, NULL, NULL, NULL, NULL, NULL, NULL, NULL, NULL, NULL, NULL, 'Tonstudiotechnik Labor', NULL, NULL, NULL, NULL, NULL, 158, 1, 'Papierkorb', 'sonstige', 30, 30, 30, 0.027, NULL, NULL, NULL, NULL, NULL, NULL, NULL, 'B', 1, NULL, NULL, NULL, NULL, 'P5090033-P5090047', NULL, NULL, NULL, NULL, NULL, NULL, NULL, NULL, NULL),
(1, 15839, NULL, 'FB 05: Medien', NULL, NULL, NULL, 'E-Trakt', 4, 'E 5.46', NULL, NULL, NULL, NULL, NULL, NULL, NULL, NULL, NULL, NULL, NULL, NULL, 'Tonstudiotechnik Labor', NULL, NULL, NULL, NULL, NULL, 200, 1, 'Technisches Gerät Hallplatte mit', 'Laborgerät', 235, 35, 130, 1.06925, NULL, NULL, 'Holz/Metall', NULL, NULL, NULL, 'Geräteprofilblatt?\nja\nnein', 'A', 1, NULL, NULL, 'siehe Sondergeräteerfassung, ste', NULL, 'P5090033-P5090047', NULL, NULL, NULL, NULL, NULL, NULL, NULL, NULL, NULL),
(1, 15840, NULL, 'FB 05: Medien', NULL, NULL, NULL, 'E-Trakt', 4, 'E 5.46', NULL, NULL, NULL, NULL, NULL, NULL, NULL, NULL, NULL, NULL, NULL, NULL, 'Tonstudiotechnik Labor', NULL, NULL, NULL, NULL, NULL, 200, 1, 'Technisches Gerät Kunstkopf Mess', 'Laborgerät', 40, 34, 80, 0.1088, NULL, NULL, 'Holz/Kunststoff', NULL, NULL, NULL, 'Geräteprofilblatt?\nja\nnein', 'A', 1, NULL, NULL, 'siehe Sondergeräteerfassung, ste', NULL, 'P5090033-P5090047', NULL, NULL, NULL, NULL, NULL, NULL, NULL, NULL, NULL),
(1, 15863, NULL, 'FB 05: Medien', NULL, NULL, NULL, 'E-Trakt', 4, 'E 5.47', NULL, NULL, NULL, NULL, NULL, NULL, NULL, NULL, NULL, NULL, NULL, NULL, 'Tonstudio / Regieraum', NULL, NULL, NULL, NULL, NULL, 200, 1, 'KOMPLETTES TONSTUDIO', 'Laborequipment', NULL, NULL, NULL, 1, NULL, NULL, NULL, NULL, NULL, NULL, 'Geräteprofilblatt?\nja\nnein', 'B', 1, NULL, NULL, 'siehe Liste Sondergeräteerfassun', NULL, 'P5090053-P5090101', NULL, NULL, NULL, NULL, NULL, NULL, NULL, NULL, NULL),
(1, 15864, NULL, 'FB 05: Medien', NULL, NULL, NULL, 'E-Trakt', 4, 'E 5.47', NULL, NULL, NULL, 'Geb. 4', 3, '613      ', '04.3.027', NULL, NULL, NULL, NULL, NULL, 'Tonstudio / Regieraum', NULL, NULL, NULL, NULL, NULL, 31, 4, 'Bürodrehstuhl mit Armlehne', 'Büromobiliar Sitzmöbel', 60, 60, 110, 1.584, NULL, NULL, 'Leder', 'sw', NULL, 'sw', NULL, 'B', 1, NULL, NULL, NULL, NULL, 'P5090053-P5090101', NULL, NULL, NULL, NULL, NULL, NULL, NULL, NULL, NULL),
(1, 15865, NULL, 'FB 05: Medien', NULL, NULL, NULL, 'E-Trakt', 4, 'E 5.47', NULL, NULL, NULL, 'Geb. 4', 3, '613      ', '04.3.027', NULL, NULL, NULL, NULL, NULL, 'Tonstudio / Regieraum', NULL, NULL, NULL, NULL, NULL, NULL, 1, 'Holzaufbau mit 16 Boxen', 'sonstige', 300, 15, 175, 0.7875, NULL, NULL, 'Holz', 'bu', NULL, NULL, NULL, 'A', 1, NULL, NULL, 'ist an der Wand befestigt !!!!', NULL, 'P5090053-P5090101', NULL, NULL, NULL, NULL, NULL, NULL, NULL, NULL, NULL),
(1, 15866, NULL, 'FB 05: Medien', NULL, NULL, NULL, 'E-Trakt', 4, 'E 5.47', NULL, NULL, NULL, NULL, NULL, NULL, NULL, NULL, NULL, NULL, NULL, NULL, 'Tonstudio / Regieraum', NULL, NULL, NULL, NULL, NULL, 24, 1, 'Beamer', 'Medientechnik', 44, 60, 40, 0.1056, NULL, NULL, NULL, NULL, 'Gestell an Wand befestigt', NULL, NULL, 'A', 1, NULL, NULL, 'Wandmontage', NULL, 'P5090053-P5090101', NULL, NULL, NULL, NULL, NULL, NULL, NULL, NULL, NULL),
(1, 15867, NULL, 'FB 05: Medien', NULL, NULL, NULL, 'E-Trakt', 4, 'E 5.47', NULL, NULL, NULL, NULL, NULL, NULL, NULL, NULL, NULL, NULL, NULL, NULL, 'Tonstudio / Regieraum', NULL, NULL, NULL, NULL, NULL, 141, 1, 'Stehlampe', 'sonstige', 10, 10, 180, 0.018, NULL, NULL, NULL, NULL, NULL, NULL, NULL, 'B', 1, NULL, NULL, NULL, NULL, 'P5090053-P5090101', NULL, NULL, NULL, NULL, NULL, NULL, NULL, NULL, NULL),
(1, 15868, NULL, 'FB 05: Medien', NULL, NULL, NULL, 'E-Trakt', 4, 'E 5.47', NULL, NULL, NULL, NULL, NULL, NULL, NULL, NULL, NULL, NULL, NULL, NULL, 'Tonstudio / Regieraum', NULL, NULL, NULL, NULL, NULL, 167, 1, 'Leinwand', 'Medientechnik', 200, 15, 15, 0.045, NULL, 'elektrisch', NULL, NULL, NULL, 'ws', NULL, 'B', 1, 'ja', NULL, 'Leinwand wandverschraubt', NULL, 'P5090053-P5090101', NULL, NULL, NULL, NULL, NULL, NULL, NULL, NULL, NULL),
(1, 15869, NULL, 'FB 05: Medien', NULL, NULL, NULL, 'E-Trakt', 4, 'E 5.47', NULL, NULL, NULL, NULL, NULL, NULL, NULL, NULL, NULL, NULL, NULL, NULL, 'Tonstudio / Regieraum', NULL, NULL, NULL, NULL, NULL, 1, 12, 'Umzugskarton', 'Umzugskarton', 59, 38, 35, 0.94164, NULL, NULL, NULL, NULL, NULL, NULL, NULL, NULL, 1, NULL, NULL, NULL, NULL, 'P5090053-P5090101', NULL, NULL, NULL, NULL, NULL, NULL, NULL, NULL, NULL),
(1, 15870, NULL, 'FB 05: Medien', NULL, NULL, NULL, 'E-Trakt', 4, 'E 5.48', NULL, NULL, NULL, 'Geb. 4', 3, '611      ', '04.3.023', NULL, NULL, NULL, NULL, NULL, 'Tonstudio / Aufnahmeraum', NULL, NULL, NULL, NULL, NULL, NULL, 4, 'Akustikstellwand rollbar', 'Laborequipment', 100, 52, 207, 4.3056, NULL, NULL, 'Holz/Schaumstoff', NULL, NULL, NULL, 'rollbar', 'A', 1, NULL, NULL, NULL, NULL, 'P5090105-P5090112', NULL, NULL, NULL, NULL, NULL, NULL, NULL, NULL, NULL),
(1, 15871, NULL, 'FB 05: Medien', NULL, NULL, NULL, 'E-Trakt', 4, 'E 5.48', NULL, NULL, NULL, 'Geb. 4', 3, '611      ', '04.3.023', NULL, NULL, NULL, NULL, NULL, 'Tonstudio / Aufnahmeraum', NULL, NULL, NULL, NULL, NULL, 38, 1, 'Hocker', 'Mobiliar sonstige', 50, 50, 72, 0.18, NULL, '4      ', 'Holz', 'wenn gepolstert, Farbe Sitzfläch', 'bu', 'sw', NULL, 'A', 1, NULL, NULL, '(Exoten, zum Beispiel mit Ansatz', NULL, 'P5090105-P5090112', NULL, NULL, NULL, NULL, NULL, NULL, NULL, NULL, NULL),
(1, 15872, NULL, 'FB 05: Medien', NULL, NULL, NULL, 'E-Trakt', 4, 'E 5.48', NULL, NULL, NULL, 'Geb. 4', 3, '611      ', '04.3.023', NULL, NULL, NULL, NULL, NULL, 'Tonstudio / Aufnahmeraum', NULL, NULL, NULL, NULL, NULL, 42, 3, 'Seminarstuhl', 'Mobiliar sonstige', 45, 50, 70, 0.4725, NULL, '4      ', 'Holz', 'bu', NULL, 'chr', NULL, 'A', 1, NULL, NULL, NULL, NULL, 'P5090105-P5090112', NULL, NULL, NULL, NULL, NULL, NULL, NULL, NULL, NULL),
(1, 15873, NULL, 'FB 05: Medien', NULL, NULL, NULL, 'E-Trakt', 4, 'E 5.48', NULL, NULL, NULL, 'Geb. 4', 3, '611      ', '04.3.023', NULL, NULL, NULL, NULL, NULL, 'Tonstudio / Aufnahmeraum', NULL, NULL, NULL, NULL, NULL, 38, 2, 'Hocker', 'Mobiliar sonstige', 50, 50, 50, 0.25, NULL, '4      ', 'holz', 'wenn gepolstert, Farbe Sitzfläch', NULL, NULL, NULL, 'A', 1, NULL, NULL, '(Exoten, zum Beispiel mit Ansatz', NULL, 'P5090105-P5090112', NULL, NULL, NULL, NULL, NULL, NULL, NULL, NULL, NULL),
(1, 15874, NULL, 'FB 05: Medien', NULL, NULL, NULL, 'E-Trakt', 4, 'E 5.48', NULL, NULL, NULL, 'Geb. 4', 3, '611      ', '04.3.023', NULL, NULL, NULL, NULL, NULL, 'Tonstudio / Aufnahmeraum', NULL, NULL, NULL, NULL, NULL, 200, 1, 'Technische Geräte Klavier, Schla', 'Laborequipment', NULL, NULL, NULL, 1, NULL, NULL, NULL, NULL, NULL, NULL, 'Geräteprofilblatt?\nja\nnein', 'B', 1, NULL, NULL, 'siehe Sondergeräteerfassung !!!!', NULL, 'P5090105-P5090112', NULL, NULL, NULL, NULL, NULL, NULL, NULL, NULL, NULL),
(1, 15875, NULL, 'FB 05: Medien', NULL, NULL, NULL, 'E-Trakt', 4, 'E 5.48', NULL, NULL, NULL, 'Geb. 4', 3, '611      ', '04.3.023', NULL, NULL, NULL, NULL, NULL, 'Tonstudio / Aufnahmeraum', NULL, NULL, NULL, NULL, NULL, 20, 3, 'Lautsprecher', 'Medientechnik', 50, 50, 70, 0.525, NULL, NULL, NULL, NULL, NULL, NULL, NULL, 'B', 1, 'ja', NULL, NULL, NULL, 'P5090105-P5090112', NULL, NULL, NULL, NULL, NULL, NULL, NULL, NULL, NULL),
(1, 16066, NULL, 'FB 05: Medien', NULL, NULL, NULL, 'E-Trakt', 3, 'E 4.46', NULL, NULL, NULL, 'Geb. 4', 3, '543      ', '04.3.019', NULL, NULL, NULL, NULL, NULL, 'Labor für Bildtechnik ', NULL, NULL, NULL, NULL, NULL, 60, 8, 'Schreibtisch', 'Büromobiliar', 180, 100, 72, 10.368, 'WINI', 'T', 'mhv', 'Holz/Dekor', 'lg/lg/dgr Umleimer', 'gr', NULL, 'A', 1, '#BEZUG!', NULL, '(regelmäßiges Viereck, Rechteck,', NULL, 'P5120082-P5120091', NULL, NULL, NULL, NULL, NULL, NULL, NULL, NULL, NULL),
(1, 16067, NULL, 'FB 05: Medien', NULL, NULL, NULL, 'E-Trakt', 3, 'E 4.46', NULL, NULL, NULL, 'Geb. 4', 3, '543      ', '04.3.019', NULL, NULL, NULL, NULL, NULL, 'Labor für Bildtechnik ', NULL, NULL, NULL, NULL, NULL, 60, 1, 'Schreibtisch', 'Büromobiliar', 160, 100, 72, 1.152, NULL, 'T', 'mhv', 'Holz/Dekor', 'nw', 'nw/gr', NULL, 'B', 1, '#BEZUG!', NULL, '(regelmäßiges Viereck, Rechteck,', NULL, 'P5120082-P5120091', NULL, NULL, NULL, NULL, NULL, NULL, NULL, NULL, NULL),
(1, 16068, NULL, 'FB 05: Medien', NULL, NULL, NULL, 'E-Trakt', 3, 'E 4.46', NULL, NULL, NULL, 'Geb. 4', 3, '543      ', '04.3.019', NULL, NULL, NULL, NULL, NULL, 'Labor für Bildtechnik ', NULL, NULL, NULL, NULL, 'rc', 101, 5, 'Rollcontainer', 'Büromobiliar', 45, 80, 56, 1.008, NULL, NULL, 'Holz/Metall', 'nw', 'nw', 'nw', NULL, 'B', 1, NULL, NULL, NULL, NULL, 'P5120082-P5120091', NULL, NULL, NULL, NULL, NULL, NULL, NULL, NULL, NULL),
(1, 16069, NULL, 'FB 05: Medien', NULL, NULL, NULL, 'E-Trakt', 3, 'E 4.46', NULL, NULL, NULL, 'Geb. 4', 3, '543      ', '04.3.019', NULL, NULL, NULL, NULL, NULL, 'Labor für Bildtechnik ', NULL, NULL, NULL, NULL, NULL, 138, 1, 'Regal mit Aufsatz', 'Labormobiliar ', 155, 55, 195, 1.66237, NULL, NULL, 'Gestell/gr', NULL, 'gr', 'Holz/bu', NULL, 'B', 1, '#BEZUG!', NULL, NULL, NULL, 'P5120082-P5120091', NULL, NULL, NULL, NULL, NULL, NULL, NULL, NULL, NULL),
(1, 16070, NULL, 'FB 05: Medien', NULL, NULL, NULL, 'E-Trakt', 3, 'E 4.46', NULL, NULL, NULL, 'Geb. 4', 3, '543      ', '04.3.019', NULL, NULL, NULL, NULL, NULL, 'Labor für Bildtechnik ', NULL, NULL, NULL, NULL, NULL, 133, 1, 'Stahlschrank', 'Mobiliar sonstige', 95, 50, 195, 0.92625, NULL, 'F', NULL, 'nw', 'nw', NULL, NULL, 'B', 1, '#BEZUG!', NULL, NULL, NULL, 'P5120082-P5120091', NULL, NULL, NULL, NULL, NULL, NULL, NULL, NULL, NULL),
(1, 16071, NULL, 'FB 05: Medien', NULL, NULL, NULL, 'E-Trakt', 3, 'E 4.46', NULL, NULL, NULL, 'Geb. 4', 3, '543      ', '04.3.019', NULL, NULL, NULL, NULL, NULL, 'Labor für Bildtechnik ', NULL, NULL, NULL, NULL, NULL, 133, 1, 'Stahlschrank', 'Mobiliar sonstige', 95, 42, 195, 0.77805, NULL, 'F', NULL, 'nw', 'nw', NULL, NULL, 'B', 1, '#BEZUG!', NULL, NULL, NULL, 'P5120082-P5120091', NULL, NULL, NULL, NULL, NULL, NULL, NULL, NULL, NULL),
(1, 16072, NULL, 'FB 05: Medien', NULL, NULL, NULL, 'E-Trakt', 3, 'E 4.46', NULL, NULL, NULL, 'Geb. 4', 3, '543      ', '04.3.019', NULL, NULL, NULL, NULL, NULL, 'Labor für Bildtechnik ', NULL, NULL, NULL, NULL, NULL, 133, 3, 'Stahlschrank', 'Mobiliar sonstige', 95, 42, 195, 2.33415, NULL, 'F', NULL, 'lg', 'lg', NULL, NULL, 'B', 1, '#BEZUG!', NULL, NULL, NULL, 'P5120082-P5120091', NULL, NULL, NULL, NULL, NULL, NULL, NULL, NULL, NULL),
(1, 16073, NULL, 'FB 05: Medien', NULL, NULL, NULL, 'E-Trakt', 3, 'E 4.46', NULL, NULL, NULL, 'Geb. 4', 3, '543      ', '04.3.019', NULL, NULL, NULL, NULL, NULL, 'Labor für Bildtechnik ', NULL, NULL, NULL, NULL, NULL, 31, 2, 'Bürodrehstuhl mit Armlehne', 'Büromobiliar Sitzmöbel', 60, 60, 110, 0.792, NULL, NULL, 'Stoff', 'gr', NULL, 'sw', NULL, 'B', 1, NULL, NULL, NULL, NULL, 'P5120082-P5120091', NULL, NULL, NULL, NULL, NULL, NULL, NULL, NULL, NULL);
INSERT INTO `data_import` (`A__Zähler`, `B__Index`, `C__Erfassungsdatum`, `D__Dezernat\/Fachbereich`, `E__Raumnutzungsart`, `F__Land-KZ`, `G__Liegenschafts-Nr. Bestand`, `H__Bauteil-Nr. Bestand`, `I__Etage Bestand`, `J__Raum-Nr. Bestand`, `K__AP-Nr. Bestand`, `L__a1`, `M__Liegenschafts-Nr. neu`, `N__Bauteil-Nr. neu`, `O__Etage neu`, `P__Raum-Nr. neu (PPD-Nr.)`, `Q__Raum-Nr. neu (Raum-ID)`, `R__AP-Nr. neu`, `S__a1`, `T__Anzahl AP im Quell-Raum`, `U__a3`, `V__Name UZK`, `W__Nachname MA / Raumbezeichung`, `X__Vorname MA`, `Y__Titel`, `Z__Tel. MA`, `AA_a4`, `AB_Kürzel`, `AC_Code`, `AD_Anzahl`, `AE_Bezeichnung`, `AF_Cluster Bezeichnung`, `AG_B`, `AH_T`, `AI_H`, `AJ_Volumen in cbm`, `AK_Hersteller/`, `AL_Modell/ Ausfuehrung/Material/Fuss/Form/hv/Fuss /Türart/Anzahl`, `AM_Sitz-Lehne-Bezug/Polsterung/Sockel/u.a.`, `AN_Farbe_Sitz-Lehne_Bezug/Material_Platte/Farbe_Deckplatte/Farbe`, `AO_Rechnername/Zollgroesse/Druckername/Montageart/Farbe_Korpus/F`, `AP_Seitenverh./Tel-Fax-Nr/Farbe_Fuss_/Farbe_Gestell/Farbe_Front/`, `AQ_Weitere Eigenschaft/Rollentyp/drehbar/stapelbar/Rahmenausfueh`, `AR_Zustand`, `AS_Umzug (1/0)`, `AT_De(na) Remon(na)tage erfor(na)derlich`, `AU_Inventar-Nr.`, `AV_Bemerkungen`, `AW_Barcode`, `AX_Bild Nr 1`, `AY_Bild Nr 2`, `AZ_Bild Nr 3`, `BA_Bild Nr 4`, `BB_Bild Nr 5`, `BC_Bild Nr 6`, `BD_Skizze Nr.`, `BE`, `BF`, `BG`) VALUES
(1, 16074, NULL, 'FB 05: Medien', NULL, NULL, NULL, 'E-Trakt', 3, 'E 4.46', NULL, NULL, NULL, 'Geb. 4', 3, '543      ', '04.3.019', NULL, NULL, NULL, NULL, NULL, 'Labor für Bildtechnik ', NULL, NULL, NULL, NULL, NULL, 30, 16, 'Bürodrehstuhl ohne Armlehne', 'Büromobiliar Sitzmöbel', 50, 50, 110, 4.4, NULL, NULL, 'Stoff', 'anthrazit', NULL, 'sw', NULL, 'B', 1, NULL, NULL, NULL, NULL, 'P5120082-P5120091', NULL, NULL, NULL, NULL, NULL, NULL, NULL, NULL, NULL),
(1, 16075, NULL, 'FB 05: Medien', NULL, NULL, NULL, 'E-Trakt', 3, 'E 4.46', NULL, NULL, NULL, 'Geb. 4', 3, '543      ', '04.3.019', NULL, NULL, NULL, NULL, NULL, 'Labor für Bildtechnik ', NULL, NULL, NULL, NULL, NULL, 51, 1, 'Besprechungstisch', 'Büromobiliar', 80, 80, 72, 0.4608, NULL, '4      ', 're', 'Holz/Dekor', 'nw', 'gr', 'Vierkantrahmen ', 'B', 1, NULL, NULL, NULL, NULL, 'P5120082-P5120091', NULL, NULL, NULL, NULL, NULL, NULL, NULL, NULL, NULL),
(1, 16076, NULL, 'FB 05: Medien', NULL, NULL, NULL, 'E-Trakt', 3, 'E 4.46', NULL, NULL, NULL, 'Geb. 4', 3, '543      ', '04.3.019', NULL, NULL, NULL, NULL, NULL, 'Labor für Bildtechnik ', NULL, NULL, NULL, NULL, NULL, 160, 1, 'Whiteboard', 'Whiteboard, Tafel', 200, 5, 100, 0.1, NULL, 'direkt wandverschraubt', NULL, 'ws', NULL, 'Alu/silber', NULL, 'B', 1, '#BEZUG!', NULL, NULL, NULL, 'P5120082-P5120091', NULL, NULL, NULL, NULL, NULL, NULL, NULL, NULL, NULL),
(1, 16077, NULL, 'FB 05: Medien', NULL, NULL, NULL, 'E-Trakt', 3, 'E 4.46', NULL, NULL, NULL, NULL, NULL, NULL, NULL, NULL, NULL, NULL, NULL, NULL, 'Labor für Bildtechnik ', NULL, NULL, NULL, NULL, NULL, NULL, 1, 'Prospektständer', 'sonstige', 71, 42, 133, 0.396606, NULL, 'Metall/Plexiglas', NULL, NULL, NULL, NULL, NULL, 'A', 1, NULL, NULL, NULL, NULL, 'P5120082-P5120091', NULL, NULL, NULL, NULL, NULL, NULL, NULL, NULL, NULL),
(1, 16078, NULL, 'FB 05: Medien', NULL, NULL, NULL, 'E-Trakt', 3, 'E 4.46', NULL, NULL, NULL, 'Geb. 4', 3, '543      ', '04.3.019', NULL, NULL, NULL, NULL, NULL, 'Labor für Bildtechnik ', NULL, NULL, NULL, NULL, NULL, 163, 1, 'Flipchart', 'sonstige', 68, 10, 190, 0.1292, NULL, 'Klappgestell', NULL, 'Alu/Silber', NULL, 'silber', NULL, 'B', 1, NULL, NULL, NULL, NULL, 'P5120082-P5120091', NULL, NULL, NULL, NULL, NULL, NULL, NULL, NULL, NULL),
(1, 16079, NULL, 'FB 05: Medien', NULL, NULL, NULL, 'E-Trakt', 3, 'E 4.46', NULL, NULL, NULL, 'Geb. 4', 3, '543      ', '04.3.019', NULL, NULL, NULL, NULL, NULL, 'Labor für Bildtechnik ', NULL, NULL, NULL, NULL, NULL, 14, 1, 'Gestell mit Rollen für Flat TV', 'Laborequipment', 102, 80, 160, 1.3056, NULL, NULL, NULL, NULL, NULL, NULL, NULL, 'A', 1, 'ja', NULL, NULL, NULL, 'P5120082-P5120091', NULL, NULL, NULL, NULL, NULL, NULL, NULL, NULL, NULL),
(1, 16080, NULL, 'FB 05: Medien', NULL, NULL, NULL, 'E-Trakt', 3, 'E 4.46', NULL, NULL, NULL, 'Geb. 4', 3, '543      ', '04.3.019', NULL, NULL, NULL, NULL, NULL, 'Labor für Bildtechnik ', NULL, NULL, NULL, NULL, NULL, 14, 1, 'TV', 'TV', 136, 12, 78, 0.127296, NULL, NULL, NULL, NULL, NULL, NULL, NULL, 'A', 1, 'ja', NULL, 'Flat TV  ', NULL, 'P5120082-P5120091', NULL, NULL, NULL, NULL, NULL, NULL, NULL, NULL, NULL),
(1, 16081, NULL, 'FB 05: Medien', NULL, NULL, NULL, 'E-Trakt', 3, 'E 4.46', NULL, NULL, NULL, NULL, NULL, NULL, NULL, NULL, NULL, NULL, NULL, NULL, 'Labor für Bildtechnik ', NULL, NULL, NULL, NULL, NULL, 10, 10, 'PC, Tower/Desktop', 'IT', 50, 20, 60, 0.6, NULL, NULL, NULL, NULL, NULL, NULL, NULL, 'B', 1, 'ja', NULL, '(einschl. Tastatur, Maus)', NULL, 'P5120082-P5120091', NULL, NULL, NULL, NULL, NULL, NULL, NULL, NULL, NULL),
(1, 16082, NULL, 'FB 05: Medien', NULL, NULL, NULL, 'E-Trakt', 3, 'E 4.46', NULL, NULL, NULL, NULL, NULL, NULL, NULL, NULL, NULL, NULL, NULL, NULL, 'Labor für Bildtechnik ', NULL, NULL, NULL, NULL, NULL, 14, 11, 'Flachbildschirm', 'IT', 60, 20, 40, 0.528, NULL, NULL, NULL, NULL, NULL, NULL, NULL, 'B', 1, 'ja', NULL, NULL, NULL, 'P5120082-P5120091', NULL, NULL, NULL, NULL, NULL, NULL, NULL, NULL, NULL),
(1, 16083, NULL, 'FB 05: Medien', NULL, NULL, NULL, 'E-Trakt', 3, 'E 4.46', NULL, NULL, NULL, NULL, NULL, NULL, NULL, NULL, NULL, NULL, NULL, NULL, 'Labor für Bildtechnik ', NULL, NULL, NULL, NULL, NULL, 28, 2, 'Röhrenmonitor', 'IT', 60, 60, 50, 0.36, NULL, NULL, NULL, NULL, NULL, NULL, NULL, 'B', 1, 'ja', NULL, NULL, NULL, 'P5120082-P5120091', NULL, NULL, NULL, NULL, NULL, NULL, NULL, NULL, NULL),
(1, 16084, NULL, 'FB 05: Medien', NULL, NULL, NULL, 'E-Trakt', 3, 'E 4.46', NULL, NULL, NULL, NULL, NULL, NULL, NULL, NULL, NULL, NULL, NULL, NULL, 'Labor für Bildtechnik ', NULL, NULL, NULL, NULL, NULL, 15, 1, 'Drucker', 'IT', 50, 50, 50, 0.125, NULL, NULL, NULL, NULL, NULL, NULL, NULL, 'B', 1, 'ja', NULL, NULL, NULL, 'P5120082-P5120091', NULL, NULL, NULL, NULL, NULL, NULL, NULL, NULL, NULL),
(1, 16085, NULL, 'FB 05: Medien', NULL, NULL, NULL, 'E-Trakt', 3, 'E 4.46', NULL, NULL, NULL, NULL, NULL, NULL, NULL, NULL, NULL, NULL, NULL, NULL, 'Labor für Bildtechnik ', NULL, NULL, NULL, NULL, NULL, 17, 1, 'Telefon', 'TK', 20, 20, 10, 0.004, NULL, NULL, NULL, NULL, NULL, 'Tel.-Nummer', NULL, 'B', 1, 'ja', NULL, NULL, NULL, 'P5120082-P5120091', NULL, NULL, NULL, NULL, NULL, NULL, NULL, NULL, NULL),
(1, 16086, NULL, 'FB 05: Medien', NULL, NULL, NULL, 'E-Trakt', 3, 'E 4.46', NULL, NULL, NULL, NULL, NULL, NULL, NULL, NULL, NULL, NULL, NULL, NULL, 'Labor für Bildtechnik ', NULL, NULL, NULL, NULL, NULL, 6, 7, 'Laborwanne', 'Laborwanne', 104, 64, 79, 3.68077, NULL, '7 große Kameras mit Zubehör', NULL, NULL, NULL, NULL, NULL, NULL, 1, '#BEZUG!', NULL, NULL, NULL, 'P5120082-P5120091', NULL, NULL, NULL, NULL, NULL, NULL, NULL, NULL, NULL),
(1, 16087, NULL, 'FB 05: Medien', NULL, NULL, NULL, 'E-Trakt', 3, 'E 4.46', NULL, NULL, NULL, NULL, NULL, NULL, NULL, NULL, NULL, NULL, NULL, NULL, 'Labor für Bildtechnik ', NULL, NULL, NULL, NULL, NULL, 6, 1, 'Laborwanne', 'Laborwanne', 104, 64, 79, 0.525824, NULL, 'Netzteile, Zubehör zu PC´s', NULL, NULL, NULL, NULL, NULL, NULL, 1, '#BEZUG!', NULL, NULL, NULL, 'P5120082-P5120091', NULL, NULL, NULL, NULL, NULL, NULL, NULL, NULL, NULL),
(1, 16088, NULL, 'FB 05: Medien', NULL, NULL, NULL, 'E-Trakt', 3, 'E 4.46', NULL, NULL, NULL, NULL, NULL, NULL, NULL, NULL, NULL, NULL, NULL, NULL, 'Labor für Bildtechnik ', NULL, NULL, NULL, NULL, NULL, 6, 2, 'Laborwanne', 'Laborwanne', 104, 64, 79, 1.05165, NULL, 'alte Abspielgeräte VHS, usw.', NULL, NULL, NULL, NULL, NULL, NULL, 1, '#BEZUG!', NULL, NULL, NULL, 'P5120082-P5120091', NULL, NULL, NULL, NULL, NULL, NULL, NULL, NULL, NULL),
(1, 16089, NULL, 'FB 05: Medien', NULL, NULL, NULL, 'E-Trakt', 3, 'E 4.46', NULL, NULL, NULL, NULL, NULL, NULL, NULL, NULL, NULL, NULL, NULL, NULL, 'Labor für Bildtechnik ', NULL, NULL, NULL, NULL, NULL, 6, 5, 'Laborwanne', 'Laborwanne', 104, 64, 79, 2.62912, NULL, 'ca. 5 Kamera Stative u Inhalt vo', NULL, NULL, NULL, NULL, NULL, NULL, 1, '#BEZUG!', NULL, NULL, NULL, 'P5120082-P5120091', NULL, NULL, NULL, NULL, NULL, NULL, NULL, NULL, NULL),
(1, 16090, NULL, 'FB 05: Medien', NULL, NULL, NULL, 'E-Trakt', 3, 'E 4.46', NULL, NULL, NULL, NULL, NULL, NULL, NULL, NULL, NULL, NULL, NULL, NULL, 'Labor für Bildtechnik ', NULL, NULL, NULL, NULL, NULL, 158, 3, 'Papierkorb', 'sonstige', 30, 30, 30, 0.081, NULL, NULL, NULL, NULL, NULL, NULL, NULL, 'B', 1, NULL, NULL, NULL, NULL, 'P5120082-P5120091', NULL, NULL, NULL, NULL, NULL, NULL, NULL, NULL, NULL),
(1, 16091, NULL, 'FB 05: Medien', NULL, NULL, NULL, 'E-Trakt', 3, 'E 4.46', NULL, NULL, NULL, NULL, NULL, NULL, NULL, NULL, NULL, NULL, NULL, NULL, 'Labor für Bildtechnik ', NULL, NULL, NULL, NULL, NULL, 21, 1, 'Scanner', 'IT', 50, 140, 120, 0.84, NULL, NULL, NULL, NULL, NULL, NULL, NULL, 'B', 1, 'ja', NULL, NULL, NULL, 'P5120082-P5120091', NULL, NULL, NULL, NULL, NULL, NULL, NULL, NULL, NULL),
(1, 16092, NULL, 'FB 05: Medien', NULL, NULL, NULL, 'E-Trakt', 3, 'E 4.46', NULL, NULL, NULL, NULL, NULL, NULL, NULL, NULL, NULL, NULL, NULL, NULL, 'Labor für Bildtechnik ', NULL, NULL, NULL, NULL, NULL, 20, 10, 'Lautsprecher', 'Medientechnik', 15, 10, 20, 0.03, NULL, NULL, NULL, NULL, NULL, NULL, NULL, 'B', 1, 'ja', NULL, NULL, NULL, 'P5120082-P5120091', NULL, NULL, NULL, NULL, NULL, NULL, NULL, NULL, NULL),
(1, 16093, NULL, 'FB 05: Medien', NULL, NULL, NULL, 'E-Trakt', 3, 'E 4.46', NULL, NULL, NULL, NULL, NULL, NULL, NULL, NULL, NULL, NULL, NULL, NULL, 'Labor für Bildtechnik ', NULL, NULL, NULL, NULL, NULL, 3, 2, 'lfm Akten', 'Akten', 100, 30, 33, 0.198, NULL, NULL, NULL, NULL, NULL, NULL, NULL, NULL, 1, NULL, NULL, NULL, NULL, 'P5120082-P5120091', NULL, NULL, NULL, NULL, NULL, NULL, NULL, NULL, NULL),
(1, 16094, NULL, 'FB 05: Medien', NULL, NULL, NULL, 'E-Trakt', 3, 'E 4.46', NULL, NULL, NULL, NULL, NULL, NULL, NULL, NULL, NULL, NULL, NULL, NULL, 'Labor für Bildtechnik ', NULL, NULL, NULL, NULL, NULL, 1, 10, 'Umzugskarton', 'Umzugskarton', 59, 38, 35, 0.7847, NULL, NULL, NULL, NULL, NULL, NULL, NULL, NULL, 1, NULL, NULL, NULL, NULL, 'P5120082-P5120091', NULL, NULL, NULL, NULL, NULL, NULL, NULL, NULL, NULL),
(1, 16209, NULL, 'FB 05: Medien', NULL, NULL, NULL, 'E-Trakt', 3, 'E 4.06', NULL, NULL, NULL, 'Geb. 4', 3, '562      ', '04.3.002', NULL, NULL, NULL, NULL, NULL, 'Serverraum  ', 'Hr. Nielson', NULL, NULL, NULL, NULL, NULL, 1, 'Serverschrank', 'IT', 160, 60, 215, 2.064, NULL, NULL, 'Metall', 'Glastür', NULL, NULL, NULL, 'A', 1, NULL, NULL, NULL, NULL, 'P5130085-P5130089', NULL, NULL, NULL, NULL, NULL, NULL, NULL, NULL, NULL),
(1, 16210, NULL, 'FB 05: Medien', NULL, NULL, NULL, 'E-Trakt', 3, 'E 4.06', NULL, NULL, NULL, 'Geb. 4', 3, '515      ', '04.3.005', 1, NULL, NULL, NULL, NULL, 'Serverraum  ', 'Hr. Nielson', NULL, NULL, NULL, NULL, 133, 2, 'Stahlschrank', 'Mobiliar sonstige', 95, 60, 195, 2.223, NULL, 'F', NULL, 'gr', 'gr', 'gr', NULL, 'A', 1, '#BEZUG!', NULL, 'gehen zu Hr. Nielson ins Büro !!', NULL, 'P5130085-P5130089', NULL, NULL, NULL, NULL, NULL, NULL, NULL, NULL, NULL),
(1, 16211, NULL, 'FB 05: Medien', NULL, NULL, NULL, 'E-Trakt', 3, 'E 4.06', NULL, NULL, NULL, 'Geb. 4', 3, '526      ', '04.3.011', 1, NULL, NULL, NULL, NULL, 'Serverraum  ', 'Hr. Nielson', NULL, NULL, NULL, NULL, NULL, 1, '19 Zoll Rack', 'IT', 80, 80, 200, 1.28, NULL, 'Metall', 'gr', NULL, NULL, NULL, NULL, 'A', 1, NULL, NULL, 'geht im Neubau in Raum 5.26 !!!', NULL, 'P5130085-P5130089', NULL, NULL, NULL, NULL, NULL, NULL, NULL, NULL, NULL),
(1, 16212, NULL, 'FB 05: Medien', NULL, NULL, NULL, 'E-Trakt', 3, 'E 4.06', NULL, NULL, NULL, 'Geb. 4', 3, '515      ', '04.3.005', 1, NULL, NULL, NULL, NULL, 'Serverraum  ', 'Hr. Nielson', NULL, NULL, NULL, NULL, NULL, 1, '19 Zoll Rack', 'IT', 54, 54, 72, 0.209952, NULL, 'Metall', 'gr', NULL, NULL, NULL, NULL, 'A', 1, NULL, NULL, 'gehen zu Hr. Nielson ins Büro !!', NULL, 'P5130085-P5130089', NULL, NULL, NULL, NULL, NULL, NULL, NULL, NULL, NULL),
(1, 16213, NULL, 'FB 05: Medien', NULL, NULL, NULL, 'S-Trakt', 1, 'S 1.13b', NULL, NULL, NULL, 'Geb. 4', 1, 'N33_G4_FB5_S113b', '04.1.011', NULL, NULL, NULL, NULL, NULL, 'SupriXmedia Labor', 'Hr. Emmerich', NULL, NULL, NULL, NULL, 60, 3, 'Schreibtisch', 'Büromobiliar', 120, 100, 72, 2.592, NULL, '4      ', 'fix', 'Holz/Dekor', 'nw', 'nw', NULL, 'B', 1, '#BEZUG!', NULL, '(regelmäßiges Viereck, Rechteck,', NULL, 'P5130090-P5130102', NULL, NULL, NULL, NULL, NULL, NULL, NULL, NULL, NULL),
(1, 16214, NULL, 'FB 05: Medien', NULL, NULL, NULL, 'S-Trakt', 1, 'S 1.13b', NULL, NULL, NULL, 'Geb. 4', 1, 'N33.G4.FB5_S113a', '04.1.012', NULL, NULL, NULL, NULL, NULL, 'SupriXmedia Labor', 'Hr. Emmerich', NULL, NULL, NULL, NULL, 60, 1, 'Schreibtisch mit Rückwand', 'Büromobiliar', 160, 90, 72, 1.0368, NULL, 'T', 'fix', 'Holz/Dekor', 'nw', 'nw', NULL, 'B', 1, '#BEZUG!', NULL, '(regelmäßiges Viereck, Rechteck,', NULL, 'P5130090-P5130102', NULL, NULL, NULL, NULL, NULL, NULL, NULL, NULL, NULL),
(1, 16215, NULL, 'FB 05: Medien', NULL, NULL, NULL, 'S-Trakt', 1, 'S 1.13b', NULL, NULL, NULL, 'Geb. 4', 1, 'N33.G4.FB5_S113a', '04.1.012', NULL, NULL, NULL, NULL, NULL, 'SupriXmedia Labor', 'Hr. Emmerich', NULL, NULL, NULL, 'rc', 101, 1, 'Rollcontainer', 'Büromobiliar', 45, 80, 56, 0.2016, NULL, NULL, 'Metall', 'nw', 'nw', 'nw', NULL, 'B', 1, NULL, NULL, NULL, NULL, 'P5130090-P5130102', NULL, NULL, NULL, NULL, NULL, NULL, NULL, NULL, NULL),
(1, 16216, NULL, 'FB 05: Medien', NULL, NULL, NULL, 'S-Trakt', 1, 'S 1.13b', NULL, NULL, NULL, 'Geb. 4', 1, 'N33.G4.FB5_S113a', '04.1.012', NULL, NULL, NULL, NULL, NULL, 'SupriXmedia Labor', 'Hr. Emmerich', NULL, NULL, NULL, 'rc', 101, 1, 'Rollcontainer', 'Büromobiliar', 45, 50, 56, 0.126, NULL, NULL, 'Holz/Dekor', 'grau', 'grau', 'grau', NULL, 'B', 1, NULL, NULL, NULL, NULL, 'P5130090-P5130102', NULL, NULL, NULL, NULL, NULL, NULL, NULL, NULL, NULL),
(1, 16217, NULL, 'FB 05: Medien', NULL, NULL, NULL, 'S-Trakt', 1, 'S 1.13b', NULL, NULL, NULL, 'Geb. 4', 1, 'N33.G4.FB5_S113a', '04.1.012', NULL, NULL, NULL, NULL, NULL, 'SupriXmedia Labor', 'Hr. Emmerich', NULL, NULL, NULL, NULL, 168, 1, 'Schultafel auf Rollgestell', 'Whiteboard, Tafel', 155, 52, 170, 1.3702, NULL, NULL, 'Metall', 'ws', NULL, 'ws', NULL, 'B', 1, '#BEZUG!', NULL, 'mit Rollen', NULL, 'P5130090-P5130102', NULL, NULL, NULL, NULL, NULL, NULL, NULL, NULL, NULL),
(1, 16218, NULL, 'FB 05: Medien', NULL, NULL, NULL, 'S-Trakt', 1, 'S 1.13b', NULL, NULL, NULL, 'Geb. 4', 1, 'N33.G4.FB5_S113a', '04.1.012', NULL, NULL, NULL, NULL, NULL, 'SupriXmedia Labor', 'Hr. Emmerich', NULL, NULL, NULL, NULL, 133, 1, 'Stahlschrank', 'Mobiliar sonstige', 95, 42, 195, 0.77805, NULL, 'F', NULL, 'gr', 'gr', NULL, NULL, 'B', 1, '#BEZUG!', NULL, NULL, NULL, 'P5130090-P5130102', NULL, NULL, NULL, NULL, NULL, NULL, NULL, NULL, NULL),
(1, 16219, NULL, 'FB 05: Medien', NULL, NULL, NULL, 'S-Trakt', 1, 'S 1.13b', NULL, NULL, NULL, NULL, NULL, NULL, NULL, NULL, NULL, NULL, NULL, NULL, 'SupriXmedia Labor', 'Hr. Emmerich', NULL, NULL, NULL, NULL, 137, 1, 'Spind', 'Mobiliar sonstige', 90, 50, 185, 0.8325, NULL, NULL, 'Sockel/nw', 'nw', 'nw', NULL, NULL, 'B', 1, '#BEZUG!', NULL, '15 Fächer mit Türen rechts', NULL, 'P5130090-P5130102', NULL, NULL, NULL, NULL, NULL, NULL, NULL, NULL, NULL),
(1, 16220, NULL, 'FB 05: Medien', NULL, NULL, NULL, 'S-Trakt', 1, 'S 1.13b', NULL, NULL, NULL, 'Geb. 4', 1, 'N33_G4_FB5_S113b', '04.1.011', NULL, NULL, NULL, NULL, NULL, 'SupriXmedia Labor', 'Hr. Emmerich', NULL, NULL, NULL, NULL, NULL, 3, 'Serverschrank / Rack', 'IT', 65, 75, 204, 2.9835, NULL, 'Metall', NULL, 'gr', 'silber', NULL, NULL, 'B', 1, NULL, NULL, NULL, NULL, 'P5130090-P5130102', NULL, NULL, NULL, NULL, NULL, NULL, NULL, NULL, NULL),
(1, 16221, NULL, 'FB 05: Medien', NULL, NULL, NULL, 'S-Trakt', 1, 'S 1.13b', NULL, NULL, NULL, 'Geb. 4', 1, 'N33.G4.FB5_S113a', '04.1.012', NULL, NULL, NULL, NULL, NULL, 'SupriXmedia Labor', 'Hr. Emmerich', NULL, NULL, NULL, NULL, 134, 1, 'Tresor', 'Tresor', 120, 52, 100, 0.624, NULL, NULL, '300      ', 'gr', 'gr', NULL, NULL, 'B', 1, 'ja', NULL, NULL, NULL, 'P5130090-P5130102', NULL, NULL, NULL, NULL, NULL, NULL, NULL, NULL, NULL),
(1, 16222, NULL, 'FB 05: Medien', NULL, NULL, NULL, 'S-Trakt', 1, 'S 1.13b', NULL, NULL, NULL, 'Geb. 4', 1, 'N33.G4.FB5_S113a', '04.1.012', NULL, NULL, NULL, NULL, NULL, 'SupriXmedia Labor', 'Hr. Emmerich', NULL, NULL, NULL, NULL, 110, 1, 'Sideboard Blech mit 2 Türen auf ', 'Büromobiliar', 60, 40, 105, 0.252, NULL, 'F', 'Gestell/gr', 'gr', 'gr', NULL, NULL, 'B', 1, '#BEZUG!', NULL, '2 Fächer übereinander mit Türen', NULL, 'P5130090-P5130102', NULL, NULL, NULL, NULL, NULL, NULL, NULL, NULL, NULL),
(1, 16223, NULL, 'FB 05: Medien', NULL, NULL, NULL, 'S-Trakt', 1, 'S 1.13b', NULL, NULL, NULL, 'Geb. 4', 1, 'N33.G4.FB5_S113a', '04.1.012', NULL, NULL, NULL, NULL, NULL, 'SupriXmedia Labor', 'Hr. Emmerich', NULL, NULL, NULL, NULL, 99, 3, 'Stehput mit rechteckiger Platte', 'Mobiliar sonstige', 50, 37, 80, 0.444, NULL, 'Gestell  ', 'mhv', 'Blech', 'sw', 'sw', NULL, 'B', 1, '#BEZUG!', NULL, NULL, NULL, 'P5130090-P5130102', NULL, NULL, NULL, NULL, NULL, NULL, NULL, NULL, NULL),
(1, 16224, NULL, 'FB 05: Medien', NULL, NULL, NULL, 'S-Trakt', 1, 'S 1.13b', NULL, NULL, NULL, NULL, NULL, NULL, NULL, NULL, NULL, NULL, NULL, NULL, 'SupriXmedia Labor', 'Hr. Emmerich', NULL, NULL, NULL, NULL, NULL, 1, '24 LED Leisten mit Palette', 'Laborequipment', 106, 76, 20, 0.16112, NULL, 'Holzpalette', 'LED Leisten Kunststoff sw', NULL, NULL, NULL, NULL, 'B', 1, NULL, NULL, 'LED Leisten sind auf Palette gel', NULL, 'P5130090-P5130102', NULL, NULL, NULL, NULL, NULL, NULL, NULL, NULL, NULL),
(1, 16225, NULL, 'FB 05: Medien', NULL, NULL, NULL, 'S-Trakt', 1, 'S 1.13b', NULL, NULL, NULL, NULL, NULL, NULL, NULL, NULL, NULL, NULL, NULL, NULL, 'SupriXmedia Labor', 'Hr. Emmerich', NULL, NULL, NULL, NULL, 166, 1, 'Leinwand', 'Medientechnik', 300, 10, 10, 0.03, NULL, NULL, NULL, NULL, NULL, 'ws', NULL, 'B', 1, NULL, NULL, 'große Rolle !!!!!', NULL, 'P5130090-P5130102', NULL, NULL, NULL, NULL, NULL, NULL, NULL, NULL, NULL),
(1, 16226, NULL, 'FB 05: Medien', NULL, NULL, NULL, 'S-Trakt', 1, 'S 1.13b', NULL, NULL, NULL, 'Geb. 4', 1, 'N33_G4_FB5_S113b', '04.1.011', NULL, NULL, NULL, NULL, NULL, 'SupriXmedia Labor', 'Hr. Emmerich', NULL, NULL, NULL, NULL, 30, 3, 'Bürodrehstuhl ohne Armlehne', 'Büromobiliar Sitzmöbel', 50, 50, 110, 0.825, NULL, NULL, 'Stoff', 'anthrazit', NULL, 'sw', NULL, 'B', 1, NULL, NULL, NULL, NULL, 'P5130090-P5130102', NULL, NULL, NULL, NULL, NULL, NULL, NULL, NULL, NULL),
(1, 16227, NULL, 'FB 05: Medien', NULL, NULL, NULL, 'S-Trakt', 1, 'S 1.13b', NULL, NULL, NULL, NULL, NULL, NULL, NULL, NULL, NULL, NULL, NULL, NULL, 'SupriXmedia Labor', 'Hr. Emmerich', NULL, NULL, NULL, NULL, 28, 2, 'Röhrenmonitor', 'IT', 60, 60, 50, 0.36, NULL, NULL, NULL, NULL, NULL, NULL, NULL, 'B', 1, 'ja', NULL, NULL, NULL, 'P5130090-P5130102', NULL, NULL, NULL, NULL, NULL, NULL, NULL, NULL, NULL),
(1, 16228, NULL, 'FB 05: Medien', NULL, NULL, NULL, 'S-Trakt', 1, 'S 1.13b', NULL, NULL, NULL, 'Geb. 4', 1, 'N33.G4.FB5_S113a', '04.1.012', NULL, NULL, NULL, NULL, NULL, 'SupriXmedia Labor', 'Hr. Emmerich', NULL, NULL, NULL, NULL, 51, 1, 'Besprechungstisch', 'Büromobiliar', 160, 60, 72, 0.6912, NULL, '4      ', 're', 'Holz/Dekor', 'ei', 'dgr', 'Vierkantrahmen ', 'B', 1, NULL, NULL, NULL, NULL, 'P5130090-P5130102', NULL, NULL, NULL, NULL, NULL, NULL, NULL, NULL, NULL),
(1, 16229, NULL, 'FB 05: Medien', NULL, NULL, NULL, 'S-Trakt', 1, 'S 1.13b', NULL, NULL, NULL, NULL, NULL, NULL, NULL, NULL, NULL, NULL, NULL, NULL, 'SupriXmedia Labor', 'Hr. Emmerich', NULL, NULL, NULL, NULL, 158, 1, 'Papierkorb', 'sonstige', 30, 30, 30, 0.027, NULL, NULL, NULL, NULL, NULL, NULL, NULL, 'B', 1, NULL, NULL, NULL, NULL, 'P5130090-P5130102', NULL, NULL, NULL, NULL, NULL, NULL, NULL, NULL, NULL),
(1, 16230, NULL, 'FB 05: Medien', NULL, NULL, NULL, 'S-Trakt', 1, 'S 1.13b', NULL, NULL, NULL, NULL, NULL, NULL, NULL, NULL, NULL, NULL, NULL, NULL, 'SupriXmedia Labor', 'Hr. Emmerich', NULL, NULL, NULL, NULL, 15, 2, 'Drucker', 'IT', 50, 50, 50, 0.25, NULL, NULL, NULL, NULL, NULL, NULL, NULL, 'B', 1, 'ja', NULL, NULL, NULL, 'P5130090-P5130102', NULL, NULL, NULL, NULL, NULL, NULL, NULL, NULL, NULL),
(1, 16231, NULL, 'FB 05: Medien', NULL, NULL, NULL, 'S-Trakt', 1, 'S 1.13b', NULL, NULL, NULL, NULL, NULL, NULL, NULL, NULL, NULL, NULL, NULL, NULL, 'SupriXmedia Labor', 'Hr. Emmerich', NULL, NULL, NULL, NULL, 14, 11, 'Flachbildschirm', 'IT', 60, 20, 40, 0.528, NULL, NULL, NULL, NULL, NULL, NULL, NULL, 'B', 1, 'ja', NULL, NULL, NULL, 'P5130090-P5130102', NULL, NULL, NULL, NULL, NULL, NULL, NULL, NULL, NULL),
(1, 16232, NULL, 'FB 05: Medien', NULL, NULL, NULL, 'S-Trakt', 1, 'S 1.13b', NULL, NULL, NULL, NULL, NULL, NULL, NULL, NULL, NULL, NULL, NULL, NULL, 'SupriXmedia Labor', 'Hr. Emmerich', NULL, NULL, NULL, NULL, 10, 7, 'PC, Tower/Desktop', 'IT', 50, 20, 60, 0.42, NULL, NULL, NULL, NULL, NULL, NULL, NULL, 'B', 1, 'ja', NULL, '(einschl. Tastatur, Maus)', NULL, 'P5130090-P5130102', NULL, NULL, NULL, NULL, NULL, NULL, NULL, NULL, NULL),
(1, 16233, NULL, 'FB 05: Medien', NULL, NULL, NULL, 'S-Trakt', 1, 'S 1.13b', NULL, NULL, NULL, NULL, NULL, NULL, NULL, NULL, NULL, NULL, NULL, NULL, 'SupriXmedia Labor', 'Hr. Emmerich', NULL, NULL, NULL, NULL, 20, 4, 'Lautsprecher', 'Medientechnik', 15, 10, 20, 0.012, NULL, NULL, NULL, NULL, NULL, NULL, NULL, 'B', 1, 'ja', NULL, NULL, NULL, 'P5130090-P5130102', NULL, NULL, NULL, NULL, NULL, NULL, NULL, NULL, NULL),
(1, 16234, NULL, 'FB 05: Medien', NULL, NULL, NULL, 'S-Trakt', 1, 'S 1.13b', NULL, NULL, NULL, NULL, NULL, NULL, NULL, NULL, NULL, NULL, NULL, NULL, 'SupriXmedia Labor', 'Hr. Emmerich', NULL, NULL, NULL, NULL, 6, 3, 'Laborwanne', 'Laborwanne', 104, 64, 79, 1.57747, NULL, 'Mischpult, Eventlaser, Halogenst', NULL, NULL, NULL, NULL, NULL, NULL, 1, '#BEZUG!', NULL, 'steht im Raum und aus Stahlschra', NULL, 'P5130090-P5130102', NULL, NULL, NULL, NULL, NULL, NULL, NULL, NULL, NULL),
(1, 16235, NULL, 'FB 05: Medien', NULL, NULL, NULL, 'S-Trakt', 1, 'S 1.13b', NULL, NULL, NULL, NULL, NULL, NULL, NULL, NULL, NULL, NULL, NULL, NULL, 'SupriXmedia Labor', 'Hr. Emmerich', NULL, NULL, NULL, NULL, 1, 5, 'Umzugskarton', 'Umzugskarton', 59, 38, 35, 0.39235, NULL, NULL, NULL, NULL, NULL, NULL, NULL, NULL, 1, NULL, NULL, NULL, NULL, 'P5130090-P5130102', NULL, NULL, NULL, NULL, NULL, NULL, NULL, NULL, NULL),
(1, 16242, NULL, 'FB 05: Medien', NULL, NULL, NULL, 'L-Trakt', -1, 'L 0.9', NULL, NULL, NULL, 'Geb. 4', 1, '38      ', '04.1.001', NULL, NULL, NULL, NULL, NULL, 'Seminarraum', NULL, NULL, NULL, NULL, NULL, 51, 24, 'Besprechungstisch', 'Büromobiliar', 140, 70, 72, 16.9344, NULL, '4      ', 're', 'Holz/Dekor', 'ws', 'dgr', 'Vierkantrahmen ', 'B', 1, NULL, NULL, NULL, NULL, 'P5130122-P5130126', NULL, NULL, NULL, NULL, NULL, NULL, NULL, NULL, NULL),
(1, 16243, NULL, 'FB 05: Medien', NULL, NULL, NULL, 'L-Trakt', -1, 'L 0.9', NULL, NULL, NULL, 'Geb. 4', 1, '38      ', '04.1.001', NULL, NULL, NULL, NULL, NULL, 'Seminarraum', NULL, NULL, NULL, NULL, NULL, 42, 41, 'Seminarstuhl', 'Mobiliar Seminar', 45, 50, 70, 6.4575, NULL, '4      ', 'Holz', 'bu', NULL, 'chr', NULL, 'B', 0, NULL, NULL, NULL, NULL, 'P5130122-P5130126', NULL, NULL, NULL, NULL, NULL, NULL, NULL, NULL, NULL),
(1, 16244, NULL, 'FB 05: Medien', NULL, NULL, NULL, 'L-Trakt', -1, 'L 0.9', NULL, NULL, NULL, NULL, NULL, NULL, NULL, NULL, NULL, NULL, NULL, NULL, 'Seminarraum', NULL, NULL, NULL, NULL, NULL, 26, 1, 'Tageslichtprojektor', 'Medientechnik', 40, 40, 60, 0.096, NULL, NULL, NULL, NULL, NULL, NULL, NULL, 'B', 1, NULL, NULL, NULL, NULL, 'P5130122-P5130126', NULL, NULL, NULL, NULL, NULL, NULL, NULL, NULL, NULL),
(1, 16245, NULL, 'FB 05: Medien', NULL, NULL, NULL, 'L-Trakt', -1, 'L 0.9', NULL, NULL, NULL, 'Geb. 4', 1, '38      ', '04.1.001', NULL, NULL, NULL, NULL, NULL, 'Seminarraum', NULL, NULL, NULL, NULL, NULL, 27, 1, 'Gestellwagen für Tageslichtproje', 'sonstige', 130, 50, 72, 0.468, NULL, NULL, NULL, NULL, NULL, NULL, NULL, 'B', 1, NULL, NULL, NULL, NULL, 'P5130122-P5130126', NULL, NULL, NULL, NULL, NULL, NULL, NULL, NULL, NULL),
(1, 16246, NULL, 'FB 05: Medien', NULL, NULL, NULL, 'L-Trakt', -1, 'L 0.9', NULL, NULL, NULL, NULL, NULL, NULL, NULL, NULL, NULL, NULL, NULL, NULL, 'Seminarraum', NULL, NULL, NULL, NULL, NULL, 160, 2, 'Whiteboard', 'Whiteboard, Tafel', 180, 5, 120, 0.216, NULL, 'direkt wandverschraubt', NULL, NULL, NULL, 'Alu/silber', NULL, 'B', 1, '#BEZUG!', NULL, NULL, NULL, 'P5130122-P5130126', NULL, NULL, NULL, NULL, NULL, NULL, NULL, NULL, NULL),
(1, 16247, NULL, 'FB 05: Medien', NULL, NULL, NULL, 'L-Trakt', -1, 'L 0.9', NULL, NULL, NULL, NULL, NULL, NULL, NULL, NULL, NULL, NULL, NULL, NULL, 'Seminarraum', NULL, NULL, NULL, NULL, NULL, 24, 1, 'Beamer', 'Medientechnik', 40, 40, 20, 0.032, NULL, NULL, NULL, NULL, 'deckenmontiert', NULL, NULL, 'B', 1, NULL, NULL, 'Deckenbefestigt', NULL, 'P5130122-P5130126', NULL, NULL, NULL, NULL, NULL, NULL, NULL, NULL, NULL),
(1, 16248, NULL, 'FB 05: Medien', NULL, NULL, NULL, 'L-Trakt', -1, 'L 0.9', NULL, NULL, NULL, NULL, NULL, NULL, NULL, NULL, NULL, NULL, NULL, NULL, 'Seminarraum', NULL, NULL, NULL, NULL, NULL, 158, 1, 'Papierkorb', 'sonstige', 30, 30, 30, 0.027, NULL, NULL, NULL, NULL, NULL, NULL, NULL, 'B', 1, NULL, NULL, NULL, NULL, 'P5130122-P5130126', NULL, NULL, NULL, NULL, NULL, NULL, NULL, NULL, NULL),
(1, 16249, NULL, 'FB 05: Medien', NULL, NULL, NULL, 'L-Trakt', -1, 'L 0.9', NULL, NULL, NULL, NULL, NULL, NULL, NULL, NULL, NULL, NULL, NULL, NULL, 'Seminarraum', NULL, NULL, NULL, NULL, NULL, 169, 2, 'Schultafel wandverschraubt', 'Whiteboard, Tafel', 210, 15, 165, 1.0395, NULL, NULL, NULL, 'grün', NULL, 'Alu/silber', NULL, 'B', 1, 'ja', NULL, NULL, NULL, 'P5130122-P5130126', NULL, NULL, NULL, NULL, NULL, NULL, NULL, NULL, NULL),
(1, 16250, NULL, 'FB 05: Medien', NULL, NULL, NULL, 'L-Trakt', -1, 'L 0.9', NULL, NULL, NULL, NULL, NULL, NULL, NULL, NULL, NULL, NULL, NULL, NULL, 'Seminarraum', NULL, NULL, NULL, NULL, NULL, 167, 1, 'Leinwand', 'Medientechnik', 260, 15, 15, 0.0585, NULL, 'elektrisch', NULL, NULL, NULL, 'ws', NULL, 'B', 1, 'ja', NULL, 'Leinwand wandverschraubt', NULL, 'P5130122-P5130126', NULL, NULL, NULL, NULL, NULL, NULL, NULL, NULL, NULL),
(1, 16251, NULL, 'FB 05: Medien', NULL, NULL, NULL, 'L-Trakt', -1, 'L 0.9', NULL, NULL, NULL, NULL, NULL, NULL, NULL, NULL, NULL, NULL, NULL, NULL, 'Seminarraum', NULL, NULL, NULL, NULL, NULL, 167, 1, 'Leinwand', 'Medientechnik', 160, 15, 160, 0.384, NULL, NULL, NULL, NULL, NULL, 'Alu/silber', NULL, 'B', 1, 'ja', NULL, 'Leinwand wandverschraubt', NULL, 'P5130122-P5130126', NULL, NULL, NULL, NULL, NULL, NULL, NULL, NULL, NULL),
(1, 16252, NULL, 'FB 05: Medien', NULL, NULL, NULL, 'H-Trakt', 1, 'H 1.18', NULL, NULL, NULL, 'Geb. 4', 2, '1030      ', '04.2.022', NULL, NULL, NULL, NULL, NULL, 'Lernraum FB Medien', NULL, NULL, NULL, NULL, NULL, 51, 8, 'Besprechungstisch', 'Büromobiliar', 120, 70, 72, 4.8384, 'WINI', '4      ', 're', 'Holz/Dekor', 'lg/lg/dgr Umleimer', 'lg', 'Vierkantrahmen ', 'A', 1, NULL, NULL, NULL, NULL, 'P5130127-P5130139', NULL, NULL, NULL, NULL, NULL, NULL, NULL, NULL, NULL),
(1, 16253, NULL, 'FB 05: Medien', NULL, NULL, NULL, 'H-Trakt', 1, 'H 1.18', NULL, NULL, NULL, 'Geb. 4', 2, '1030      ', '04.2.022', NULL, NULL, NULL, NULL, NULL, 'Lernraum FB Medien', NULL, NULL, NULL, NULL, NULL, 51, 2, 'Besprechungstisch', 'Büromobiliar', 140, 70, 72, 1.4112, 'WINI', '4      ', 're', 'Holz/Dekor', 'lg/lg/dgr Umleimer', 'lg', 'Vierkantrahmen ', 'A', 1, NULL, NULL, NULL, NULL, 'P5130127-P5130139', NULL, NULL, NULL, NULL, NULL, NULL, NULL, NULL, NULL),
(1, 16254, NULL, 'FB 05: Medien', NULL, NULL, NULL, 'H-Trakt', 1, 'H 1.18', NULL, NULL, NULL, 'Geb. 4', 2, '1030      ', '04.2.022', NULL, NULL, NULL, NULL, NULL, 'Lernraum FB Medien', NULL, NULL, NULL, NULL, NULL, 42, 18, 'Seminarstuhl', 'Mobiliar sonstige', 45, 50, 70, 2.835, NULL, '4      ', 'Holz', 'bu', NULL, 'chr', NULL, 'B', 1, NULL, NULL, NULL, NULL, 'P5130127-P5130139', NULL, NULL, NULL, NULL, NULL, NULL, NULL, NULL, NULL),
(1, 16255, NULL, 'FB 05: Medien', NULL, NULL, NULL, 'H-Trakt', 1, 'H 1.18', NULL, NULL, NULL, 'Geb. 4', 2, '1030      ', '04.2.022', NULL, NULL, NULL, NULL, NULL, 'Lernraum FB Medien', NULL, NULL, NULL, NULL, NULL, 31, 2, 'Bürodrehstuhl mit Armlehne', 'Büromobiliar Sitzmöbel', 60, 60, 110, 0.792, NULL, NULL, 'Stoff', 'br', NULL, 'sw', NULL, 'B', 1, NULL, NULL, NULL, NULL, 'P5130127-P5130139', NULL, NULL, NULL, NULL, NULL, NULL, NULL, NULL, NULL),
(1, 16256, NULL, 'FB 05: Medien', NULL, NULL, NULL, 'H-Trakt', 1, 'H 1.18', NULL, NULL, NULL, 'Geb. 4', 2, '1030      ', '04.2.022', NULL, NULL, NULL, NULL, NULL, 'Lernraum FB Medien', NULL, NULL, NULL, NULL, NULL, 31, 1, 'Bürodrehstuhl mit Armlehne', 'Büromobiliar Sitzmöbel', 60, 60, 110, 0.396, NULL, NULL, 'Stoff', 'gr', NULL, 'sw', NULL, 'B', 1, NULL, NULL, NULL, NULL, 'P5130127-P5130139', NULL, NULL, NULL, NULL, NULL, NULL, NULL, NULL, NULL),
(1, 16257, NULL, 'FB 05: Medien', NULL, NULL, NULL, 'H-Trakt', 1, 'H 1.18', NULL, NULL, NULL, 'Geb. 4', 2, '1030      ', '04.2.022', NULL, NULL, NULL, NULL, NULL, 'Lernraum FB Medien', NULL, NULL, NULL, NULL, NULL, 40, 1, 'Sofa', 'Mobiliar sonstige', 175, 80, 70, 0.98, NULL, NULL, 'Stoff ', 'grau', NULL, 'sw', NULL, 'B', 1, '#BEZUG!', NULL, NULL, NULL, 'P5130127-P5130139', NULL, NULL, NULL, NULL, NULL, NULL, NULL, NULL, NULL),
(1, 16258, NULL, 'FB 05: Medien', NULL, NULL, NULL, 'H-Trakt', 1, 'H 1.18', NULL, NULL, NULL, 'Geb. 4', 2, '1030      ', '04.2.022', NULL, NULL, NULL, NULL, NULL, 'Lernraum FB Medien', NULL, NULL, NULL, NULL, NULL, 39, 1, 'Sessel', 'Mobiliar sonstige', 90, 80, 70, 0.504, NULL, NULL, 'Stoff', 'grau', NULL, 'sw', NULL, 'B', 1, '#BEZUG!', NULL, NULL, NULL, 'P5130127-P5130139', NULL, NULL, NULL, NULL, NULL, NULL, NULL, NULL, NULL),
(1, 16259, NULL, 'FB 05: Medien', NULL, NULL, NULL, 'H-Trakt', 1, 'H 1.18', NULL, NULL, NULL, 'Geb. 4', 2, '1030      ', '04.2.022', NULL, NULL, NULL, NULL, NULL, 'Lernraum FB Medien', NULL, NULL, NULL, NULL, NULL, 39, 2, 'Sessel', 'Mobiliar sonstige', 72, 100, 90, 1.296, NULL, NULL, 'Leder', 'Sitzfläche Leder braun', NULL, 'Gestell Holz eiche', NULL, 'B', 1, '#BEZUG!', NULL, NULL, NULL, 'P5130127-P5130139', NULL, NULL, NULL, NULL, NULL, NULL, NULL, NULL, NULL),
(1, 16260, NULL, 'FB 05: Medien', NULL, NULL, NULL, 'H-Trakt', 1, 'H 1.18', NULL, NULL, NULL, 'Geb. 4', 2, '1030      ', '04.2.022', NULL, NULL, NULL, NULL, NULL, 'Lernraum FB Medien', NULL, NULL, NULL, NULL, NULL, 40, 1, 'Sofa', 'Mobiliar sonstige', 205, 100, 90, 1.845, NULL, NULL, 'Leder', 'Sitzfläche Leder braun', NULL, 'Gestell Holz eiche', NULL, 'B', 1, '#BEZUG!', NULL, NULL, NULL, 'P5130127-P5130139', NULL, NULL, NULL, NULL, NULL, NULL, NULL, NULL, NULL),
(1, 16261, NULL, 'FB 05: Medien', NULL, NULL, NULL, 'H-Trakt', 1, 'H 1.18', NULL, NULL, NULL, 'Geb. 4', 2, '1030      ', '04.2.022', NULL, NULL, NULL, NULL, NULL, 'Lernraum FB Medien', NULL, NULL, NULL, NULL, NULL, 138, 3, 'Regal', 'Büromobiliar', 150, 40, 150, 2.7, 'IKEA', NULL, NULL, 'Holz/Dekor', 'ws', 'Ikea Regalwürfel ohne Rückwand', NULL, 'B', 1, '#BEZUG!', NULL, NULL, NULL, 'P5130127-P5130139', NULL, NULL, NULL, NULL, NULL, NULL, NULL, NULL, NULL),
(1, 16262, NULL, 'FB 05: Medien', NULL, NULL, NULL, 'H-Trakt', 1, 'H 1.18', NULL, NULL, NULL, NULL, NULL, NULL, NULL, NULL, NULL, NULL, NULL, NULL, 'Lernraum FB Medien', NULL, NULL, NULL, NULL, NULL, 160, 2, 'Whiteboard', 'Whiteboard, Tafel', 150, 5, 100, 0.15, NULL, 'direkt wandverschraubt', NULL, NULL, NULL, 'Alu/silber', NULL, 'B', 1, '#BEZUG!', NULL, NULL, NULL, 'P5130127-P5130139', NULL, NULL, NULL, NULL, NULL, NULL, NULL, NULL, NULL),
(1, 16263, NULL, 'FB 05: Medien', NULL, NULL, NULL, 'H-Trakt', 1, 'H 1.18', NULL, NULL, NULL, NULL, NULL, NULL, NULL, NULL, NULL, NULL, NULL, NULL, 'Lernraum FB Medien', NULL, NULL, NULL, NULL, NULL, 160, 1, 'Whiteboard', 'Whiteboard, Tafel', 200, 5, 100, 0.1, NULL, 'direkt wandverschraubt', NULL, NULL, NULL, 'Alu/silber', NULL, 'B', 1, '#BEZUG!', NULL, NULL, NULL, 'P5130127-P5130139', NULL, NULL, NULL, NULL, NULL, NULL, NULL, NULL, NULL),
(1, 16264, NULL, 'FB 05: Medien', NULL, NULL, NULL, 'H-Trakt', 1, 'H 1.18', NULL, NULL, NULL, NULL, NULL, NULL, NULL, NULL, NULL, NULL, NULL, NULL, 'Lernraum FB Medien', NULL, NULL, NULL, NULL, NULL, 24, 1, 'Beamer', 'Medientechnik', 40, 40, 20, 0.032, NULL, NULL, NULL, NULL, 'deckenmontiert', NULL, NULL, 'B', 1, NULL, NULL, 'Deckenbefestigt', NULL, 'P5130127-P5130139', NULL, NULL, NULL, NULL, NULL, NULL, NULL, NULL, NULL),
(1, 16265, NULL, 'FB 05: Medien', NULL, NULL, NULL, 'H-Trakt', 1, 'H 1.18', NULL, NULL, NULL, 'Geb. 4', 2, '1030      ', '04.2.022', NULL, NULL, NULL, NULL, NULL, 'Lernraum FB Medien', NULL, NULL, NULL, NULL, NULL, 111, 2, 'Aktenschrank', 'Büromobiliar', 120, 40, 180, 1.728, NULL, 'F', 'Sockel/sw', 'ei', 'ei', NULL, NULL, 'B', 1, '#BEZUG!', NULL, '(ab 4 OH,\n40 bis 120 breit)', NULL, 'P5130127-P5130139', NULL, NULL, NULL, NULL, NULL, NULL, NULL, NULL, NULL),
(1, 16266, NULL, 'FB 05: Medien', NULL, NULL, NULL, 'H-Trakt', 1, 'H 1.18', NULL, NULL, NULL, NULL, NULL, NULL, NULL, NULL, NULL, NULL, NULL, NULL, 'Lernraum FB Medien', NULL, NULL, NULL, NULL, NULL, 138, 1, 'Regal', 'Büromobiliar', 44, 39, 150, 0.2574, 'IKEA', NULL, NULL, 'Holz/Dekor', 'bu', 'Ikea Regalwürfel ohne Rückwand', NULL, 'B', 1, '#BEZUG!', NULL, NULL, NULL, 'P5130127-P5130139', NULL, NULL, NULL, NULL, NULL, NULL, NULL, NULL, NULL),
(1, 16267, NULL, 'FB 05: Medien', NULL, NULL, NULL, 'H-Trakt', 1, 'H 1.18', NULL, NULL, NULL, NULL, NULL, NULL, NULL, NULL, NULL, NULL, NULL, NULL, 'Lernraum FB Medien', NULL, NULL, NULL, NULL, NULL, 141, 1, 'Stehlampe', 'sonstige', 35, 35, 180, 0.2205, NULL, 'Deckenfluter', NULL, 'sw', NULL, 'sw', NULL, 'B', 1, NULL, NULL, NULL, NULL, 'P5130127-P5130139', NULL, NULL, NULL, NULL, NULL, NULL, NULL, NULL, NULL),
(1, 16268, NULL, 'FB 05: Medien', NULL, NULL, NULL, 'H-Trakt', 1, 'H 1.18', NULL, NULL, NULL, NULL, NULL, NULL, NULL, NULL, NULL, NULL, NULL, NULL, 'Lernraum FB Medien', NULL, NULL, NULL, NULL, NULL, 163, 1, 'Flipchart', 'sonstige', 74, 10, 170, 0.1258, NULL, 'Klappgestell', NULL, NULL, NULL, NULL, NULL, 'B', 1, NULL, NULL, NULL, NULL, 'P5130127-P5130139', NULL, NULL, NULL, NULL, NULL, NULL, NULL, NULL, NULL),
(1, 16269, NULL, 'FB 05: Medien', NULL, NULL, NULL, 'H-Trakt', 1, 'H 1.18', NULL, NULL, NULL, NULL, NULL, NULL, NULL, NULL, NULL, NULL, NULL, NULL, 'Lernraum FB Medien', NULL, NULL, NULL, NULL, NULL, 158, 1, 'Papierkorb', 'sonstige', 30, 30, 30, 0.027, NULL, NULL, NULL, NULL, NULL, NULL, NULL, 'B', 1, NULL, NULL, NULL, NULL, 'P5130127-P5130139', NULL, NULL, NULL, NULL, NULL, NULL, NULL, NULL, NULL),
(1, 16270, NULL, 'FB 05: Medien', NULL, NULL, NULL, 'H-Trakt', 1, 'H 1.18', NULL, NULL, NULL, NULL, NULL, NULL, NULL, NULL, NULL, NULL, NULL, NULL, 'Lernraum FB Medien', NULL, NULL, NULL, NULL, NULL, 1, 10, 'Umzugskarton', 'Umzugskarton', 59, 38, 35, 0.7847, NULL, NULL, NULL, NULL, NULL, NULL, NULL, NULL, 1, NULL, NULL, NULL, NULL, 'P5130127-P5130139', NULL, NULL, NULL, NULL, NULL, NULL, NULL, NULL, NULL),
(1, 16271, NULL, 'FB 05: Medien', NULL, NULL, NULL, 'H-Trakt', 1, 'H 1.39', NULL, NULL, NULL, 'Geb. 4', 2, '579      ', '04.2.013', NULL, NULL, NULL, NULL, NULL, 'Lagerraum div. Geräte', 'FB 5', NULL, NULL, NULL, NULL, 27, 2, 'Gestellwagen für Tageslichtproje', 'sonstige', 60, 70, 100, 0.84, NULL, NULL, NULL, NULL, NULL, NULL, NULL, 'B', 1, NULL, NULL, NULL, NULL, 'P5130140-P5130148', NULL, NULL, NULL, NULL, NULL, NULL, NULL, NULL, NULL),
(1, 16272, NULL, 'FB 05: Medien', NULL, NULL, NULL, 'H-Trakt', 1, 'H 1.39', NULL, NULL, NULL, NULL, NULL, NULL, NULL, NULL, NULL, NULL, NULL, NULL, 'Lagerraum div. Geräte', 'FB 5', NULL, NULL, NULL, NULL, 26, 2, 'Tageslichtprojektor', 'Medientechnik', 40, 40, 60, 0.192, NULL, NULL, NULL, NULL, NULL, NULL, NULL, 'B', 1, NULL, NULL, NULL, NULL, 'P5130140-P5130148', NULL, NULL, NULL, NULL, NULL, NULL, NULL, NULL, NULL),
(1, 16273, NULL, 'FB 05: Medien', NULL, NULL, NULL, 'H-Trakt', 1, 'H 1.39', NULL, NULL, NULL, NULL, NULL, NULL, NULL, NULL, NULL, NULL, NULL, NULL, 'Lagerraum div. Geräte', 'FB 5', NULL, NULL, NULL, NULL, NULL, 3, 'Tischgestell Alu', 'Labormobiliar ', 62, 70, 125, 1.6275, NULL, NULL, 'Alu/Silber', NULL, NULL, NULL, NULL, 'B', 1, NULL, NULL, NULL, NULL, 'P5130140-P5130148', NULL, NULL, NULL, NULL, NULL, NULL, NULL, NULL, NULL),
(1, 16274, NULL, 'FB 05: Medien', NULL, NULL, NULL, 'H-Trakt', 1, 'H 1.39', NULL, NULL, NULL, 'Geb. 4', 2, '579      ', '04.2.013', NULL, NULL, NULL, NULL, NULL, 'Lagerraum div. Geräte', 'FB 5', NULL, NULL, NULL, NULL, 190, 1, 'lfm Stahlregal geschraubt', 'Stahlregal geschraubt', 300, 52, 190, 2.964, NULL, NULL, NULL, '5      ', 'dgr', 'dgr', NULL, 'B', 1, '#BEZUG!', NULL, NULL, NULL, 'P5130140-P5130148', NULL, NULL, NULL, NULL, NULL, NULL, NULL, NULL, NULL),
(1, 16275, NULL, 'FB 05: Medien', NULL, NULL, NULL, 'H-Trakt', 1, 'H 1.39', NULL, NULL, NULL, 'Geb. 4', 2, '579      ', '04.2.013', NULL, NULL, NULL, NULL, NULL, 'Lagerraum div. Geräte', 'FB 5', NULL, NULL, NULL, NULL, NULL, 1, 'Serverschrank', 'IT', 60, 60, 195, 0.702, NULL, NULL, 'Metall/bei', NULL, NULL, NULL, NULL, 'B', 1, NULL, NULL, NULL, NULL, 'P5130140-P5130148', NULL, NULL, NULL, NULL, NULL, NULL, NULL, NULL, NULL),
(1, 16276, NULL, 'FB 05: Medien', NULL, NULL, NULL, 'H-Trakt', 1, 'H 1.39', NULL, NULL, NULL, 'Geb. 4', 2, '579      ', '04.2.013', NULL, NULL, NULL, NULL, NULL, 'Lagerraum div. Geräte', 'FB 5', NULL, NULL, NULL, NULL, 111, 1, 'Aktenschrank', 'Büromobiliar', 120, 40, 180, 0.864, NULL, 'F', 'Sockel/dgr', 'ei', 'ei', NULL, NULL, 'B', 1, '#BEZUG!', NULL, '(ab 4 OH,\n40 bis 120 breit)', NULL, 'P5130140-P5130148', NULL, NULL, NULL, NULL, NULL, NULL, NULL, NULL, NULL),
(1, 16277, NULL, 'FB 05: Medien', NULL, NULL, NULL, 'H-Trakt', 1, 'H 1.39', NULL, NULL, NULL, NULL, NULL, NULL, NULL, NULL, NULL, NULL, NULL, NULL, 'Lagerraum div. Geräte', 'FB 5', NULL, NULL, NULL, NULL, 37, 2, 'Sonstiger Stuhl', 'sonstige', 50, 50, 80, 0.4, NULL, 'holz', 'ei', 'ei', NULL, 'ei', NULL, 'C', 0, NULL, NULL, '(Exoten, zum Beispiel mit Ansatz', NULL, 'P5130140-P5130148', NULL, NULL, NULL, NULL, NULL, NULL, NULL, NULL, NULL),
(1, 16278, NULL, 'FB 05: Medien', NULL, NULL, NULL, 'H-Trakt', 1, 'H 1.39', NULL, NULL, NULL, 'Geb. 4', 2, '579      ', '04.2.013', NULL, NULL, NULL, NULL, NULL, 'Lagerraum div. Geräte', 'FB 5', NULL, NULL, NULL, NULL, 99, 1, 'Stehpult mit rechteckiger Platte', 'Mobiliar sonstige', 48, 38, 80, 0.14592, NULL, 'Metall/sw', 'mhv', 'Metall/sw', 'sw', 'sw', NULL, 'B', 1, '#BEZUG!', NULL, NULL, NULL, 'P5130140-P5130148', NULL, NULL, NULL, NULL, NULL, NULL, NULL, NULL, NULL),
(1, 16279, NULL, 'FB 05: Medien', NULL, NULL, NULL, 'H-Trakt', 1, 'H 1.39', NULL, NULL, NULL, NULL, NULL, NULL, NULL, NULL, NULL, NULL, NULL, NULL, 'Lagerraum div. Geräte', 'FB 5', NULL, NULL, NULL, NULL, NULL, 5, 'Holzpalette', 'sonstige', 200, 10, 200, 2, NULL, NULL, NULL, NULL, NULL, NULL, NULL, 'B', 1, NULL, NULL, NULL, NULL, 'P5130140-P5130148', NULL, NULL, NULL, NULL, NULL, NULL, NULL, NULL, NULL),
(1, 16280, NULL, 'FB 05: Medien', NULL, NULL, NULL, 'H-Trakt', 1, 'H 1.39', NULL, NULL, NULL, NULL, NULL, NULL, NULL, NULL, NULL, NULL, NULL, NULL, 'Lagerraum div. Geräte', 'FB 5', NULL, NULL, NULL, NULL, 142, 1, 'Tischventilator', 'sonstige', 30, 30, 40, 0.036, NULL, NULL, NULL, NULL, NULL, NULL, NULL, 'B', 1, NULL, NULL, NULL, NULL, 'P5130140-P5130148', NULL, NULL, NULL, NULL, NULL, NULL, NULL, NULL, NULL),
(1, 16281, NULL, 'FB 05: Medien', NULL, NULL, NULL, 'H-Trakt', 1, 'H 1.39', NULL, NULL, NULL, NULL, NULL, NULL, NULL, NULL, NULL, NULL, NULL, NULL, 'Lagerraum div. Geräte', 'FB 5', NULL, NULL, NULL, NULL, 5, 5, 'Umzugskarton, fertig gepackt', 'sonstige', 59, 38, 32, 0.35872, NULL, NULL, NULL, NULL, NULL, NULL, NULL, NULL, 1, NULL, NULL, NULL, NULL, 'P5130140-P5130148', NULL, NULL, NULL, NULL, NULL, NULL, NULL, NULL, NULL),
(1, 16282, NULL, 'FB 05: Medien', NULL, NULL, NULL, 'H-Trakt', 1, 'H 1.39', NULL, NULL, NULL, NULL, NULL, NULL, NULL, NULL, NULL, NULL, NULL, NULL, 'Lagerraum div. Geräte', 'FB 5', NULL, NULL, NULL, NULL, 28, 2, 'Röhrenmonitor', 'IT', 60, 60, 50, 0.36, NULL, NULL, NULL, NULL, NULL, NULL, NULL, 'B', 1, 'ja', NULL, NULL, NULL, 'P5130140-P5130148', NULL, NULL, NULL, NULL, NULL, NULL, NULL, NULL, NULL),
(1, 16283, NULL, 'FB 05: Medien', NULL, NULL, NULL, 'H-Trakt', 1, 'H 1.39', NULL, NULL, NULL, NULL, NULL, NULL, NULL, NULL, NULL, NULL, NULL, NULL, 'Lagerraum div. Geräte', 'FB 5', NULL, NULL, NULL, NULL, 10, 6, 'PC, Tower/Desktop', 'IT', 50, 20, 60, 0.36, NULL, NULL, NULL, NULL, NULL, NULL, NULL, 'B', 1, 'ja', NULL, '(einschl. Tastatur, Maus)', NULL, 'P5130140-P5130148', NULL, NULL, NULL, NULL, NULL, NULL, NULL, NULL, NULL),
(1, 16284, NULL, 'FB 05: Medien', NULL, NULL, NULL, 'H-Trakt', 1, 'H 1.39', NULL, NULL, NULL, NULL, NULL, NULL, NULL, NULL, NULL, NULL, NULL, NULL, 'Lagerraum div. Geräte', 'FB 5', NULL, NULL, NULL, NULL, 1, 5, 'Umzugskarton', 'Umzugskarton', 59, 38, 35, 0.39235, NULL, NULL, NULL, NULL, NULL, NULL, NULL, NULL, 1, NULL, NULL, NULL, NULL, 'P5130140-P5130148', NULL, NULL, NULL, NULL, NULL, NULL, NULL, NULL, NULL),
(1, 16285, NULL, 'FB 05: Medien', NULL, NULL, NULL, 'H-Trakt', 1, 'H 1.39', NULL, NULL, NULL, NULL, NULL, NULL, NULL, NULL, NULL, NULL, NULL, NULL, 'Lagerraum div. Geräte', 'FB 5', NULL, NULL, NULL, NULL, 6, 1, 'Laborwanne', 'Laborwanne', 104, 64, 79, 0.525824, NULL, 'Kabel und Inhalt aus Stahlregal', NULL, NULL, NULL, NULL, NULL, NULL, 1, '#BEZUG!', NULL, NULL, NULL, 'P5130140-P5130148', NULL, NULL, NULL, NULL, NULL, NULL, NULL, NULL, NULL),
(1, 16286, NULL, 'FB 05: Medien', NULL, NULL, NULL, 'H-Trakt', 1, 'H 1.27', NULL, NULL, NULL, 'Geb. 4', 2, '578      ', '04.2.036', NULL, NULL, NULL, NULL, NULL, 'Lager Prüfungsamt', 'Fr. Laatsch', NULL, NULL, NULL, NULL, 190, 1, 'lfm Stahlregal geschraubt', 'Stahlregal geschraubt', 270, 32, 220, 1.9008, NULL, NULL, NULL, '7      ', 'Metall/silber', 'Metall/silber', NULL, 'B', 1, '#BEZUG!', NULL, 'gehört Fr. Laatsch', NULL, 'P5140003-P5140019', NULL, NULL, NULL, NULL, NULL, NULL, NULL, NULL, NULL),
(1, 16287, NULL, 'FB 05: Medien', NULL, NULL, NULL, 'H-Trakt', 1, 'H 1.27', NULL, NULL, NULL, NULL, NULL, NULL, NULL, NULL, NULL, NULL, NULL, NULL, 'Lager Prüfungsamt', 'Fr. Laatsch', NULL, NULL, NULL, NULL, 3, 20, 'lfm Akten', 'Akten', 100, 30, 33, 1.98, NULL, NULL, NULL, NULL, NULL, NULL, NULL, NULL, 1, NULL, NULL, 'gehört Fr. Laatsch', NULL, 'P5140003-P5140019', NULL, NULL, NULL, NULL, NULL, NULL, NULL, NULL, NULL),
(1, 16288, NULL, 'FB 05: Medien', NULL, NULL, NULL, 'H-Trakt', 1, 'H 1.27', NULL, NULL, NULL, NULL, NULL, NULL, NULL, NULL, NULL, NULL, NULL, NULL, 'Lager Prüfungsamt', 'Fr. Laatsch', NULL, NULL, NULL, NULL, 1, 1, 'Umzugskarton', 'Umzugskarton', 59, 38, 35, 0.07847, NULL, NULL, NULL, NULL, NULL, NULL, NULL, NULL, 1, NULL, NULL, 'gehört Fr. Laatsch', NULL, 'P5140003-P5140019', NULL, NULL, NULL, NULL, NULL, NULL, NULL, NULL, NULL),
(1, 16289, NULL, 'FB 05: Medien', NULL, NULL, NULL, 'H-Trakt', 1, 'H 1.27', NULL, NULL, NULL, NULL, NULL, NULL, NULL, NULL, NULL, NULL, NULL, NULL, 'Lager Prüfungsamt', 'Fr. Laatsch', NULL, NULL, NULL, NULL, 5, 7, 'Umzugskarton, fertig gepackt', 'sonstige', 59, 38, 32, 0.502208, NULL, NULL, NULL, NULL, NULL, NULL, NULL, NULL, 1, NULL, NULL, 'gehört Fr. Laatsch', NULL, 'P5140003-P5140019', NULL, NULL, NULL, NULL, NULL, NULL, NULL, NULL, NULL),
(1, 16290, NULL, 'FB 05: Medien', NULL, NULL, NULL, 'H-Trakt', 1, 'H 1.27', NULL, NULL, NULL, 'Geb. 4', 2, '578      ', '04.2.036', NULL, NULL, NULL, NULL, NULL, 'Lager Prüfungsamt', 'Geräte für Derendorf Dahm/Rakow', NULL, NULL, NULL, NULL, 190, 1, 'lfm Stahlregal geschraubt', 'Stahlregal geschraubt', 106, 85, 200, 1.802, NULL, NULL, NULL, '5      ', 'Metall/silber', 'Metall/silber', NULL, 'B', 1, '#BEZUG!', NULL, 'gehört Dahm / Rakow', NULL, 'P5140003-P5140019', NULL, NULL, NULL, NULL, NULL, NULL, NULL, NULL, NULL),
(1, 16291, NULL, 'FB 05: Medien', NULL, NULL, NULL, 'H-Trakt', 1, 'H 1.27', NULL, NULL, NULL, 'Geb. 4', 2, '578      ', '04.2.036', NULL, NULL, NULL, NULL, NULL, 'Lager Prüfungsamt', 'Geräte für Derendorf Dahm/Rakow', NULL, NULL, NULL, NULL, 190, 2, 'lfm Stahlregal geschraubt', 'Stahlregal geschraubt', 136, 85, 200, 4.624, NULL, NULL, NULL, '5      ', 'Metall/silber', 'Metall/silber', NULL, 'B', 1, '#BEZUG!', NULL, 'gehört Dahm / Rakow', NULL, 'P5140003-P5140019', NULL, NULL, NULL, NULL, NULL, NULL, NULL, NULL, NULL),
(1, 16292, NULL, 'FB 05: Medien', NULL, NULL, NULL, 'H-Trakt', 1, 'H 1.27', NULL, NULL, NULL, NULL, NULL, NULL, NULL, NULL, NULL, NULL, NULL, NULL, 'Lager Prüfungsamt', 'Geräte für Derendorf Dahm/Rakow', NULL, NULL, NULL, NULL, 5, 7, 'Umzugskarton, fertig gepackt', 'sonstige', 60, 50, 50, 1.05, NULL, NULL, NULL, NULL, NULL, NULL, NULL, NULL, 1, NULL, NULL, 'gehört Dahm / Rakow', NULL, 'P5140003-P5140019', NULL, NULL, NULL, NULL, NULL, NULL, NULL, NULL, NULL),
(1, 16293, NULL, 'FB 05: Medien', NULL, NULL, NULL, 'H-Trakt', 1, 'H 1.27', NULL, NULL, NULL, NULL, NULL, NULL, NULL, NULL, NULL, NULL, NULL, NULL, 'Lager Prüfungsamt', 'Geräte für Derendorf Dahm/Rakow', NULL, NULL, NULL, NULL, 10, 20, 'PC, Tower/Desktop', 'IT', 50, 20, 60, 1.2, NULL, NULL, NULL, NULL, NULL, NULL, NULL, 'A', 1, 'ja', NULL, 'gehört Dahm / Rakow', NULL, 'P5140003-P5140019', NULL, NULL, NULL, NULL, NULL, NULL, NULL, NULL, NULL),
(1, 16294, NULL, 'FB 05: Medien', NULL, NULL, NULL, 'H-Trakt', 1, 'H 1.27', NULL, NULL, NULL, NULL, NULL, NULL, NULL, NULL, NULL, NULL, NULL, NULL, 'Lager Prüfungsamt', 'Geräte für Derendorf Dahm/Rakow', NULL, NULL, NULL, NULL, 14, 20, 'Flachbildschirm', 'IT', 60, 20, 40, 0.96, NULL, NULL, NULL, NULL, NULL, NULL, NULL, 'A', 1, 'ja', NULL, 'gehört Dahm / Rakow', NULL, 'P5140003-P5140019', NULL, NULL, NULL, NULL, NULL, NULL, NULL, NULL, NULL),
(1, 16295, NULL, 'FB 05: Medien', NULL, NULL, NULL, 'H-Trakt', 1, 'H 1.27', NULL, NULL, NULL, NULL, NULL, NULL, NULL, NULL, NULL, NULL, NULL, NULL, 'Lager Prüfungsamt', 'Geräte für Derendorf Dahm/Rakow', NULL, NULL, NULL, NULL, NULL, 7, 'Einlegeböden aus Stahl', 'Mobiliar sonstige', 96, 2, 38, 0.051072, NULL, NULL, 'Metall/sw', NULL, NULL, NULL, NULL, 'B', 1, NULL, NULL, 'gehört Dahm / Rakow', NULL, 'P5140003-P5140019', NULL, NULL, NULL, NULL, NULL, NULL, NULL, NULL, NULL),
(1, 16296, NULL, 'FB 05: Medien', NULL, NULL, NULL, 'H-Trakt', 1, 'H 1.27', NULL, NULL, NULL, NULL, NULL, NULL, NULL, NULL, NULL, NULL, NULL, NULL, 'Lager Prüfungsamt', 'Geräte für Derendorf Dahm/Rakow', NULL, NULL, NULL, NULL, NULL, 1, 'Holzpalette', 'sonstige', 130, 80, 14, 0.1456, NULL, NULL, 'Holz', NULL, NULL, NULL, NULL, 'A', 1, NULL, NULL, 'gehört Dahm / Rakow', NULL, 'P5140003-P5140019', NULL, NULL, NULL, NULL, NULL, NULL, NULL, NULL, NULL),
(1, 16297, NULL, 'FB 05: Medien', NULL, NULL, NULL, 'H-Trakt', 1, 'H 1.27', NULL, NULL, NULL, NULL, NULL, NULL, NULL, NULL, NULL, NULL, NULL, NULL, 'Lager Prüfungsamt', 'Geräte für Derendorf Dahm/Rakow', NULL, NULL, NULL, NULL, NULL, 1, 'Holzrahmen mit Folie bespannt', 'sonstige', 110, 2, 200, 0.044, NULL, NULL, 'Holz/Folie', NULL, NULL, NULL, NULL, 'A', 1, NULL, NULL, 'gehört Dahm / Rakow', NULL, 'P5140003-P5140019', NULL, NULL, NULL, NULL, NULL, NULL, NULL, NULL, NULL),
(1, 16298, NULL, 'FB 05: Medien', NULL, NULL, NULL, 'H-Trakt', 1, 'H 1.27', NULL, NULL, NULL, NULL, NULL, NULL, NULL, NULL, NULL, NULL, NULL, NULL, 'Lager Prüfungsamt', 'Geräte für Derendorf Dahm/Rakow', NULL, NULL, NULL, NULL, 6, 2, 'Laborwanne', 'Laborwanne', 104, 64, 79, 1.05165, NULL, 'Holzkisten aus Stahlregal, Luftp', NULL, NULL, NULL, NULL, NULL, NULL, 1, '#BEZUG!', NULL, 'gehört Dahm / Rakow', NULL, 'P5140003-P5140019', NULL, NULL, NULL, NULL, NULL, NULL, NULL, NULL, NULL),
(1, 16299, NULL, 'FB 05: Medien', NULL, NULL, NULL, 'H-Trakt', 1, 'H 1.27', NULL, NULL, NULL, NULL, NULL, NULL, NULL, NULL, NULL, NULL, NULL, NULL, 'Lager Prüfungsamt', 'Verpackungen PC-Pool Mediengesta', NULL, NULL, NULL, NULL, 5, 12, 'Umzugskarton, fertig gepackt', 'sonstige', 54, 40, 20, 0.5184, NULL, NULL, NULL, NULL, NULL, NULL, NULL, NULL, 1, NULL, NULL, 'gehört Fr. Gabi Schwab-Trapp', NULL, 'P5140003-P5140019', NULL, NULL, NULL, NULL, NULL, NULL, NULL, NULL, NULL),
(1, 16300, NULL, 'FB 05: Medien', NULL, NULL, NULL, 'H-Trakt', 1, 'H 1.27', NULL, NULL, NULL, NULL, NULL, NULL, NULL, NULL, NULL, NULL, NULL, NULL, 'Lager Prüfungsamt', 'Verpackungen PC-Pool Mediengesta', NULL, NULL, NULL, NULL, 5, 2, 'Umzugskarton, fertig gepackt', 'sonstige', 54, 44, 37, 0.175824, NULL, NULL, NULL, NULL, NULL, NULL, NULL, NULL, 1, NULL, NULL, 'gehört Fr. Gabi Schwab-Trapp', NULL, 'P5140003-P5140019', NULL, NULL, NULL, NULL, NULL, NULL, NULL, NULL, NULL),
(1, 16301, NULL, 'FB 05: Medien', NULL, NULL, NULL, 'H-Trakt', 1, 'H 1.27', NULL, NULL, NULL, NULL, NULL, NULL, NULL, NULL, NULL, NULL, NULL, NULL, 'Lager Prüfungsamt', 'Verpackungen PC-Pool Mediengesta', NULL, NULL, NULL, NULL, 5, 3, 'Umzugskarton, fertig gepackt', 'sonstige', 58, 13, 75, 0.16965, NULL, NULL, NULL, NULL, NULL, NULL, NULL, NULL, 1, NULL, NULL, 'gehört Fr. Gabi Schwab-Trapp', NULL, 'P5140003-P5140019', NULL, NULL, NULL, NULL, NULL, NULL, NULL, NULL, NULL),
(1, 16302, NULL, 'FB 05: Medien', NULL, NULL, NULL, 'H-Trakt', 1, 'H 1.23a', NULL, NULL, NULL, NULL, NULL, NULL, NULL, NULL, NULL, NULL, NULL, NULL, 'PC Labor Medien', 'Hr. Sauer', NULL, NULL, NULL, NULL, 10, 6, 'PC, Tower/Desktop', 'IT', 50, 20, 60, 0.36, NULL, NULL, NULL, NULL, NULL, NULL, NULL, 'B', 1, 'ja', NULL, 'sind evtl bis zum Umzug nicht me', NULL, 'P5140020-P5140048', NULL, NULL, NULL, NULL, NULL, NULL, NULL, NULL, NULL);
INSERT INTO `data_import` (`A__Zähler`, `B__Index`, `C__Erfassungsdatum`, `D__Dezernat\/Fachbereich`, `E__Raumnutzungsart`, `F__Land-KZ`, `G__Liegenschafts-Nr. Bestand`, `H__Bauteil-Nr. Bestand`, `I__Etage Bestand`, `J__Raum-Nr. Bestand`, `K__AP-Nr. Bestand`, `L__a1`, `M__Liegenschafts-Nr. neu`, `N__Bauteil-Nr. neu`, `O__Etage neu`, `P__Raum-Nr. neu (PPD-Nr.)`, `Q__Raum-Nr. neu (Raum-ID)`, `R__AP-Nr. neu`, `S__a1`, `T__Anzahl AP im Quell-Raum`, `U__a3`, `V__Name UZK`, `W__Nachname MA / Raumbezeichung`, `X__Vorname MA`, `Y__Titel`, `Z__Tel. MA`, `AA_a4`, `AB_Kürzel`, `AC_Code`, `AD_Anzahl`, `AE_Bezeichnung`, `AF_Cluster Bezeichnung`, `AG_B`, `AH_T`, `AI_H`, `AJ_Volumen in cbm`, `AK_Hersteller/`, `AL_Modell/ Ausfuehrung/Material/Fuss/Form/hv/Fuss /Türart/Anzahl`, `AM_Sitz-Lehne-Bezug/Polsterung/Sockel/u.a.`, `AN_Farbe_Sitz-Lehne_Bezug/Material_Platte/Farbe_Deckplatte/Farbe`, `AO_Rechnername/Zollgroesse/Druckername/Montageart/Farbe_Korpus/F`, `AP_Seitenverh./Tel-Fax-Nr/Farbe_Fuss_/Farbe_Gestell/Farbe_Front/`, `AQ_Weitere Eigenschaft/Rollentyp/drehbar/stapelbar/Rahmenausfueh`, `AR_Zustand`, `AS_Umzug (1/0)`, `AT_De(na) Remon(na)tage erfor(na)derlich`, `AU_Inventar-Nr.`, `AV_Bemerkungen`, `AW_Barcode`, `AX_Bild Nr 1`, `AY_Bild Nr 2`, `AZ_Bild Nr 3`, `BA_Bild Nr 4`, `BB_Bild Nr 5`, `BC_Bild Nr 6`, `BD_Skizze Nr.`, `BE`, `BF`, `BG`) VALUES
(1, 16303, NULL, 'FB 05: Medien', NULL, NULL, NULL, 'H-Trakt', 1, 'H 1.23a', NULL, NULL, NULL, NULL, NULL, NULL, NULL, NULL, NULL, NULL, NULL, NULL, 'PC Labor Medien', 'Hr. Sauer', NULL, NULL, NULL, NULL, 5, 5, 'Umzugskarton, fertig gepackt', 'sonstige', 59, 38, 32, 0.35872, NULL, NULL, NULL, NULL, NULL, NULL, NULL, NULL, 1, NULL, NULL, NULL, NULL, 'P5140020-P5140048', NULL, NULL, NULL, NULL, NULL, NULL, NULL, NULL, NULL),
(1, 16304, NULL, 'FB 05: Medien', NULL, NULL, NULL, 'H-Trakt', 1, 'H 1.23a', NULL, NULL, NULL, NULL, NULL, NULL, NULL, NULL, NULL, NULL, NULL, NULL, 'PC Labor Medien', 'Hr. Sauer', NULL, NULL, NULL, NULL, 6, 5, 'Laborwanne', 'Laborwanne', 104, 64, 79, 2.62912, NULL, 'PC Hardware und Zubehör aus Schr', NULL, NULL, NULL, NULL, NULL, NULL, 1, '#BEZUG!', NULL, NULL, NULL, 'P5140020-P5140048', NULL, NULL, NULL, NULL, NULL, NULL, NULL, NULL, NULL),
(1, 16305, NULL, 'FB 05: Medien', NULL, NULL, NULL, 'H-Trakt', 1, 'H 1.23a', NULL, NULL, NULL, NULL, NULL, NULL, NULL, NULL, NULL, NULL, NULL, NULL, 'PC Labor Medien', 'Hr. Sauer', NULL, NULL, NULL, NULL, 1, 10, 'Umzugskarton', 'Umzugskarton', 59, 38, 35, 0.7847, NULL, NULL, NULL, NULL, NULL, NULL, NULL, NULL, 1, NULL, NULL, NULL, NULL, 'P5140020-P5140048', NULL, NULL, NULL, NULL, NULL, NULL, NULL, NULL, NULL),
(1, 16306, NULL, 'FB 05: Medien', NULL, NULL, NULL, 'H-Trakt', 1, 'H 1.23a', NULL, NULL, NULL, 'Geb. 4', 2, '570      ', '04.2.015', NULL, NULL, NULL, NULL, NULL, 'PC Labor Medien', 'Hr. Sauer', NULL, NULL, NULL, NULL, 60, 7, 'Schreibtisch', 'Büromobiliar', 160, 80, 72, 6.4512, 'WINI', 'T', 'mhv', 'Holz/Dekor', 'lg/lg/dgr Umleimer', 'gr', NULL, 'A', 1, '#BEZUG!', NULL, '(regelmäßiges Viereck, Rechteck,', NULL, 'P5140020-P5140048', NULL, NULL, NULL, NULL, NULL, NULL, NULL, NULL, NULL),
(1, 16307, NULL, 'FB 05: Medien', NULL, NULL, NULL, 'H-Trakt', 1, 'H 1.23a', NULL, NULL, NULL, 'Geb. 4', 2, '570      ', '04.2.015', NULL, NULL, NULL, NULL, NULL, 'PC Labor Medien', 'Hr. Sauer', NULL, NULL, NULL, NULL, 60, 4, 'Schreibtisch', 'Büromobiliar', 160, 80, 72, 3.6864, 'WINI', 'T', 'mhv', 'Holz/Dekor', 'lg ', 'gr', NULL, 'A', 1, '#BEZUG!', NULL, '(regelmäßiges Viereck, Rechteck,', NULL, 'P5140020-P5140048', NULL, NULL, NULL, NULL, NULL, NULL, NULL, NULL, NULL),
(1, 16308, NULL, 'FB 05: Medien', NULL, NULL, NULL, 'H-Trakt', 1, 'H 1.23a', NULL, NULL, NULL, 'Geb. 4', 2, '570      ', '04.2.015', NULL, NULL, NULL, NULL, NULL, 'PC Labor Medien', 'Hr. Sauer', NULL, NULL, NULL, NULL, 60, 3, 'Schreibtisch', 'Büromobiliar', 180, 80, 72, 3.1104, 'WINI', 'T', 'mhv', 'Holz/Dekor', 'lg/lg/dgr Umleimer', 'gr', NULL, 'A', 1, '#BEZUG!', NULL, '(regelmäßiges Viereck, Rechteck,', NULL, 'P5140020-P5140048', NULL, NULL, NULL, NULL, NULL, NULL, NULL, NULL, NULL),
(1, 16309, NULL, 'FB 05: Medien', NULL, NULL, NULL, 'H-Trakt', 1, 'H 1.23a', NULL, NULL, NULL, NULL, NULL, NULL, NULL, NULL, NULL, NULL, NULL, NULL, 'PC Labor Medien', 'Hr. Sauer', NULL, NULL, NULL, NULL, 10, 21, 'PC, Tower/Desktop', 'IT', 50, 20, 60, 1.26, NULL, NULL, NULL, NULL, NULL, NULL, NULL, 'B', 1, 'ja', NULL, '(einschl. Tastatur, Maus)', NULL, 'P5140020-P5140048', NULL, NULL, NULL, NULL, NULL, NULL, NULL, NULL, NULL),
(1, 16310, NULL, 'FB 05: Medien', NULL, NULL, NULL, 'H-Trakt', 1, 'H 1.23a', NULL, NULL, NULL, NULL, NULL, NULL, NULL, NULL, NULL, NULL, NULL, NULL, 'PC Labor Medien', 'Hr. Sauer', NULL, NULL, NULL, NULL, 14, 26, 'Flachbildschirm', 'IT', 60, 20, 40, 1.248, NULL, NULL, NULL, NULL, NULL, NULL, NULL, 'B', 1, 'ja', NULL, NULL, NULL, 'P5140020-P5140048', NULL, NULL, NULL, NULL, NULL, NULL, NULL, NULL, NULL),
(1, 16311, NULL, 'FB 05: Medien', NULL, NULL, NULL, 'H-Trakt', 1, 'H 1.23a', NULL, NULL, NULL, NULL, NULL, NULL, NULL, NULL, NULL, NULL, NULL, NULL, 'PC Labor Medien', 'Hr. Sauer', NULL, NULL, NULL, NULL, 20, 4, '2.1 Soundsystem', 'Laborequipment', 15, 10, 20, 0.012, NULL, NULL, NULL, NULL, NULL, NULL, NULL, 'B', 1, 'ja', NULL, NULL, NULL, 'P5140020-P5140048', NULL, NULL, NULL, NULL, NULL, NULL, NULL, NULL, NULL),
(1, 16312, NULL, 'FB 05: Medien', NULL, NULL, NULL, 'H-Trakt', 1, 'H 1.23a', NULL, NULL, NULL, NULL, NULL, NULL, NULL, NULL, NULL, NULL, NULL, NULL, 'PC Labor Medien', 'Hr. Sauer', NULL, NULL, NULL, NULL, 17, 1, 'Telefon', 'TK', 20, 20, 10, 0.004, NULL, NULL, NULL, NULL, NULL, 'Tel.-Nummer', NULL, 'B', 1, 'ja', NULL, NULL, NULL, 'P5140020-P5140048', NULL, NULL, NULL, NULL, NULL, NULL, NULL, NULL, NULL),
(1, 16313, NULL, 'FB 05: Medien', NULL, NULL, NULL, 'H-Trakt', 1, 'H 1.23a', NULL, NULL, NULL, NULL, NULL, NULL, NULL, NULL, NULL, NULL, NULL, NULL, 'PC Labor Medien', 'Hr. Sauer', NULL, NULL, NULL, NULL, 24, 1, 'Beamer', 'Medientechnik', 40, 40, 20, 0.032, NULL, NULL, NULL, NULL, 'deckenmontiert', NULL, NULL, 'B', 1, NULL, NULL, 'Deckenbefestigt', NULL, 'P5140020-P5140048', NULL, NULL, NULL, NULL, NULL, NULL, NULL, NULL, NULL),
(1, 16314, NULL, 'FB 05: Medien', NULL, NULL, NULL, 'H-Trakt', 1, 'H 1.23a', NULL, NULL, NULL, NULL, NULL, NULL, NULL, NULL, NULL, NULL, NULL, NULL, 'PC Labor Medien', 'Hr. Sauer', NULL, NULL, NULL, NULL, NULL, 1, 'Waage aus Eisen ', 'Laborgerät', 45, 20, 20, 0.018, NULL, 'Metall/sw', NULL, NULL, NULL, NULL, NULL, 'A', 1, NULL, NULL, 'soll umziehen, steht auf dem Tis', NULL, 'P5140020-P5140048', NULL, NULL, NULL, NULL, NULL, NULL, NULL, NULL, NULL),
(1, 16315, NULL, 'FB 05: Medien', NULL, NULL, NULL, 'H-Trakt', 1, 'H 1.23a', NULL, NULL, NULL, NULL, NULL, NULL, NULL, NULL, NULL, NULL, NULL, NULL, 'PC Labor Medien', 'Hr. Sauer', NULL, NULL, NULL, NULL, 158, 2, 'Papierkorb', 'sonstige', 30, 30, 30, 0.054, NULL, NULL, NULL, NULL, NULL, NULL, NULL, 'B', 1, NULL, NULL, NULL, NULL, 'P5140020-P5140048', NULL, NULL, NULL, NULL, NULL, NULL, NULL, NULL, NULL),
(1, 16316, NULL, 'FB 05: Medien', NULL, NULL, NULL, 'H-Trakt', 1, 'H 1.23a', NULL, NULL, NULL, NULL, NULL, NULL, NULL, NULL, NULL, NULL, NULL, NULL, 'PC Labor Medien', 'Hr. Sauer', NULL, NULL, NULL, NULL, 15, 2, 'Drucker', 'IT', 50, 50, 50, 0.25, NULL, NULL, NULL, NULL, NULL, NULL, NULL, 'B', 1, 'ja', NULL, NULL, NULL, 'P5140020-P5140048', NULL, NULL, NULL, NULL, NULL, NULL, NULL, NULL, NULL),
(1, 16317, NULL, 'FB 05: Medien', NULL, NULL, NULL, 'H-Trakt', 1, 'H 1.23a', NULL, NULL, NULL, NULL, NULL, NULL, NULL, NULL, NULL, NULL, NULL, NULL, 'PC Labor Medien', 'Hr. Sauer', NULL, NULL, NULL, NULL, NULL, 1, 'WLAN Router ', 'IT', 20, 20, 6, 0.0024, NULL, 'Kunststoff/sw', NULL, NULL, NULL, NULL, NULL, 'B', 1, NULL, NULL, NULL, NULL, 'P5140020-P5140048', NULL, NULL, NULL, NULL, NULL, NULL, NULL, NULL, NULL),
(1, 16318, NULL, 'FB 05: Medien', NULL, NULL, NULL, 'H-Trakt', 1, 'H 1.23a', NULL, NULL, NULL, NULL, NULL, NULL, NULL, NULL, NULL, NULL, NULL, NULL, 'PC Labor Medien', 'Hr. Sauer', NULL, NULL, NULL, NULL, NULL, 1, 'SWITCH', 'IT', 50, 20, 6, 0.006, NULL, 'Kunststoff/sw', NULL, NULL, NULL, NULL, NULL, 'B', 1, NULL, NULL, NULL, NULL, 'P5140020-P5140048', NULL, NULL, NULL, NULL, NULL, NULL, NULL, NULL, NULL),
(1, 16319, NULL, 'FB 05: Medien', NULL, NULL, NULL, 'H-Trakt', 1, 'H 1.23a', NULL, NULL, NULL, 'Geb. 4', 2, '570      ', '04.2.015', NULL, NULL, NULL, NULL, NULL, 'PC Labor Medien', 'Hr. Sauer', NULL, NULL, NULL, NULL, 51, 5, 'Besprechungstisch', 'Büromobiliar', 140, 70, 72, 3.528, NULL, '4      ', 're', 'Holz/Dekor', 'ws/bu Umleimer', 'dgr', 'Vierkantrahmen ', 'B', 1, NULL, NULL, NULL, NULL, 'P5140020-P5140048', NULL, NULL, NULL, NULL, NULL, NULL, NULL, NULL, NULL),
(1, 16320, NULL, 'FB 05: Medien', NULL, NULL, NULL, 'H-Trakt', 1, 'H 1.23a', NULL, NULL, NULL, 'Geb. 4', 2, '570      ', '04.2.015', NULL, NULL, NULL, NULL, NULL, 'PC Labor Medien', 'Hr. Sauer', NULL, NULL, NULL, NULL, 30, 21, 'Bürodrehstuhl ohne Armlehne', 'Büromobiliar Sitzmöbel', 50, 50, 110, 5.775, NULL, NULL, 'Stoff', 'anthrazit', NULL, 'sw', NULL, 'B', 1, NULL, NULL, NULL, NULL, 'P5140020-P5140048', NULL, NULL, NULL, NULL, NULL, NULL, NULL, NULL, NULL),
(1, 16321, NULL, 'FB 05: Medien', NULL, NULL, NULL, 'H-Trakt', 1, 'H 1.23a', NULL, NULL, NULL, NULL, NULL, NULL, NULL, NULL, NULL, NULL, NULL, NULL, 'PC Labor Medien', 'Hr. Sauer', NULL, NULL, NULL, NULL, 155, 1, 'Elefantenfuss', 'sonstige', 40, 40, 40, 0.064, NULL, 'Kunststoff', NULL, 'ggf. Farbe', NULL, NULL, NULL, 'B', 1, NULL, NULL, NULL, NULL, 'P5140020-P5140048', NULL, NULL, NULL, NULL, NULL, NULL, NULL, NULL, NULL),
(1, 16322, NULL, 'FB 05: Medien', NULL, NULL, NULL, 'H-Trakt', 1, 'H 1.23a', NULL, NULL, NULL, 'Geb. 4', 2, '570      ', '04.2.015', NULL, NULL, NULL, NULL, NULL, 'PC Labor Medien', 'Hr. Sauer', NULL, NULL, NULL, NULL, 14, 1, 'Flachbildschirm groß', 'IT', 130, 20, 80, 0.208, NULL, NULL, NULL, NULL, NULL, NULL, NULL, 'B', 1, 'ja', NULL, 'Flat ist an einem Rollgestell be', NULL, 'P5140020-P5140048', NULL, NULL, NULL, NULL, NULL, NULL, NULL, NULL, NULL),
(1, 16323, NULL, 'FB 05: Medien', NULL, NULL, NULL, 'H-Trakt', 1, 'H 1.23a', NULL, NULL, NULL, 'Geb. 4', 2, '570      ', '04.2.015', NULL, NULL, NULL, NULL, NULL, 'PC Labor Medien', 'Hr. Sauer', NULL, NULL, NULL, NULL, NULL, 1, 'Gestell für Flat TV rollbar', 'Mobiliar sonstige', 80, 80, 170, 1.088, NULL, 'Metall/silber', NULL, NULL, NULL, NULL, 'rollbar', 'A', 1, NULL, NULL, NULL, NULL, 'P5140020-P5140048', NULL, NULL, NULL, NULL, NULL, NULL, NULL, NULL, NULL),
(1, 16324, NULL, 'FB 05: Medien', NULL, NULL, NULL, 'H-Trakt', 1, 'H 1.23a', NULL, NULL, NULL, 'Geb. 4', 2, '570      ', '04.2.015', NULL, NULL, NULL, NULL, NULL, 'PC Labor Medien', 'Hr. Sauer', NULL, NULL, NULL, NULL, NULL, 1, 'Server Rack', 'IT', 60, 60, 220, 0.792, NULL, 'Metall/silber', NULL, NULL, NULL, NULL, 'rollbar', 'A', 1, NULL, NULL, NULL, NULL, 'P5140020-P5140048', NULL, NULL, NULL, NULL, NULL, NULL, NULL, NULL, NULL),
(1, 16325, NULL, 'FB 05: Medien', NULL, NULL, NULL, 'H-Trakt', 1, 'H 1.23a', NULL, NULL, NULL, NULL, NULL, NULL, NULL, NULL, NULL, NULL, NULL, NULL, 'PC Labor Medien', 'Hr. Sauer', NULL, NULL, NULL, NULL, 60, 1, 'Schreibtisch', 'Büromobiliar', 75, 60, 72, 0.324, NULL, 'L', 'fix', 'Holz/Dekor', 'nussb', 'sw', NULL, 'C', 0, '#BEZUG!', NULL, '(regelmäßiges Viereck, Rechteck,', NULL, 'P5140020-P5140048', NULL, NULL, NULL, NULL, NULL, NULL, NULL, NULL, NULL),
(1, 16326, NULL, 'FB 05: Medien', NULL, NULL, NULL, 'H-Trakt', 1, 'H 1.23a', NULL, NULL, NULL, 'Geb. 4', 2, '570      ', '04.2.015', NULL, NULL, NULL, NULL, NULL, 'PC Labor Medien', 'Hr. Sauer', NULL, NULL, NULL, NULL, 168, 1, 'Schultafel auf Rollgestell', 'Whiteboard, Tafel', 160, 80, 195, 2.496, NULL, NULL, NULL, 'ws', NULL, 'ws', NULL, 'B', 1, '#BEZUG!', NULL, 'rollbar', NULL, 'P5140020-P5140048', NULL, NULL, NULL, NULL, NULL, NULL, NULL, NULL, NULL),
(1, 16327, NULL, 'FB 05: Medien', NULL, NULL, NULL, 'H-Trakt', 1, 'H 1.23a', NULL, NULL, NULL, NULL, NULL, NULL, NULL, NULL, NULL, NULL, NULL, NULL, 'PC Labor Medien', 'Hr. Sauer', NULL, NULL, NULL, NULL, 167, 1, 'Leinwand', 'Medientechnik', 320, 15, 15, 0.072, NULL, NULL, NULL, NULL, NULL, NULL, NULL, 'B', 1, 'ja', NULL, 'Leinwand wandverschraubt', NULL, 'P5140020-P5140048', NULL, NULL, NULL, NULL, NULL, NULL, NULL, NULL, NULL),
(1, 16328, NULL, 'FB 05: Medien', NULL, NULL, NULL, 'H-Trakt', 1, 'H 1.23a', NULL, NULL, NULL, NULL, NULL, NULL, NULL, NULL, NULL, NULL, NULL, NULL, 'PC Labor Medien', 'Hr. Sauer', NULL, NULL, NULL, NULL, 169, 2, 'Schultafel wandverschraubt', 'Whiteboard, Tafel', 200, 15, 150, 0.9, NULL, NULL, NULL, NULL, NULL, NULL, NULL, 'B', 1, 'ja', NULL, NULL, NULL, 'P5140020-P5140048', NULL, NULL, NULL, NULL, NULL, NULL, NULL, NULL, NULL),
(1, 16329, NULL, 'FB 05: Medien', NULL, NULL, NULL, 'H-Trakt', 1, 'H 1.23a', NULL, NULL, NULL, 'Geb. 4', 2, '570      ', '04.2.015', NULL, NULL, NULL, NULL, NULL, 'PC Labor Medien', 'Hr. Sauer', NULL, NULL, NULL, NULL, 111, 1, 'Aktenschrank', 'Büromobiliar', 80, 44, 220, 0.7744, 'WINI', 'F', 'Sockel/dgr', 'lg', 'lg', NULL, NULL, 'A', 1, '#BEZUG!', NULL, '(ab 4 OH,\n40 bis 120 breit)', NULL, 'P5140020-P5140048', NULL, NULL, NULL, NULL, NULL, NULL, NULL, NULL, NULL),
(1, 16330, NULL, 'FB 05: Medien', NULL, NULL, NULL, 'H-Trakt', 1, 'H 1.23a', NULL, NULL, NULL, 'Geb. 4', 2, '570      ', '04.2.015', NULL, NULL, NULL, NULL, NULL, 'PC Labor Medien', 'Hr. Sauer', NULL, NULL, NULL, NULL, 111, 5, 'Aktenschrank', 'Büromobiliar', 100, 44, 220, 4.84, 'WINI', 'F', 'Sockel/dgr', 'lg', 'lg', NULL, NULL, 'A', 1, '#BEZUG!', NULL, '(ab 4 OH,\n40 bis 120 breit)', NULL, 'P5140020-P5140048', NULL, NULL, NULL, NULL, NULL, NULL, NULL, NULL, NULL),
(1, 16641, NULL, 'FB 05: Medien', NULL, NULL, NULL, 'H-Trakt', 1, 'H 1.38', NULL, NULL, NULL, NULL, NULL, NULL, NULL, NULL, NULL, NULL, NULL, NULL, 'Lager ', 'Hr. Pogscheba', NULL, NULL, NULL, NULL, NULL, 12, 'lfm Lagerware linker Bereich im ', 'Laborequipment', 100, 100, 100, 12, NULL, 'Bühnentraverse, Flugdrachen, Tis', NULL, NULL, NULL, NULL, NULL, 'B', 1, NULL, NULL, 'nur geschätzte Menge, nicht mögl', NULL, 'P5150063-P5150070', NULL, NULL, NULL, NULL, NULL, NULL, NULL, NULL, NULL),
(1, 16642, NULL, 'FB 05: Medien', NULL, NULL, NULL, 'H-Trakt', 1, 'H 1.38', NULL, NULL, NULL, NULL, NULL, NULL, NULL, NULL, NULL, NULL, NULL, NULL, 'Lager ', 'Fr. Müller', NULL, NULL, NULL, NULL, NULL, 10, 'lfm Lagerware rechter Bereich im', 'Laborequipment', 100, 100, 100, 10, NULL, 'Bühnentraverse, Bühnenzubehör, R', NULL, NULL, NULL, NULL, NULL, 'B', 1, NULL, NULL, 'nur geschätzte Menge, nicht mögl', NULL, 'P5150063-P5150070', NULL, NULL, NULL, NULL, NULL, NULL, NULL, NULL, NULL),
(1, 16814, NULL, 'FB 05: Medien', NULL, NULL, NULL, 'H-Trakt', 1, 'H 1.20a', NULL, NULL, NULL, NULL, NULL, NULL, NULL, NULL, NULL, NULL, NULL, NULL, 'Mostafawy', 'Hr. Sina', 'Bonse', 'Thomas 817/843', NULL, NULL, 17, 1, 'Telefon', 'TK', 20, 20, 10, 0.004, NULL, NULL, NULL, NULL, NULL, '826      ', NULL, 'B', 1, 'ja', NULL, NULL, NULL, 'P5160012-P5160016', NULL, NULL, NULL, NULL, NULL, NULL, NULL, NULL, NULL),
(1, 16815, NULL, 'FB 05: Medien', NULL, NULL, NULL, 'H-Trakt', 1, 'H 1.20a', NULL, NULL, NULL, 'Geb. 4', 2, '531      ', '04.2.006', 1, NULL, NULL, NULL, NULL, 'Mostafawy', 'Hr. Sina', NULL, NULL, NULL, NULL, 60, 1, 'Schreibtisch', 'Büromobiliar', 180, 80, 72, 1.0368, 'WINI', 'T', 'mhv', 'Holz/Dekor', 'lg/lg/dgr Umleimer', 'gr', NULL, 'A', 1, '#BEZUG!', NULL, '(regelmäßiges Viereck, Rechteck,', NULL, 'P5160012-P5160016', NULL, NULL, NULL, NULL, NULL, NULL, NULL, NULL, NULL),
(1, 16816, NULL, 'FB 05: Medien', NULL, NULL, NULL, 'H-Trakt', 1, 'H 1.20a', NULL, NULL, NULL, 'Geb. 4', 2, '531      ', '04.2.006', 1, NULL, NULL, NULL, NULL, 'Mostafawy', 'Hr. Sina', NULL, NULL, NULL, 'rc', 101, 1, 'Rollcontainer', 'Büromobiliar', 45, 80, 56, 0.2016, 'WINI', NULL, 'Holz/Dekor', 'lg', 'lg', 'lg', NULL, 'A', 1, NULL, NULL, NULL, NULL, 'P5160012-P5160016', NULL, NULL, NULL, NULL, NULL, NULL, NULL, NULL, NULL),
(1, 16817, NULL, 'FB 05: Medien', NULL, NULL, NULL, 'H-Trakt', 1, 'H 1.20a', NULL, NULL, NULL, 'Geb. 4', 2, '531      ', '04.2.006', 1, NULL, NULL, NULL, NULL, 'Mostafawy', 'Hr. Sina', NULL, NULL, NULL, NULL, 163, 1, 'Flipchart', 'sonstige', 60, 60, 190, 0.684, NULL, 'mit rundem Gestell zum rollen', NULL, 'ws', NULL, 'ws', NULL, 'B', 1, NULL, NULL, NULL, NULL, 'P5160012-P5160016', NULL, NULL, NULL, NULL, NULL, NULL, NULL, NULL, NULL),
(1, 16818, NULL, 'FB 05: Medien', NULL, NULL, NULL, 'H-Trakt', 1, 'H 1.20a', NULL, NULL, NULL, 'Geb. 4', 2, '531      ', '04.2.006', 1, NULL, NULL, NULL, NULL, 'Mostafawy', 'Hr. Sina', NULL, NULL, NULL, NULL, 51, 1, 'Besprechungstisch', 'Büromobiliar', 200, 95, 72, 1.368, 'WINI', '4      ', 're', 'Holz/Dekor', 'lg/lg/dgr Umleimer', 'gr', 'Vierkantrahmen', 'A', 1, NULL, NULL, NULL, NULL, 'P5160012-P5160016', NULL, NULL, NULL, NULL, NULL, NULL, NULL, NULL, NULL),
(1, 16819, NULL, 'FB 05: Medien', NULL, NULL, NULL, 'H-Trakt', 1, 'H 1.20a', NULL, NULL, NULL, 'Geb. 4', 2, '531      ', '04.2.006', 1, NULL, NULL, NULL, NULL, 'Mostafawy', 'Hr. Sina', NULL, NULL, NULL, NULL, 33, 6, 'Besprechungsstuhl ohne Armlehne', 'Büromobiliar Sitzmöbel', 50, 50, 90, 1.35, NULL, '4      ', 'Stoff', 'anthrazit', NULL, 'sw', NULL, 'B', 1, NULL, NULL, NULL, NULL, 'P5160012-P5160016', NULL, NULL, NULL, NULL, NULL, NULL, NULL, NULL, NULL),
(1, 16820, NULL, 'FB 05: Medien', NULL, NULL, NULL, 'H-Trakt', 1, 'H 1.20a', NULL, NULL, NULL, 'Geb. 4', 2, '531      ', '04.2.006', 1, NULL, NULL, NULL, NULL, 'Mostafawy', 'Hr. Sina', NULL, NULL, NULL, NULL, 34, 1, 'Besprechungsstuhl mit Armlehne', 'Büromobiliar Sitzmöbel', 60, 60, 90, 0.324, NULL, '4      ', 'Stoff', 'anthrazit', NULL, 'sw', NULL, 'B', 1, NULL, NULL, NULL, NULL, 'P5160012-P5160016', NULL, NULL, NULL, NULL, NULL, NULL, NULL, NULL, NULL),
(1, 16821, NULL, 'FB 05: Medien', NULL, NULL, NULL, 'H-Trakt', 1, 'H 1.20a', NULL, NULL, NULL, 'Geb. 4', 2, '531      ', '04.2.006', 1, NULL, NULL, NULL, NULL, 'Mostafawy', 'Hr. Sina', NULL, NULL, NULL, NULL, 31, 1, 'Bürodrehstuhl mit Armlehne', 'Büromobiliar Sitzmöbel', 60, 60, 110, 0.396, NULL, NULL, 'Stoff', 'anthrazit', NULL, 'sw', NULL, 'B', 1, NULL, NULL, NULL, NULL, 'P5160012-P5160016', NULL, NULL, NULL, NULL, NULL, NULL, NULL, NULL, NULL),
(1, 16822, NULL, 'FB 05: Medien', NULL, NULL, NULL, 'H-Trakt', 1, 'H 1.20a', NULL, NULL, NULL, 'Geb. 4', 2, '531      ', '04.2.006', 1, NULL, NULL, NULL, NULL, 'Mostafawy', 'Hr. Sina', NULL, NULL, NULL, NULL, 51, 1, 'Besprechungstisch', 'Büromobiliar', 100, 100, 72, 0.72, 'WINI', 'Tellerfuß', 'rund / mhv', 'Holz/Dekor', 'lg/lg/dgr Umleimer', 'gr', NULL, 'A', 1, NULL, NULL, NULL, NULL, 'P5160012-P5160016', NULL, NULL, NULL, NULL, NULL, NULL, NULL, NULL, NULL),
(1, 16823, NULL, 'FB 05: Medien', NULL, NULL, NULL, 'H-Trakt', 1, 'H 1.20a', NULL, NULL, NULL, NULL, NULL, NULL, NULL, NULL, NULL, NULL, NULL, NULL, 'Mostafawy', 'Hr. Sina', NULL, NULL, NULL, NULL, 15, 1, 'Drucker', 'IT', 50, 50, 50, 0.125, NULL, NULL, NULL, NULL, NULL, NULL, NULL, 'B', 1, 'ja', NULL, NULL, NULL, 'P5160012-P5160016', NULL, NULL, NULL, NULL, NULL, NULL, NULL, NULL, NULL),
(1, 16824, NULL, 'FB 05: Medien', NULL, NULL, NULL, 'H-Trakt', 1, 'H 1.20a', NULL, NULL, NULL, NULL, NULL, NULL, NULL, NULL, NULL, NULL, NULL, NULL, 'Mostafawy', 'Hr. Sina', NULL, NULL, NULL, NULL, 14, 1, 'Flachbildschirm', 'IT', 60, 20, 40, 0.048, NULL, NULL, NULL, NULL, NULL, NULL, NULL, 'B', 1, 'ja', NULL, NULL, NULL, 'P5160012-P5160016', NULL, NULL, NULL, NULL, NULL, NULL, NULL, NULL, NULL),
(1, 16825, NULL, 'FB 05: Medien', NULL, NULL, NULL, 'H-Trakt', 1, 'H 1.20a', NULL, NULL, NULL, NULL, NULL, NULL, NULL, NULL, NULL, NULL, NULL, NULL, 'Mostafawy', 'Hr. Sina', NULL, NULL, NULL, NULL, 1, 3, 'Umzugskarton', 'Umzugskarton', 59, 38, 35, 0.23541, NULL, NULL, NULL, NULL, NULL, NULL, NULL, NULL, 1, NULL, NULL, NULL, NULL, 'P5160012-P5160016', NULL, NULL, NULL, NULL, NULL, NULL, NULL, NULL, NULL),
(1, 16826, NULL, 'FB 05: Medien', NULL, NULL, NULL, 'H-Trakt', 1, 'H 1.20a', NULL, NULL, NULL, NULL, NULL, NULL, NULL, NULL, NULL, NULL, NULL, NULL, 'Mostafawy', 'Hr. Sina', NULL, NULL, NULL, NULL, 158, 1, 'Papierkorb', 'sonstige', 30, 30, 30, 0.027, NULL, NULL, NULL, NULL, NULL, NULL, NULL, 'B', 1, NULL, NULL, NULL, NULL, 'P5160012-P5160016', NULL, NULL, NULL, NULL, NULL, NULL, NULL, NULL, NULL),
(1, 16827, NULL, 'FB 05: Medien', NULL, NULL, NULL, 'H-Trakt', 1, 'H 1.20a', NULL, NULL, NULL, NULL, NULL, NULL, NULL, NULL, NULL, NULL, NULL, NULL, 'Bonse', 'Thomas ', NULL, NULL, NULL, NULL, 17, 1, 'Telefon', 'TK', 20, 20, 10, 0.004, NULL, NULL, NULL, NULL, NULL, ' 63/65', NULL, 'B', 1, 'ja', NULL, NULL, NULL, 'P5160012-P5160016', NULL, NULL, NULL, NULL, NULL, NULL, NULL, NULL, NULL),
(1, 16828, NULL, 'FB 05: Medien', NULL, NULL, NULL, 'H-Trakt', 1, 'H 1.20a', NULL, NULL, NULL, 'Geb. 4', 2, '531      ', '04.2.006', 2, NULL, NULL, NULL, NULL, 'Bonse', 'Thomas ', NULL, NULL, NULL, NULL, 60, 1, 'Schreibtisch', 'Büromobiliar', 180, 80, 72, 1.0368, 'WINI', 'T', 'mhv', 'Holz/Dekor', 'lg/lg/dgr Umleimer', 'gr', NULL, 'A', 1, '#BEZUG!', NULL, '(regelmäßiges Viereck, Rechteck,', NULL, 'P5160012-P5160016', NULL, NULL, NULL, NULL, NULL, NULL, NULL, NULL, NULL),
(1, 16829, NULL, 'FB 05: Medien', NULL, NULL, NULL, 'H-Trakt', 1, 'H 1.20a', NULL, NULL, NULL, 'Geb. 4', 2, '531      ', '04.2.006', 2, NULL, NULL, NULL, NULL, 'Bonse', 'Thomas ', NULL, NULL, NULL, 'rc', 101, 1, 'Rollcontainer', 'Büromobiliar', 45, 80, 56, 0.2016, 'WINI', NULL, 'Holz/Dekor', 'lg', 'lg', 'lg', NULL, 'A', 1, NULL, NULL, NULL, NULL, 'P5160012-P5160016', NULL, NULL, NULL, NULL, NULL, NULL, NULL, NULL, NULL),
(1, 16830, NULL, 'FB 05: Medien', NULL, NULL, NULL, 'H-Trakt', 1, 'H 1.20a', NULL, NULL, NULL, NULL, NULL, NULL, NULL, NULL, NULL, NULL, NULL, NULL, 'Bonse', 'Thomas ', NULL, NULL, NULL, NULL, 111, 1, 'Aktenschrank', 'Büromobiliar', 120, 40, 165, 0.792, NULL, 'F', 'Gestell/sw', 'gr', 'gr', NULL, NULL, 'C', 0, '#BEZUG!', NULL, 'ist kaputt', NULL, 'P5160012-P5160016', NULL, NULL, NULL, NULL, NULL, NULL, NULL, NULL, NULL),
(1, 16831, NULL, 'FB 05: Medien', NULL, NULL, NULL, 'H-Trakt', 1, 'H 1.20a', NULL, NULL, NULL, NULL, NULL, NULL, NULL, NULL, NULL, NULL, NULL, NULL, 'Bonse', 'Thomas ', NULL, NULL, NULL, NULL, NULL, 1, 'Staffelei', 'sonstige', 56, 50, 150, 0.42, NULL, NULL, 'Holz/bu', NULL, NULL, NULL, NULL, 'B', 1, NULL, NULL, NULL, NULL, 'P5160012-P5160016', NULL, NULL, NULL, NULL, NULL, NULL, NULL, NULL, NULL),
(1, 16832, NULL, 'FB 05: Medien', NULL, NULL, NULL, 'H-Trakt', 1, 'H 1.20a', NULL, NULL, NULL, 'Geb. 4', 2, '531      ', '04.2.006', 2, NULL, NULL, NULL, NULL, 'Bonse', 'Thomas ', NULL, NULL, NULL, NULL, 31, 1, 'Bürodrehstuhl mit Armlehne', 'Büromobiliar Sitzmöbel', 60, 60, 110, 0.396, NULL, NULL, 'Stoff', 'anthrazit', NULL, 'sw', NULL, 'B', 1, NULL, NULL, NULL, NULL, 'P5160012-P5160016', NULL, NULL, NULL, NULL, NULL, NULL, NULL, NULL, NULL),
(1, 16833, NULL, 'FB 05: Medien', NULL, NULL, NULL, 'H-Trakt', 1, 'H 1.20a', NULL, NULL, NULL, 'Geb. 4', 2, '528      ', '04.2.004', 1, NULL, NULL, NULL, NULL, 'Bonse', 'Thomas ', NULL, NULL, NULL, NULL, 133, 1, 'Stahlschrank', 'Mobiliar sonstige', 95, 50, 195, 0.92625, NULL, 'F', NULL, 'nw', 'nw', NULL, NULL, 'B', 1, '#BEZUG!', NULL, NULL, NULL, 'P5160012-P5160016', NULL, NULL, NULL, NULL, NULL, NULL, NULL, NULL, NULL),
(1, 16834, NULL, 'FB 05: Medien', NULL, NULL, NULL, 'H-Trakt', 1, 'H 1.20a', NULL, NULL, NULL, NULL, NULL, NULL, NULL, NULL, NULL, NULL, NULL, NULL, 'Bonse', 'Thomas ', NULL, NULL, NULL, NULL, 3, 5, 'lfm Akten', 'Akten', 100, 30, 33, 0.495, NULL, NULL, NULL, NULL, NULL, NULL, NULL, NULL, 1, NULL, NULL, NULL, NULL, 'P5160012-P5160016', NULL, NULL, NULL, NULL, NULL, NULL, NULL, NULL, NULL),
(1, 16835, NULL, 'FB 05: Medien', NULL, NULL, NULL, 'H-Trakt', 1, 'H 1.20a', NULL, NULL, NULL, NULL, NULL, NULL, NULL, NULL, NULL, NULL, NULL, NULL, 'Bonse', 'Thomas ', NULL, NULL, NULL, NULL, 1, 3, 'Umzugskarton', 'Umzugskarton', 59, 38, 35, 0.23541, NULL, NULL, NULL, NULL, NULL, NULL, NULL, NULL, 1, NULL, NULL, NULL, NULL, 'P5160012-P5160016', NULL, NULL, NULL, NULL, NULL, NULL, NULL, NULL, NULL),
(1, 16836, NULL, 'FB 05: Medien', NULL, NULL, NULL, 'S-Trakt', 1, 'S 1.5 ', NULL, NULL, NULL, 'Geb. 4', 2, '563      ', '04.2.012', NULL, NULL, NULL, NULL, NULL, 'PC Pool für 3D Computergrafik u ', 'Hr. Becker', NULL, NULL, NULL, NULL, 133, 1, 'Stahlschrank', 'Mobiliar sonstige', 95, 50, 195, 0.92625, NULL, 'F', NULL, 'gr', 'gr', NULL, NULL, 'B', 1, '#BEZUG!', NULL, NULL, NULL, 'P5160017-P5160022', NULL, NULL, NULL, NULL, NULL, NULL, NULL, NULL, NULL),
(1, 16837, NULL, 'FB 05: Medien', NULL, NULL, NULL, 'S-Trakt', 1, 'S 1.5 ', NULL, NULL, NULL, 'Geb. 4', 2, '563      ', '04.2.012', NULL, NULL, NULL, NULL, NULL, 'PC Pool für 3D Computergrafik u ', 'Hr. Becker', NULL, NULL, NULL, NULL, 110, 1, 'Sideboard', 'Büromobiliar', 90, 46, 110, 0.4554, 'WINI', 'Q ', 'Rollen', 'lg', 'lg', NULL, NULL, 'B', 1, '#BEZUG!', NULL, '(bis 3 OH)', NULL, 'P5160017-P5160022', NULL, NULL, NULL, NULL, NULL, NULL, NULL, NULL, NULL),
(1, 16838, NULL, 'FB 05: Medien', NULL, NULL, NULL, 'S-Trakt', 1, 'S 1.5 ', NULL, NULL, NULL, 'Geb. 4', 2, '563      ', '04.2.012', NULL, NULL, NULL, NULL, NULL, 'PC Pool für 3D Computergrafik u ', 'Hr. Becker', NULL, NULL, NULL, NULL, 110, 1, 'Sideboard', 'Büromobiliar', 120, 40, 125, 0.6, NULL, 'S Metall', 'Gestell/nw', 'nw', 'nw', NULL, NULL, 'B', 1, '#BEZUG!', NULL, '(bis 3 OH)', NULL, 'P5160017-P5160022', NULL, NULL, NULL, NULL, NULL, NULL, NULL, NULL, NULL),
(1, 16839, NULL, 'FB 05: Medien', NULL, NULL, NULL, 'S-Trakt', 1, 'S 1.5 ', NULL, NULL, NULL, 'Geb. 4', 2, '563      ', '04.2.012', NULL, NULL, NULL, NULL, NULL, 'PC Pool für 3D Computergrafik u ', 'Hr. Becker', NULL, NULL, NULL, NULL, 51, 3, 'Besprechungstisch', 'Büromobiliar', 145, 70, 72, 2.1924, NULL, '4      ', 're', 'Holz/Dekor', 'ws/bu Umleimer', 'dgr', 'Vierkantrahmen', 'B', 1, NULL, NULL, NULL, NULL, 'P5160017-P5160022', NULL, NULL, NULL, NULL, NULL, NULL, NULL, NULL, NULL),
(1, 16840, NULL, 'FB 05: Medien', NULL, NULL, NULL, 'S-Trakt', 1, 'S 1.5 ', NULL, NULL, NULL, 'Geb. 4', 2, '563      ', '04.2.012', NULL, NULL, NULL, NULL, NULL, 'PC Pool für 3D Computergrafik u ', 'Hr. Becker', NULL, NULL, NULL, 'rc', 101, 1, 'Rollcontainer', 'Büromobiliar', 45, 80, 56, 0.2016, NULL, NULL, 'Holz/Dekor', 'lg', 'lg', 'lg', NULL, 'B', 1, NULL, NULL, NULL, NULL, 'P5160017-P5160022', NULL, NULL, NULL, NULL, NULL, NULL, NULL, NULL, NULL),
(1, 16841, NULL, 'FB 05: Medien', NULL, NULL, NULL, 'S-Trakt', 1, 'S 1.5 ', NULL, NULL, NULL, NULL, NULL, NULL, NULL, NULL, NULL, NULL, NULL, NULL, 'PC Pool für 3D Computergrafik u ', 'Hr. Becker', NULL, NULL, NULL, NULL, 26, 1, 'Tageslichtprojektor', 'Medientechnik', 40, 40, 60, 0.096, NULL, NULL, NULL, NULL, NULL, NULL, NULL, 'B', 1, NULL, NULL, NULL, NULL, 'P5160017-P5160022', NULL, NULL, NULL, NULL, NULL, NULL, NULL, NULL, NULL),
(1, 16842, NULL, 'FB 05: Medien', NULL, NULL, NULL, 'S-Trakt', 1, 'S 1.5 ', NULL, NULL, NULL, 'Geb. 4', 2, '563      ', '04.2.012', NULL, NULL, NULL, NULL, NULL, 'PC Pool für 3D Computergrafik u ', 'Hr. Becker', NULL, NULL, NULL, NULL, 27, 1, 'Gestellwagen für Tageslichtproje', 'sonstige', 60, 70, 80, 0.336, NULL, NULL, NULL, NULL, NULL, NULL, NULL, 'B', 1, NULL, NULL, NULL, NULL, 'P5160017-P5160022', NULL, NULL, NULL, NULL, NULL, NULL, NULL, NULL, NULL),
(1, 16843, NULL, 'FB 05: Medien', NULL, NULL, NULL, 'S-Trakt', 1, 'S 1.5 ', NULL, NULL, NULL, NULL, NULL, NULL, NULL, NULL, NULL, NULL, NULL, NULL, 'PC Pool für 3D Computergrafik u ', 'Hr. Becker', NULL, NULL, NULL, NULL, 160, 1, 'Whiteboard', 'Whiteboard, Tafel', 200, 5, 100, 0.1, NULL, 'direkt wandverschraubt', NULL, NULL, NULL, 'Alu/Silber', NULL, 'B', 1, '#BEZUG!', NULL, NULL, NULL, 'P5160017-P5160022', NULL, NULL, NULL, NULL, NULL, NULL, NULL, NULL, NULL),
(1, 16844, NULL, 'FB 05: Medien', NULL, NULL, NULL, 'S-Trakt', 1, 'S 1.5 ', NULL, NULL, NULL, 'Geb. 4', 2, '563      ', '04.2.012', NULL, NULL, NULL, NULL, NULL, 'PC Pool für 3D Computergrafik u ', 'Hr. Becker', NULL, NULL, NULL, NULL, 163, 1, 'Flipchart', 'sonstige', 75, 10, 180, 0.135, NULL, 'Klappgestell', NULL, 'ws', NULL, 'ws', NULL, 'B', 1, NULL, NULL, NULL, NULL, 'P5160017-P5160022', NULL, NULL, NULL, NULL, NULL, NULL, NULL, NULL, NULL),
(1, 16845, NULL, 'FB 05: Medien', NULL, NULL, NULL, 'S-Trakt', 1, 'S 1.5 ', NULL, NULL, NULL, 'Geb. 4', 2, '563      ', '04.2.012', NULL, NULL, NULL, NULL, NULL, 'PC Pool für 3D Computergrafik u ', 'Hr. Becker', NULL, NULL, NULL, NULL, 51, 2, 'Besprechungstisch', 'Büromobiliar', 200, 100, 72, 2.88, 'WINI', '4      ', 're', 'Holz/Dekor', 'lg/lg/dgr Umleimer', 'gr', 'Vierkantrahmen', 'A', 1, NULL, NULL, NULL, NULL, 'P5160017-P5160022', NULL, NULL, NULL, NULL, NULL, NULL, NULL, NULL, NULL),
(1, 16846, NULL, 'FB 05: Medien', NULL, NULL, NULL, 'S-Trakt', 1, 'S 1.5 ', NULL, NULL, NULL, 'Geb. 4', 2, '563      ', '04.2.012', NULL, NULL, NULL, NULL, NULL, 'PC Pool für 3D Computergrafik u ', 'Hr. Becker', NULL, NULL, NULL, NULL, 60, 9, 'Schreibtisch', 'Büromobiliar', 160, 80, 72, 8.2944, 'WINI', 'T', 'mhv', 'Holz/Dekor', 'lg/lg/dgr Umleimer', 'gr', NULL, 'A', 1, '#BEZUG!', NULL, '(regelmäßiges Viereck, Rechteck,', NULL, 'P5160017-P5160022', NULL, NULL, NULL, NULL, NULL, NULL, NULL, NULL, NULL),
(1, 16847, NULL, 'FB 05: Medien', NULL, NULL, NULL, 'S-Trakt', 1, 'S 1.5 ', NULL, NULL, NULL, 'Geb. 4', 2, '563      ', '04.2.012', NULL, NULL, NULL, NULL, NULL, 'PC Pool für 3D Computergrafik u ', 'Hr. Becker', NULL, NULL, NULL, NULL, 60, 9, 'Schreibtisch', 'Büromobiliar', 160, 80, 72, 8.2944, NULL, 'T', 'mhv', 'Holz/Dekor', 'lg', 'lg', NULL, 'B', 1, '#BEZUG!', NULL, '(regelmäßiges Viereck, Rechteck,', NULL, 'P5160017-P5160022', NULL, NULL, NULL, NULL, NULL, NULL, NULL, NULL, NULL),
(1, 16848, NULL, 'FB 05: Medien', NULL, NULL, NULL, 'S-Trakt', 1, 'S 1.5 ', NULL, NULL, NULL, 'Geb. 4', 2, '563      ', '04.2.012', NULL, NULL, NULL, NULL, NULL, 'PC Pool für 3D Computergrafik u ', 'Hr. Becker', NULL, NULL, NULL, NULL, 30, 39, 'Bürodrehstuhl ohne Armlehne', 'Büromobiliar Sitzmöbel', 50, 50, 110, 10.725, NULL, NULL, 'Stoff', 'anthrazit', NULL, 'sw', NULL, 'B', 1, NULL, NULL, NULL, NULL, 'P5160017-P5160022', NULL, NULL, NULL, NULL, NULL, NULL, NULL, NULL, NULL),
(1, 16849, NULL, 'FB 05: Medien', NULL, NULL, NULL, 'S-Trakt', 1, 'S 1.5 ', NULL, NULL, NULL, 'Geb. 4', 2, '563      ', '04.2.012', NULL, NULL, NULL, NULL, NULL, 'PC Pool für 3D Computergrafik u ', 'Hr. Becker', NULL, NULL, NULL, NULL, NULL, 1, 'TV', 'TV', 170, 75, 200, 2.55, NULL, NULL, 'Metall/Kunststoff', 'sw', NULL, NULL, NULL, 'A', 1, NULL, NULL, 'Flat TV mit Gestell auf Rollen', NULL, 'P5160017-P5160022', NULL, NULL, NULL, NULL, NULL, NULL, NULL, NULL, NULL),
(1, 16850, NULL, 'FB 05: Medien', NULL, NULL, NULL, 'S-Trakt', 1, 'S 1.5 ', NULL, NULL, NULL, NULL, NULL, NULL, NULL, NULL, NULL, NULL, NULL, NULL, 'PC Pool für 3D Computergrafik u ', 'Hr. Becker', NULL, NULL, NULL, NULL, NULL, 1, 'TV', 'TV', 105, 13, 65, 0.088725, NULL, NULL, 'Kunststoff/sw', NULL, NULL, NULL, NULL, 'A', 1, NULL, NULL, 'wandverschraubt', NULL, 'P5160017-P5160022', NULL, NULL, NULL, NULL, NULL, NULL, NULL, NULL, NULL),
(1, 16851, NULL, 'FB 05: Medien', NULL, NULL, NULL, 'S-Trakt', 1, 'S 1.5 ', NULL, NULL, NULL, NULL, NULL, NULL, NULL, NULL, NULL, NULL, NULL, NULL, 'PC Pool für 3D Computergrafik u ', 'Hr. Becker', NULL, NULL, NULL, NULL, 20, 1, 'Lautsprecher', 'Medientechnik', 33, 40, 34, 0.04488, NULL, NULL, NULL, NULL, NULL, NULL, NULL, 'B', 1, 'ja', NULL, NULL, NULL, 'P5160017-P5160022', NULL, NULL, NULL, NULL, NULL, NULL, NULL, NULL, NULL),
(1, 16852, NULL, 'FB 05: Medien', NULL, NULL, NULL, 'S-Trakt', 1, 'S 1.5 ', NULL, NULL, NULL, NULL, NULL, NULL, NULL, NULL, NULL, NULL, NULL, NULL, 'PC Pool für 3D Computergrafik u ', 'Hr. Becker', NULL, NULL, NULL, NULL, 24, 1, 'Beamer', 'Medientechnik', 40, 40, 20, 0.032, NULL, NULL, NULL, NULL, 'deckenmontiert', NULL, NULL, 'A', 1, NULL, NULL, NULL, NULL, 'P5160017-P5160022', NULL, NULL, NULL, NULL, NULL, NULL, NULL, NULL, NULL),
(1, 16853, NULL, 'FB 05: Medien', NULL, NULL, NULL, 'S-Trakt', 1, 'S 1.5 ', NULL, NULL, NULL, NULL, NULL, NULL, NULL, NULL, NULL, NULL, NULL, NULL, 'PC Pool für 3D Computergrafik u ', 'Hr. Becker', NULL, NULL, NULL, NULL, 14, 37, 'Flachbildschirm', 'IT', 60, 20, 40, 1.776, NULL, NULL, NULL, NULL, NULL, NULL, NULL, 'B', 1, 'ja', NULL, NULL, NULL, 'P5160017-P5160022', NULL, NULL, NULL, NULL, NULL, NULL, NULL, NULL, NULL),
(1, 16854, NULL, 'FB 05: Medien', NULL, NULL, NULL, 'S-Trakt', 1, 'S 1.5 ', NULL, NULL, NULL, NULL, NULL, NULL, NULL, NULL, NULL, NULL, NULL, NULL, 'PC Pool für 3D Computergrafik u ', 'Hr. Becker', NULL, NULL, NULL, NULL, 10, 37, 'PC, Tower/Desktop', 'IT', 50, 20, 60, 2.22, NULL, NULL, NULL, NULL, NULL, NULL, NULL, 'B', 1, 'ja', NULL, '(einschl. Tastatur, Maus)', NULL, 'P5160017-P5160022', NULL, NULL, NULL, NULL, NULL, NULL, NULL, NULL, NULL),
(1, 16855, NULL, 'FB 05: Medien', NULL, NULL, NULL, 'S-Trakt', 1, 'S 1.5 ', NULL, NULL, NULL, NULL, NULL, NULL, NULL, NULL, NULL, NULL, NULL, NULL, 'PC Pool für 3D Computergrafik u ', 'Hr. Becker', NULL, NULL, NULL, NULL, 20, 5, 'Lautsprecher', 'Medientechnik', 15, 10, 20, 0.015, NULL, NULL, NULL, NULL, NULL, NULL, NULL, 'B', 1, 'ja', NULL, 'Lautsprecher an Wand befestigt', NULL, 'P5160017-P5160022', NULL, NULL, NULL, NULL, NULL, NULL, NULL, NULL, NULL),
(1, 16856, NULL, 'FB 05: Medien', NULL, NULL, NULL, 'S-Trakt', 1, 'S 1.5 ', NULL, NULL, NULL, NULL, NULL, NULL, NULL, NULL, NULL, NULL, NULL, NULL, 'PC Pool für 3D Computergrafik u ', 'Hr. Becker', NULL, NULL, NULL, NULL, 17, 1, 'Telefon', 'TK', 20, 20, 10, 0.004, NULL, NULL, NULL, NULL, NULL, '885      ', NULL, 'B', 1, 'ja', NULL, NULL, NULL, 'P5160017-P5160022', NULL, NULL, NULL, NULL, NULL, NULL, NULL, NULL, NULL),
(1, 16857, NULL, 'FB 05: Medien', NULL, NULL, NULL, 'S-Trakt', 1, 'S 1.5 ', NULL, NULL, NULL, NULL, NULL, NULL, NULL, NULL, NULL, NULL, NULL, NULL, 'PC Pool für 3D Computergrafik u ', 'Hr. Becker', NULL, NULL, NULL, NULL, 15, 1, 'Drucker', 'IT', 50, 50, 50, 0.125, NULL, NULL, NULL, NULL, NULL, NULL, NULL, 'B', 1, 'ja', NULL, NULL, NULL, 'P5160017-P5160022', NULL, NULL, NULL, NULL, NULL, NULL, NULL, NULL, NULL),
(1, 16858, NULL, 'FB 05: Medien', NULL, NULL, NULL, 'S-Trakt', 1, 'S 1.5 ', NULL, NULL, NULL, NULL, NULL, NULL, NULL, NULL, NULL, NULL, NULL, NULL, 'PC Pool für 3D Computergrafik u ', 'Hr. Becker', NULL, NULL, NULL, NULL, NULL, 15, 'lfm Molton', 'Laborequipment', 100, 1, 150, 0.225, NULL, 'Stoff/sw', NULL, NULL, NULL, NULL, NULL, 'A', 1, NULL, NULL, 'kann gerollt oder gefaltet werde', NULL, 'P5160017-P5160022', NULL, NULL, NULL, NULL, NULL, NULL, NULL, NULL, NULL),
(1, 16859, NULL, 'FB 05: Medien', NULL, NULL, NULL, 'S-Trakt', 1, 'S 1.5 ', NULL, NULL, NULL, NULL, NULL, NULL, NULL, NULL, NULL, NULL, NULL, NULL, 'PC Pool für 3D Computergrafik u ', 'Hr. Becker', NULL, NULL, NULL, NULL, 6, 3, 'Laborwanne', 'Laborwanne', 104, 64, 79, 1.57747, NULL, 'Verwendungszweck, z.B. für ...', NULL, NULL, NULL, NULL, NULL, NULL, 1, '#BEZUG!', NULL, NULL, NULL, 'P5160017-P5160022', NULL, NULL, NULL, NULL, NULL, NULL, NULL, NULL, NULL),
(1, 16860, NULL, 'FB 05: Medien', NULL, NULL, NULL, 'S-Trakt', 1, 'S 1.5 ', NULL, NULL, NULL, NULL, NULL, NULL, NULL, NULL, NULL, NULL, NULL, NULL, 'PC Pool für 3D Computergrafik u ', 'Hr. Becker', NULL, NULL, NULL, NULL, 1, 2, 'Umzugskarton', 'Umzugskarton', 59, 38, 35, 0.15694, NULL, NULL, NULL, NULL, NULL, NULL, NULL, NULL, 1, NULL, NULL, NULL, NULL, 'P5160017-P5160022', NULL, NULL, NULL, NULL, NULL, NULL, NULL, NULL, NULL),
(1, 16861, NULL, 'FB 05: Medien', NULL, NULL, NULL, 'S-Trakt', 1, 'S 1.5 ', NULL, NULL, NULL, 'Geb. 4', 2, '563      ', '04.2.012', NULL, NULL, NULL, NULL, NULL, 'PC Pool für 3D Computergrafik u ', 'Hr. Becker', NULL, NULL, NULL, NULL, 42, 1, 'Seminarstuhl', 'Mobiliar sonstige', 45, 50, 70, 0.1575, NULL, '4      ', 'Holz', 'nussb', NULL, 'chr', NULL, 'B', 1, NULL, NULL, NULL, NULL, 'P5160017-P5160022', NULL, NULL, NULL, NULL, NULL, NULL, NULL, NULL, NULL),
(1, 1000000, NULL, 'FB 05: Dekanat FB Medien', NULL, NULL, NULL, 'H-Trakt', 0, 'H 12', 0, NULL, NULL, 'Geb. 4', 3, '508      ', '04.3.037', 2, NULL, NULL, NULL, NULL, 'Rungenhagen-Jung', 'Christiane', NULL, NULL, NULL, NULL, NULL, 1, 'Bürodrehstuhl mit\nArmlehne', NULL, 60, 60, 110, 0.396, NULL, NULL, 'Stoff', 'grau', NULL, 'schwarz', NULL, 'B', NULL, NULL, NULL, 'lt. Foto vorhanden', NULL, '4789      ', NULL, NULL, NULL, NULL, NULL, NULL, NULL, NULL, NULL),
(1, 1000001, NULL, 'FB 05: Dekan FB Medien', NULL, NULL, NULL, 'H-Trakt', 0, 'H 11', NULL, NULL, NULL, 'Geb. 4', 2, '522      ', '04.2.009', NULL, NULL, NULL, NULL, NULL, 'Klinkenberg', 'Ulrich', NULL, NULL, NULL, NULL, NULL, 1, 'Bürodrehstuhl mit Armlehne', NULL, 60, 60, 110, 0.396, NULL, NULL, NULL, NULL, NULL, NULL, NULL, 'B', NULL, NULL, NULL, 'lt. Foto vorhanden', NULL, '4794      ', NULL, NULL, NULL, NULL, NULL, NULL, NULL, NULL, NULL),
(1, 1000002, NULL, 'FB 05: Medien', NULL, NULL, NULL, 'H-Trakt', 1, 'H 1.21a', NULL, NULL, NULL, 'Geb. 4', 2, '575      ', '04.2.021', NULL, NULL, NULL, NULL, NULL, 'Projektraum Informatik', 'Mediengestaltung', NULL, NULL, NULL, NULL, NULL, 1, 'TV auf Tisch', NULL, 130, 60, 180, 1.404, NULL, NULL, NULL, NULL, NULL, NULL, NULL, 'B', NULL, NULL, NULL, 'lt. Foto vorhanden\nMaße sind ges', NULL, 'P5070094', NULL, NULL, NULL, NULL, NULL, NULL, NULL, NULL, NULL);

--
-- Trigger `data_import`
--
DELIMITER //
CREATE TRIGGER `trig_import_items` AFTER INSERT ON `data_import`
 FOR EACH ROW BEGIN
DECLARE i INT DEFAULT 1;
DECLARE var_item_type INT DEFAULT 1;

-- Item-Typ ermitteln
IF (NEW.AE_Bezeichnung LIKE '%Stuhl%') THEN
	SET var_item_type = 2;
ELSEIF (NEW.AE_Bezeichnung LIKE '%Tisch%') THEN
	SET var_item_type = 3;
ELSEIF (NEW.AE_Bezeichnung LIKE '%Schrank%') THEN
	SET var_item_type = 4;
END IF;

-- Fachbereich einfügen
IF NOT EXISTS(SELECT department_id FROM departments WHERE department_name = NEW.`D__Dezernat\/Fachbereich`) THEN
	INSERT INTO departments
	VALUES (NULL, NEW.`D__Dezernat\/Fachbereich`);
END IF;

-- Gebäude/Trakt einfügen
IF NOT EXISTS(SELECT building_id FROM buildings WHERE building_name = NEW.`H__Bauteil-Nr. Bestand`) THEN
	INSERT INTO buildings
    VALUES(NULL, NEW.`H__Bauteil-Nr. Bestand`, 0);
END IF;

-- Map einfügen
IF NOT EXISTS(SELECT map_id FROM maps WHERE map_building_id = (SELECT building_id FROM buildings WHERE building_name = NEW.`H__Bauteil-Nr. Bestand`) AND map_floor = NEW.`I__Etage Bestand`) THEN
	INSERT INTO maps
    VALUES (NULL, (SELECT building_id FROM buildings WHERE building_name = NEW.`H__Bauteil-Nr. Bestand`), NEW.`I__Etage Bestand`, NULL);
END IF;

-- Raum einfügen
IF NOT EXISTS(SELECT room_id FROM rooms WHERE room_name = NEW.`J__Raum-Nr. Bestand`) THEN
	INSERT INTO rooms
    VALUES(NULL, NEW.`J__Raum-Nr. Bestand`, NULL, NULL, NULL, NULL, NULL, (SELECT map_id FROM maps WHERE map_building_id = (SELECT building_id FROM buildings WHERE building_name = NEW.`H__Bauteil-Nr. Bestand`) AND map_floor = NEW.`I__Etage Bestand`));
END IF;

-- Item n-mal einfügen
WHILE (i <= NEW.`AD_Anzahl`) DO
	INSERT INTO items
	VALUES (NULL, NEW.B__Index, (SELECT department_id FROM departments WHERE department_name = NEW.`D__Dezernat\/Fachbereich`), NEW.AE_Bezeichnung, (SELECT room_id FROM rooms WHERE room_name = NEW.`J__Raum-Nr. Bestand`), NULL, NULL, NEW.AG_B, NEW.AH_T, NEW.AI_H, NEW.AR_Zustand, var_item_type);
	SET i = i + 1;
END WHILE;


END
//
DELIMITER ;
DELIMITER //
CREATE TRIGGER `trig_import_items_update` AFTER UPDATE ON `data_import`
 FOR EACH ROW BEGIN
DECLARE i INT DEFAULT 1;
DECLARE var_item_type INT DEFAULT 1;

-- Item-Typ ermitteln
IF (NEW.AE_Bezeichnung LIKE '%Stuhl%') THEN
	SET var_item_type = 2;
ELSEIF (NEW.AE_Bezeichnung LIKE '%Tisch%') THEN
	SET var_item_type = 3;
ELSEIF (NEW.AE_Bezeichnung LIKE '%Schrank%') THEN
	SET var_item_type = 4;
END IF;

-- Item n-mal einfügen
WHILE (i <= (NEW.`AD_Anzahl` - (SELECT AD_Anzahl FROM data_import WHERE B__Index = NEW.B__Index))) DO
	INSERT INTO items
	VALUES (NULL, NEW.B__Index, (SELECT department_id FROM departments WHERE department_name = NEW.`D__Dezernat\/Fachbereich`), NEW.AE_Bezeichnung, (SELECT room_id FROM rooms WHERE room_name = NEW.`J__Raum-Nr. Bestand`), NULL, NULL, NEW.AG_B, NEW.AH_T, NEW.AI_H, NEW.AR_Zustand, var_item_type);
	SET i = i + 1;
END WHILE;

END
//
DELIMITER ;

-- --------------------------------------------------------

--
-- Tabellenstruktur für Tabelle `departments`
--

CREATE TABLE IF NOT EXISTS `departments` (
`department_id` int(11) NOT NULL,
  `department_name` varchar(32) NOT NULL
) ENGINE=InnoDB  DEFAULT CHARSET=utf8 AUTO_INCREMENT=4 ;

--
-- Daten für Tabelle `departments`
--

INSERT INTO `departments` (`department_id`, `department_name`) VALUES
(1, 'FB 05: Medien'),
(2, 'FB 05: Dekanat FB Medien'),
(3, 'FB 05: Dekan FB Medien');

-- --------------------------------------------------------

--
-- Tabellenstruktur für Tabelle `items`
--

CREATE TABLE IF NOT EXISTS `items` (
`item_id` int(32) NOT NULL,
  `item_import_id` int(11) NOT NULL,
  `item_department_id` int(11) NOT NULL,
  `item_description` varchar(128) NOT NULL,
  `item_room_id` int(11) NOT NULL,
  `item_position_x` double DEFAULT NULL,
  `item_position_y` double DEFAULT NULL,
  `item_size_x` double DEFAULT NULL COMMENT 'Breite',
  `item_size_y` double DEFAULT NULL COMMENT 'Tiefe',
  `item_size_z` double DEFAULT NULL COMMENT 'Höhe',
  `item_state` char(1) DEFAULT NULL,
  `item_type_id` int(2) NOT NULL
) ENGINE=InnoDB  DEFAULT CHARSET=utf8 AUTO_INCREMENT=1585 ;

--
-- Daten für Tabelle `items`
--

INSERT INTO `items` (`item_id`, `item_import_id`, `item_department_id`, `item_description`, `item_room_id`, `item_position_x`, `item_position_y`, `item_size_x`, `item_size_y`, `item_size_z`, `item_state`, `item_type_id`) VALUES
(1, 15112, 1, 'Besprechungstisch', 1, NULL, NULL, 156, 60, 72, 'B', 3),
(2, 15112, 1, 'Besprechungstisch', 1, NULL, NULL, 156, 60, 72, 'B', 3),
(3, 15112, 1, 'Besprechungstisch', 1, NULL, NULL, 156, 60, 72, 'B', 3),
(4, 15112, 1, 'Besprechungstisch', 1, NULL, NULL, 156, 60, 72, 'B', 3),
(5, 15112, 1, 'Besprechungstisch', 1, NULL, NULL, 156, 60, 72, 'B', 3),
(6, 15112, 1, 'Besprechungstisch', 1, NULL, NULL, 156, 60, 72, 'B', 3),
(7, 15112, 1, 'Besprechungstisch', 1, NULL, NULL, 156, 60, 72, 'B', 3),
(8, 15112, 1, 'Besprechungstisch', 1, NULL, NULL, 156, 60, 72, 'B', 3),
(9, 15112, 1, 'Besprechungstisch', 1, NULL, NULL, 156, 60, 72, 'B', 3),
(10, 15112, 1, 'Besprechungstisch', 1, NULL, NULL, 156, 60, 72, 'B', 3),
(11, 15112, 1, 'Besprechungstisch', 1, NULL, NULL, 156, 60, 72, 'B', 3),
(12, 15112, 1, 'Besprechungstisch', 1, NULL, NULL, 156, 60, 72, 'B', 3),
(13, 15112, 1, 'Besprechungstisch', 1, NULL, NULL, 156, 60, 72, 'B', 3),
(14, 15112, 1, 'Besprechungstisch', 1, NULL, NULL, 156, 60, 72, 'B', 3),
(15, 15112, 1, 'Besprechungstisch', 1, NULL, NULL, 156, 60, 72, 'B', 3),
(16, 15112, 1, 'Besprechungstisch', 1, NULL, NULL, 156, 60, 72, 'B', 3),
(17, 15112, 1, 'Besprechungstisch', 1, NULL, NULL, 156, 60, 72, 'B', 3),
(18, 15112, 1, 'Besprechungstisch', 1, NULL, NULL, 156, 60, 72, 'B', 3),
(19, 15112, 1, 'Besprechungstisch', 1, NULL, NULL, 156, 60, 72, 'B', 3),
(20, 15112, 1, 'Besprechungstisch', 1, NULL, NULL, 156, 60, 72, 'B', 3),
(21, 15112, 1, 'Besprechungstisch', 1, NULL, NULL, 156, 60, 72, 'B', 3),
(22, 15112, 1, 'Besprechungstisch', 1, NULL, NULL, 156, 60, 72, 'B', 3),
(23, 15113, 1, 'Besprechungstisch', 1, NULL, NULL, 140, 70, 72, 'B', 3),
(24, 15113, 1, 'Besprechungstisch', 1, NULL, NULL, 140, 70, 72, 'B', 3),
(25, 15114, 1, 'Seminarstuhl', 1, NULL, NULL, 45, 50, 70, 'B', 2),
(26, 15114, 1, 'Seminarstuhl', 1, NULL, NULL, 45, 50, 70, 'B', 2),
(27, 15114, 1, 'Seminarstuhl', 1, NULL, NULL, 45, 50, 70, 'B', 2),
(28, 15114, 1, 'Seminarstuhl', 1, NULL, NULL, 45, 50, 70, 'B', 2),
(29, 15114, 1, 'Seminarstuhl', 1, NULL, NULL, 45, 50, 70, 'B', 2),
(30, 15114, 1, 'Seminarstuhl', 1, NULL, NULL, 45, 50, 70, 'B', 2),
(31, 15114, 1, 'Seminarstuhl', 1, NULL, NULL, 45, 50, 70, 'B', 2),
(32, 15114, 1, 'Seminarstuhl', 1, NULL, NULL, 45, 50, 70, 'B', 2),
(33, 15114, 1, 'Seminarstuhl', 1, NULL, NULL, 45, 50, 70, 'B', 2),
(34, 15114, 1, 'Seminarstuhl', 1, NULL, NULL, 45, 50, 70, 'B', 2),
(35, 15114, 1, 'Seminarstuhl', 1, NULL, NULL, 45, 50, 70, 'B', 2),
(36, 15114, 1, 'Seminarstuhl', 1, NULL, NULL, 45, 50, 70, 'B', 2),
(37, 15114, 1, 'Seminarstuhl', 1, NULL, NULL, 45, 50, 70, 'B', 2),
(38, 15114, 1, 'Seminarstuhl', 1, NULL, NULL, 45, 50, 70, 'B', 2),
(39, 15114, 1, 'Seminarstuhl', 1, NULL, NULL, 45, 50, 70, 'B', 2),
(40, 15114, 1, 'Seminarstuhl', 1, NULL, NULL, 45, 50, 70, 'B', 2),
(41, 15114, 1, 'Seminarstuhl', 1, NULL, NULL, 45, 50, 70, 'B', 2),
(42, 15114, 1, 'Seminarstuhl', 1, NULL, NULL, 45, 50, 70, 'B', 2),
(43, 15114, 1, 'Seminarstuhl', 1, NULL, NULL, 45, 50, 70, 'B', 2),
(44, 15114, 1, 'Seminarstuhl', 1, NULL, NULL, 45, 50, 70, 'B', 2),
(45, 15114, 1, 'Seminarstuhl', 1, NULL, NULL, 45, 50, 70, 'B', 2),
(46, 15114, 1, 'Seminarstuhl', 1, NULL, NULL, 45, 50, 70, 'B', 2),
(47, 15114, 1, 'Seminarstuhl', 1, NULL, NULL, 45, 50, 70, 'B', 2),
(48, 15114, 1, 'Seminarstuhl', 1, NULL, NULL, 45, 50, 70, 'B', 2),
(49, 15114, 1, 'Seminarstuhl', 1, NULL, NULL, 45, 50, 70, 'B', 2),
(50, 15114, 1, 'Seminarstuhl', 1, NULL, NULL, 45, 50, 70, 'B', 2),
(51, 15114, 1, 'Seminarstuhl', 1, NULL, NULL, 45, 50, 70, 'B', 2),
(52, 15114, 1, 'Seminarstuhl', 1, NULL, NULL, 45, 50, 70, 'B', 2),
(53, 15114, 1, 'Seminarstuhl', 1, NULL, NULL, 45, 50, 70, 'B', 2),
(54, 15114, 1, 'Seminarstuhl', 1, NULL, NULL, 45, 50, 70, 'B', 2),
(55, 15114, 1, 'Seminarstuhl', 1, NULL, NULL, 45, 50, 70, 'B', 2),
(56, 15114, 1, 'Seminarstuhl', 1, NULL, NULL, 45, 50, 70, 'B', 2),
(57, 15114, 1, 'Seminarstuhl', 1, NULL, NULL, 45, 50, 70, 'B', 2),
(58, 15114, 1, 'Seminarstuhl', 1, NULL, NULL, 45, 50, 70, 'B', 2),
(59, 15114, 1, 'Seminarstuhl', 1, NULL, NULL, 45, 50, 70, 'B', 2),
(60, 15114, 1, 'Seminarstuhl', 1, NULL, NULL, 45, 50, 70, 'B', 2),
(61, 15114, 1, 'Seminarstuhl', 1, NULL, NULL, 45, 50, 70, 'B', 2),
(62, 15114, 1, 'Seminarstuhl', 1, NULL, NULL, 45, 50, 70, 'B', 2),
(63, 15114, 1, 'Seminarstuhl', 1, NULL, NULL, 45, 50, 70, 'B', 2),
(64, 15114, 1, 'Seminarstuhl', 1, NULL, NULL, 45, 50, 70, 'B', 2),
(65, 15114, 1, 'Seminarstuhl', 1, NULL, NULL, 45, 50, 70, 'B', 2),
(66, 15114, 1, 'Seminarstuhl', 1, NULL, NULL, 45, 50, 70, 'B', 2),
(67, 15114, 1, 'Seminarstuhl', 1, NULL, NULL, 45, 50, 70, 'B', 2),
(68, 15114, 1, 'Seminarstuhl', 1, NULL, NULL, 45, 50, 70, 'B', 2),
(69, 15114, 1, 'Seminarstuhl', 1, NULL, NULL, 45, 50, 70, 'B', 2),
(70, 15114, 1, 'Seminarstuhl', 1, NULL, NULL, 45, 50, 70, 'B', 2),
(71, 15114, 1, 'Seminarstuhl', 1, NULL, NULL, 45, 50, 70, 'B', 2),
(72, 15114, 1, 'Seminarstuhl', 1, NULL, NULL, 45, 50, 70, 'B', 2),
(73, 15114, 1, 'Seminarstuhl', 1, NULL, NULL, 45, 50, 70, 'B', 2),
(74, 15114, 1, 'Seminarstuhl', 1, NULL, NULL, 45, 50, 70, 'B', 2),
(75, 15114, 1, 'Seminarstuhl', 1, NULL, NULL, 45, 50, 70, 'B', 2),
(76, 15114, 1, 'Seminarstuhl', 1, NULL, NULL, 45, 50, 70, 'B', 2),
(77, 15114, 1, 'Seminarstuhl', 1, NULL, NULL, 45, 50, 70, 'B', 2),
(78, 15114, 1, 'Seminarstuhl', 1, NULL, NULL, 45, 50, 70, 'B', 2),
(79, 15114, 1, 'Seminarstuhl', 1, NULL, NULL, 45, 50, 70, 'B', 2),
(80, 15114, 1, 'Seminarstuhl', 1, NULL, NULL, 45, 50, 70, 'B', 2),
(81, 15114, 1, 'Seminarstuhl', 1, NULL, NULL, 45, 50, 70, 'B', 2),
(82, 15114, 1, 'Seminarstuhl', 1, NULL, NULL, 45, 50, 70, 'B', 2),
(83, 15114, 1, 'Seminarstuhl', 1, NULL, NULL, 45, 50, 70, 'B', 2),
(84, 15114, 1, 'Seminarstuhl', 1, NULL, NULL, 45, 50, 70, 'B', 2),
(85, 15114, 1, 'Seminarstuhl', 1, NULL, NULL, 45, 50, 70, 'B', 2),
(86, 15114, 1, 'Seminarstuhl', 1, NULL, NULL, 45, 50, 70, 'B', 2),
(87, 15114, 1, 'Seminarstuhl', 1, NULL, NULL, 45, 50, 70, 'B', 2),
(88, 15114, 1, 'Seminarstuhl', 1, NULL, NULL, 45, 50, 70, 'B', 2),
(89, 15114, 1, 'Seminarstuhl', 1, NULL, NULL, 45, 50, 70, 'B', 2),
(90, 15114, 1, 'Seminarstuhl', 1, NULL, NULL, 45, 50, 70, 'B', 2),
(91, 15114, 1, 'Seminarstuhl', 1, NULL, NULL, 45, 50, 70, 'B', 2),
(92, 15114, 1, 'Seminarstuhl', 1, NULL, NULL, 45, 50, 70, 'B', 2),
(93, 15114, 1, 'Seminarstuhl', 1, NULL, NULL, 45, 50, 70, 'B', 2),
(94, 15115, 1, 'Beamer', 1, NULL, NULL, 40, 40, 20, 'B', 1),
(95, 15116, 1, 'Rollcontainer', 1, NULL, NULL, 45, 80, 56, 'B', 1),
(96, 15117, 1, 'Tageslichtprojektor', 1, NULL, NULL, 40, 40, 60, 'B', 1),
(97, 15118, 1, 'Gestellwagen für Tageslichtproje', 1, NULL, NULL, 74, 63, 103, 'B', 1),
(98, 15119, 1, 'Schultafel auf Rollgestell', 1, NULL, NULL, 167, 72, 193, 'B', 1),
(99, 15120, 1, 'Schultafel wandverschraubt', 1, NULL, NULL, 210, 15, 160, 'B', 1),
(100, 15120, 1, 'Schultafel wandverschraubt', 1, NULL, NULL, 210, 15, 160, 'B', 1),
(101, 15121, 1, 'Leinwand', 1, NULL, NULL, 262, 15, 15, 'B', 1),
(102, 15122, 1, 'Papierkorb', 1, NULL, NULL, 30, 30, 30, 'B', 1),
(103, 15123, 1, 'Pultaufsatz', 1, NULL, NULL, 52, 48, 40, 'B', 1),
(104, 15124, 1, 'Schreibtisch', 2, NULL, NULL, 180, 80, 72, 'A', 3),
(105, 15125, 1, 'Rollcontainer', 2, NULL, NULL, 45, 80, 56, 'A', 1),
(106, 15126, 1, 'Bürodrehstuhl mit Armlehne', 2, NULL, NULL, 60, 60, 110, 'B', 2),
(107, 15127, 1, 'Stehpult rollbar', 2, NULL, NULL, 70, 52, 102, 'A', 1),
(108, 15127, 1, 'Stehpult rollbar', 2, NULL, NULL, 70, 52, 102, 'A', 1),
(109, 15128, 1, 'Aktenschrank', 2, NULL, NULL, 100, 45, 222, 'A', 4),
(110, 15128, 1, 'Aktenschrank', 2, NULL, NULL, 100, 45, 222, 'A', 4),
(111, 15129, 1, 'Etagenwagen', 2, NULL, NULL, 75, 50, 75, 'A', 1),
(112, 15130, 1, 'Besprechungstisch', 2, NULL, NULL, 100, 100, 72, 'A', 3),
(113, 15131, 1, 'Besprechungsstuhl ohne Armlehne', 2, NULL, NULL, 50, 50, 90, 'A', 2),
(114, 15131, 1, 'Besprechungsstuhl ohne Armlehne', 2, NULL, NULL, 50, 50, 90, 'A', 2),
(115, 15131, 1, 'Besprechungsstuhl ohne Armlehne', 2, NULL, NULL, 50, 50, 90, 'A', 2),
(116, 15131, 1, 'Besprechungsstuhl ohne Armlehne', 2, NULL, NULL, 50, 50, 90, 'A', 2),
(117, 15132, 1, 'PC, Tower/Desktop', 2, NULL, NULL, 50, 20, 60, 'B', 1),
(118, 15133, 1, 'Flachbildschirm', 2, NULL, NULL, 60, 20, 40, 'B', 1),
(119, 15133, 1, 'Flachbildschirm', 2, NULL, NULL, 60, 20, 40, 'B', 1),
(120, 15134, 1, 'Telefon', 2, NULL, NULL, 20, 20, 10, 'B', 1),
(121, 15135, 1, 'Drucker', 2, NULL, NULL, 50, 50, 50, 'B', 1),
(122, 15136, 1, 'Schreibtischlampe', 2, NULL, NULL, 20, 10, 40, 'B', 3),
(123, 15137, 1, 'Gestellwagen für Flatbildschirm', 2, NULL, NULL, 120, 75, 160, 'A', 1),
(124, 15138, 1, 'TV', 2, NULL, NULL, 110, 20, 70, 'A', 1),
(125, 15139, 1, 'lfm Akten', 2, NULL, NULL, 100, 30, 33, NULL, 1),
(126, 15139, 1, 'lfm Akten', 2, NULL, NULL, 100, 30, 33, NULL, 1),
(127, 15139, 1, 'lfm Akten', 2, NULL, NULL, 100, 30, 33, NULL, 1),
(128, 15139, 1, 'lfm Akten', 2, NULL, NULL, 100, 30, 33, NULL, 1),
(129, 15139, 1, 'lfm Akten', 2, NULL, NULL, 100, 30, 33, NULL, 1),
(130, 15140, 1, 'Umzugskarton', 2, NULL, NULL, 59, 38, 35, NULL, 1),
(131, 15140, 1, 'Umzugskarton', 2, NULL, NULL, 59, 38, 35, NULL, 1),
(132, 15140, 1, 'Umzugskarton', 2, NULL, NULL, 59, 38, 35, NULL, 1),
(133, 15140, 1, 'Umzugskarton', 2, NULL, NULL, 59, 38, 35, NULL, 1),
(134, 15140, 1, 'Umzugskarton', 2, NULL, NULL, 59, 38, 35, NULL, 1),
(135, 15140, 1, 'Umzugskarton', 2, NULL, NULL, 59, 38, 35, NULL, 1),
(136, 15140, 1, 'Umzugskarton', 2, NULL, NULL, 59, 38, 35, NULL, 1),
(137, 15140, 1, 'Umzugskarton', 2, NULL, NULL, 59, 38, 35, NULL, 1),
(138, 15157, 1, 'Schreibtisch', 3, NULL, NULL, 160, 80, 72, 'A', 3),
(139, 15157, 1, 'Schreibtisch', 3, NULL, NULL, 160, 80, 72, 'A', 3),
(140, 15157, 1, 'Schreibtisch', 3, NULL, NULL, 160, 80, 72, 'A', 3),
(141, 15157, 1, 'Schreibtisch', 3, NULL, NULL, 160, 80, 72, 'A', 3),
(142, 15158, 1, 'Besprechungstisch', 3, NULL, NULL, 160, 80, 72, 'A', 3),
(143, 15158, 1, 'Besprechungstisch', 3, NULL, NULL, 160, 80, 72, 'A', 3),
(144, 15158, 1, 'Besprechungstisch', 3, NULL, NULL, 160, 80, 72, 'A', 3),
(145, 15158, 1, 'Besprechungstisch', 3, NULL, NULL, 160, 80, 72, 'A', 3),
(146, 15158, 1, 'Besprechungstisch', 3, NULL, NULL, 160, 80, 72, 'A', 3),
(147, 15158, 1, 'Besprechungstisch', 3, NULL, NULL, 160, 80, 72, 'A', 3),
(148, 15158, 1, 'Besprechungstisch', 3, NULL, NULL, 160, 80, 72, 'A', 3),
(149, 15158, 1, 'Besprechungstisch', 3, NULL, NULL, 160, 80, 72, 'A', 3),
(150, 15158, 1, 'Besprechungstisch', 3, NULL, NULL, 160, 80, 72, 'A', 3),
(151, 15158, 1, 'Besprechungstisch', 3, NULL, NULL, 160, 80, 72, 'A', 3),
(152, 15158, 1, 'Besprechungstisch', 3, NULL, NULL, 160, 80, 72, 'A', 3),
(153, 15158, 1, 'Besprechungstisch', 3, NULL, NULL, 160, 80, 72, 'A', 3),
(154, 15158, 1, 'Besprechungstisch', 3, NULL, NULL, 160, 80, 72, 'A', 3),
(155, 15158, 1, 'Besprechungstisch', 3, NULL, NULL, 160, 80, 72, 'A', 3),
(156, 15158, 1, 'Besprechungstisch', 3, NULL, NULL, 160, 80, 72, 'A', 3),
(157, 15159, 1, 'Einplattenwiko symmetrisch 135', 3, NULL, NULL, 200, 125, 72, 'B', 1),
(158, 15160, 1, 'Besprechungstisch', 3, NULL, NULL, 140, 70, 72, 'A', 3),
(159, 15160, 1, 'Besprechungstisch', 3, NULL, NULL, 140, 70, 72, 'A', 3),
(160, 15160, 1, 'Besprechungstisch', 3, NULL, NULL, 140, 70, 72, 'A', 3),
(161, 15160, 1, 'Besprechungstisch', 3, NULL, NULL, 140, 70, 72, 'A', 3),
(162, 15160, 1, 'Besprechungstisch', 3, NULL, NULL, 140, 70, 72, 'A', 3),
(163, 15161, 1, 'Schreibtisch', 3, NULL, NULL, 160, 96, 72, 'A', 3),
(164, 15161, 1, 'Schreibtisch', 3, NULL, NULL, 160, 96, 72, 'A', 3),
(165, 15161, 1, 'Schreibtisch', 3, NULL, NULL, 160, 96, 72, 'A', 3),
(166, 15161, 1, 'Schreibtisch', 3, NULL, NULL, 160, 96, 72, 'A', 3),
(167, 15162, 1, 'Besprechungstisch', 3, NULL, NULL, 120, 80, 72, 'A', 3),
(168, 15163, 1, 'Schreibtisch', 3, NULL, NULL, 174, 67, 72, 'C', 3),
(169, 15164, 1, 'Schreibtisch', 3, NULL, NULL, 156, 78, 72, 'C', 3),
(170, 15165, 1, 'Schreibtisch', 3, NULL, NULL, 160, 90, 72, 'C', 3),
(171, 15166, 1, 'Schreibtisch', 3, NULL, NULL, 75, 60, 72, 'C', 3),
(172, 15167, 1, 'Besprechungstisch', 3, NULL, NULL, 80, 80, 72, 'B', 3),
(173, 15168, 1, 'Standcontainer', 3, NULL, NULL, 45, 80, 72, 'B', 1),
(174, 15168, 1, 'Standcontainer', 3, NULL, NULL, 45, 80, 72, 'B', 1),
(175, 15168, 1, 'Standcontainer', 3, NULL, NULL, 45, 80, 72, 'B', 1),
(176, 15168, 1, 'Standcontainer', 3, NULL, NULL, 45, 80, 72, 'B', 1),
(177, 15169, 1, 'Rollcontainer', 3, NULL, NULL, 45, 80, 56, 'B', 1),
(178, 15169, 1, 'Rollcontainer', 3, NULL, NULL, 45, 80, 56, 'B', 1),
(179, 15169, 1, 'Rollcontainer', 3, NULL, NULL, 45, 80, 56, 'B', 1),
(180, 15170, 1, 'Unterschrank', 3, NULL, NULL, 120, 42, 117, 'B', 4),
(181, 15171, 1, 'Oberschrank ', 3, NULL, NULL, 120, 42, 109, 'B', 4),
(182, 15172, 1, 'Unterschrank', 3, NULL, NULL, 120, 42, 83, 'B', 4),
(183, 15173, 1, 'Oberschrank ', 3, NULL, NULL, 120, 45, 109, 'B', 4),
(184, 15174, 1, 'Aktenschrank', 3, NULL, NULL, 100, 44, 187, 'A', 4),
(185, 15175, 1, 'Aktenschrank', 3, NULL, NULL, 120, 42, 180, 'C', 4),
(186, 15176, 1, 'Bürodrehstuhl ohne Armlehne', 3, NULL, NULL, 50, 50, 110, 'B', 2),
(187, 15176, 1, 'Bürodrehstuhl ohne Armlehne', 3, NULL, NULL, 50, 50, 110, 'B', 2),
(188, 15176, 1, 'Bürodrehstuhl ohne Armlehne', 3, NULL, NULL, 50, 50, 110, 'B', 2),
(189, 15176, 1, 'Bürodrehstuhl ohne Armlehne', 3, NULL, NULL, 50, 50, 110, 'B', 2),
(190, 15176, 1, 'Bürodrehstuhl ohne Armlehne', 3, NULL, NULL, 50, 50, 110, 'B', 2),
(191, 15176, 1, 'Bürodrehstuhl ohne Armlehne', 3, NULL, NULL, 50, 50, 110, 'B', 2),
(192, 15176, 1, 'Bürodrehstuhl ohne Armlehne', 3, NULL, NULL, 50, 50, 110, 'B', 2),
(193, 15176, 1, 'Bürodrehstuhl ohne Armlehne', 3, NULL, NULL, 50, 50, 110, 'B', 2),
(194, 15176, 1, 'Bürodrehstuhl ohne Armlehne', 3, NULL, NULL, 50, 50, 110, 'B', 2),
(195, 15176, 1, 'Bürodrehstuhl ohne Armlehne', 3, NULL, NULL, 50, 50, 110, 'B', 2),
(196, 15176, 1, 'Bürodrehstuhl ohne Armlehne', 3, NULL, NULL, 50, 50, 110, 'B', 2),
(197, 15176, 1, 'Bürodrehstuhl ohne Armlehne', 3, NULL, NULL, 50, 50, 110, 'B', 2),
(198, 15176, 1, 'Bürodrehstuhl ohne Armlehne', 3, NULL, NULL, 50, 50, 110, 'B', 2),
(199, 15176, 1, 'Bürodrehstuhl ohne Armlehne', 3, NULL, NULL, 50, 50, 110, 'B', 2),
(200, 15176, 1, 'Bürodrehstuhl ohne Armlehne', 3, NULL, NULL, 50, 50, 110, 'B', 2),
(201, 15176, 1, 'Bürodrehstuhl ohne Armlehne', 3, NULL, NULL, 50, 50, 110, 'B', 2),
(202, 15176, 1, 'Bürodrehstuhl ohne Armlehne', 3, NULL, NULL, 50, 50, 110, 'B', 2),
(203, 15176, 1, 'Bürodrehstuhl ohne Armlehne', 3, NULL, NULL, 50, 50, 110, 'B', 2),
(204, 15176, 1, 'Bürodrehstuhl ohne Armlehne', 3, NULL, NULL, 50, 50, 110, 'B', 2),
(205, 15176, 1, 'Bürodrehstuhl ohne Armlehne', 3, NULL, NULL, 50, 50, 110, 'B', 2),
(206, 15176, 1, 'Bürodrehstuhl ohne Armlehne', 3, NULL, NULL, 50, 50, 110, 'B', 2),
(207, 15176, 1, 'Bürodrehstuhl ohne Armlehne', 3, NULL, NULL, 50, 50, 110, 'B', 2),
(208, 15176, 1, 'Bürodrehstuhl ohne Armlehne', 3, NULL, NULL, 50, 50, 110, 'B', 2),
(209, 15176, 1, 'Bürodrehstuhl ohne Armlehne', 3, NULL, NULL, 50, 50, 110, 'B', 2),
(210, 15176, 1, 'Bürodrehstuhl ohne Armlehne', 3, NULL, NULL, 50, 50, 110, 'B', 2),
(211, 15176, 1, 'Bürodrehstuhl ohne Armlehne', 3, NULL, NULL, 50, 50, 110, 'B', 2),
(212, 15176, 1, 'Bürodrehstuhl ohne Armlehne', 3, NULL, NULL, 50, 50, 110, 'B', 2),
(213, 15176, 1, 'Bürodrehstuhl ohne Armlehne', 3, NULL, NULL, 50, 50, 110, 'B', 2),
(214, 15176, 1, 'Bürodrehstuhl ohne Armlehne', 3, NULL, NULL, 50, 50, 110, 'B', 2),
(215, 15176, 1, 'Bürodrehstuhl ohne Armlehne', 3, NULL, NULL, 50, 50, 110, 'B', 2),
(216, 15176, 1, 'Bürodrehstuhl ohne Armlehne', 3, NULL, NULL, 50, 50, 110, 'B', 2),
(217, 15177, 1, 'Bürodrehstuhl mit Armlehne', 3, NULL, NULL, 60, 60, 110, 'B', 2),
(218, 15177, 1, 'Bürodrehstuhl mit Armlehne', 3, NULL, NULL, 60, 60, 110, 'B', 2),
(219, 15177, 1, 'Bürodrehstuhl mit Armlehne', 3, NULL, NULL, 60, 60, 110, 'B', 2),
(220, 15178, 1, 'Seminarstuhl', 3, NULL, NULL, 45, 50, 70, 'B', 2),
(221, 15178, 1, 'Seminarstuhl', 3, NULL, NULL, 45, 50, 70, 'B', 2),
(222, 15178, 1, 'Seminarstuhl', 3, NULL, NULL, 45, 50, 70, 'B', 2),
(223, 15179, 1, 'Seminarstuhl', 3, NULL, NULL, 45, 50, 70, 'B', 2),
(224, 15179, 1, 'Seminarstuhl', 3, NULL, NULL, 45, 50, 70, 'B', 2),
(225, 15180, 1, 'Bürodrehstuhl mit Armlehne', 3, NULL, NULL, 60, 60, 110, 'B', 2),
(226, 15180, 1, 'Bürodrehstuhl mit Armlehne', 3, NULL, NULL, 60, 60, 110, 'B', 2),
(227, 15180, 1, 'Bürodrehstuhl mit Armlehne', 3, NULL, NULL, 60, 60, 110, 'B', 2),
(228, 15180, 1, 'Bürodrehstuhl mit Armlehne', 3, NULL, NULL, 60, 60, 110, 'B', 2),
(229, 15180, 1, 'Bürodrehstuhl mit Armlehne', 3, NULL, NULL, 60, 60, 110, 'B', 2),
(230, 15181, 1, 'Bürodrehstuhl ohne Armlehne', 3, NULL, NULL, 50, 50, 110, 'B', 2),
(231, 15181, 1, 'Bürodrehstuhl ohne Armlehne', 3, NULL, NULL, 50, 50, 110, 'B', 2),
(232, 15181, 1, 'Bürodrehstuhl ohne Armlehne', 3, NULL, NULL, 50, 50, 110, 'B', 2),
(233, 15182, 1, 'Bürodrehstuhl ohne Armlehne', 3, NULL, NULL, 50, 50, 110, 'B', 2),
(234, 15183, 1, 'Bürodrehstuhl mit Armlehne', 3, NULL, NULL, 60, 60, 110, 'B', 2),
(235, 15184, 1, 'Aktenschrank', 3, NULL, NULL, 100, 44, 222, 'B', 4),
(236, 15184, 1, 'Aktenschrank', 3, NULL, NULL, 100, 44, 222, 'B', 4),
(237, 15185, 1, 'Stahlschrank', 3, NULL, NULL, 95, 42, 195, 'B', 4),
(238, 15185, 1, 'Stahlschrank', 3, NULL, NULL, 95, 42, 195, 'B', 4),
(239, 15185, 1, 'Stahlschrank', 3, NULL, NULL, 95, 42, 195, 'B', 4),
(240, 15185, 1, 'Stahlschrank', 3, NULL, NULL, 95, 42, 195, 'B', 4),
(241, 15185, 1, 'Stahlschrank', 3, NULL, NULL, 95, 42, 195, 'B', 4),
(242, 15185, 1, 'Stahlschrank', 3, NULL, NULL, 95, 42, 195, 'B', 4),
(243, 15185, 1, 'Stahlschrank', 3, NULL, NULL, 95, 42, 195, 'B', 4),
(244, 15186, 1, 'Aufsatzschrank', 3, NULL, NULL, 90, 40, 42, 'B', 4),
(245, 15186, 1, 'Aufsatzschrank', 3, NULL, NULL, 90, 40, 42, 'B', 4),
(246, 15187, 1, 'Aufsatzschrank', 3, NULL, NULL, 62, 41, 63, 'B', 4),
(247, 15187, 1, 'Aufsatzschrank', 3, NULL, NULL, 62, 41, 63, 'B', 4),
(248, 15188, 1, 'Regal', 3, NULL, NULL, 120, 45, 86, 'B', 1),
(249, 15189, 1, 'Gestellwagen für Tageslichtproje', 3, NULL, NULL, 77, 38, 83, 'B', 1),
(250, 15190, 1, 'Tageslichtprojektor', 3, NULL, NULL, 40, 40, 60, 'B', 1),
(251, 15191, 1, 'Etagenwagen', 3, NULL, NULL, 52, 37, 94, 'B', 1),
(252, 15192, 1, 'Lautsprecher', 3, NULL, NULL, 45, 45, 132, 'B', 1),
(253, 15192, 1, 'Lautsprecher', 3, NULL, NULL, 45, 45, 132, 'B', 1),
(254, 15193, 1, 'Kühlschrank', 3, NULL, NULL, 60, 60, 85, 'B', 4),
(255, 15194, 1, 'Papierkorb', 3, NULL, NULL, 30, 30, 30, 'B', 1),
(256, 15194, 1, 'Papierkorb', 3, NULL, NULL, 30, 30, 30, 'B', 1),
(257, 15194, 1, 'Papierkorb', 3, NULL, NULL, 30, 30, 30, 'B', 1),
(258, 15194, 1, 'Papierkorb', 3, NULL, NULL, 30, 30, 30, 'B', 1),
(259, 15194, 1, 'Papierkorb', 3, NULL, NULL, 30, 30, 30, 'B', 1),
(260, 15194, 1, 'Papierkorb', 3, NULL, NULL, 30, 30, 30, 'B', 1),
(261, 15195, 1, 'Elefantenfuss', 3, NULL, NULL, 40, 40, 40, 'B', 1),
(262, 15196, 1, 'Tischventilator', 3, NULL, NULL, 30, 30, 40, 'B', 3),
(263, 15196, 1, 'Tischventilator', 3, NULL, NULL, 30, 30, 40, 'B', 3),
(264, 15197, 1, 'PC, Tower/Desktop', 3, NULL, NULL, 50, 20, 60, 'B', 1),
(265, 15197, 1, 'PC, Tower/Desktop', 3, NULL, NULL, 50, 20, 60, 'B', 1),
(266, 15197, 1, 'PC, Tower/Desktop', 3, NULL, NULL, 50, 20, 60, 'B', 1),
(267, 15197, 1, 'PC, Tower/Desktop', 3, NULL, NULL, 50, 20, 60, 'B', 1),
(268, 15197, 1, 'PC, Tower/Desktop', 3, NULL, NULL, 50, 20, 60, 'B', 1),
(269, 15197, 1, 'PC, Tower/Desktop', 3, NULL, NULL, 50, 20, 60, 'B', 1),
(270, 15197, 1, 'PC, Tower/Desktop', 3, NULL, NULL, 50, 20, 60, 'B', 1),
(271, 15197, 1, 'PC, Tower/Desktop', 3, NULL, NULL, 50, 20, 60, 'B', 1),
(272, 15197, 1, 'PC, Tower/Desktop', 3, NULL, NULL, 50, 20, 60, 'B', 1),
(273, 15197, 1, 'PC, Tower/Desktop', 3, NULL, NULL, 50, 20, 60, 'B', 1),
(274, 15197, 1, 'PC, Tower/Desktop', 3, NULL, NULL, 50, 20, 60, 'B', 1),
(275, 15197, 1, 'PC, Tower/Desktop', 3, NULL, NULL, 50, 20, 60, 'B', 1),
(276, 15197, 1, 'PC, Tower/Desktop', 3, NULL, NULL, 50, 20, 60, 'B', 1),
(277, 15197, 1, 'PC, Tower/Desktop', 3, NULL, NULL, 50, 20, 60, 'B', 1),
(278, 15197, 1, 'PC, Tower/Desktop', 3, NULL, NULL, 50, 20, 60, 'B', 1),
(279, 15197, 1, 'PC, Tower/Desktop', 3, NULL, NULL, 50, 20, 60, 'B', 1),
(280, 15197, 1, 'PC, Tower/Desktop', 3, NULL, NULL, 50, 20, 60, 'B', 1),
(281, 15197, 1, 'PC, Tower/Desktop', 3, NULL, NULL, 50, 20, 60, 'B', 1),
(282, 15197, 1, 'PC, Tower/Desktop', 3, NULL, NULL, 50, 20, 60, 'B', 1),
(283, 15197, 1, 'PC, Tower/Desktop', 3, NULL, NULL, 50, 20, 60, 'B', 1),
(284, 15197, 1, 'PC, Tower/Desktop', 3, NULL, NULL, 50, 20, 60, 'B', 1),
(285, 15197, 1, 'PC, Tower/Desktop', 3, NULL, NULL, 50, 20, 60, 'B', 1),
(286, 15197, 1, 'PC, Tower/Desktop', 3, NULL, NULL, 50, 20, 60, 'B', 1),
(287, 15197, 1, 'PC, Tower/Desktop', 3, NULL, NULL, 50, 20, 60, 'B', 1),
(288, 15197, 1, 'PC, Tower/Desktop', 3, NULL, NULL, 50, 20, 60, 'B', 1),
(289, 15197, 1, 'PC, Tower/Desktop', 3, NULL, NULL, 50, 20, 60, 'B', 1),
(290, 15197, 1, 'PC, Tower/Desktop', 3, NULL, NULL, 50, 20, 60, 'B', 1),
(291, 15197, 1, 'PC, Tower/Desktop', 3, NULL, NULL, 50, 20, 60, 'B', 1),
(292, 15197, 1, 'PC, Tower/Desktop', 3, NULL, NULL, 50, 20, 60, 'B', 1),
(293, 15197, 1, 'PC, Tower/Desktop', 3, NULL, NULL, 50, 20, 60, 'B', 1),
(294, 15197, 1, 'PC, Tower/Desktop', 3, NULL, NULL, 50, 20, 60, 'B', 1),
(295, 15197, 1, 'PC, Tower/Desktop', 3, NULL, NULL, 50, 20, 60, 'B', 1),
(296, 15197, 1, 'PC, Tower/Desktop', 3, NULL, NULL, 50, 20, 60, 'B', 1),
(297, 15197, 1, 'PC, Tower/Desktop', 3, NULL, NULL, 50, 20, 60, 'B', 1),
(298, 15197, 1, 'PC, Tower/Desktop', 3, NULL, NULL, 50, 20, 60, 'B', 1),
(299, 15197, 1, 'PC, Tower/Desktop', 3, NULL, NULL, 50, 20, 60, 'B', 1),
(300, 15197, 1, 'PC, Tower/Desktop', 3, NULL, NULL, 50, 20, 60, 'B', 1),
(301, 15197, 1, 'PC, Tower/Desktop', 3, NULL, NULL, 50, 20, 60, 'B', 1),
(302, 15197, 1, 'PC, Tower/Desktop', 3, NULL, NULL, 50, 20, 60, 'B', 1),
(303, 15197, 1, 'PC, Tower/Desktop', 3, NULL, NULL, 50, 20, 60, 'B', 1),
(304, 15197, 1, 'PC, Tower/Desktop', 3, NULL, NULL, 50, 20, 60, 'B', 1),
(305, 15197, 1, 'PC, Tower/Desktop', 3, NULL, NULL, 50, 20, 60, 'B', 1),
(306, 15197, 1, 'PC, Tower/Desktop', 3, NULL, NULL, 50, 20, 60, 'B', 1),
(307, 15197, 1, 'PC, Tower/Desktop', 3, NULL, NULL, 50, 20, 60, 'B', 1),
(308, 15197, 1, 'PC, Tower/Desktop', 3, NULL, NULL, 50, 20, 60, 'B', 1),
(309, 15198, 1, 'Flachbildschirm', 3, NULL, NULL, 60, 20, 40, 'B', 1),
(310, 15198, 1, 'Flachbildschirm', 3, NULL, NULL, 60, 20, 40, 'B', 1),
(311, 15198, 1, 'Flachbildschirm', 3, NULL, NULL, 60, 20, 40, 'B', 1),
(312, 15198, 1, 'Flachbildschirm', 3, NULL, NULL, 60, 20, 40, 'B', 1),
(313, 15198, 1, 'Flachbildschirm', 3, NULL, NULL, 60, 20, 40, 'B', 1),
(314, 15198, 1, 'Flachbildschirm', 3, NULL, NULL, 60, 20, 40, 'B', 1),
(315, 15198, 1, 'Flachbildschirm', 3, NULL, NULL, 60, 20, 40, 'B', 1),
(316, 15198, 1, 'Flachbildschirm', 3, NULL, NULL, 60, 20, 40, 'B', 1),
(317, 15198, 1, 'Flachbildschirm', 3, NULL, NULL, 60, 20, 40, 'B', 1),
(318, 15198, 1, 'Flachbildschirm', 3, NULL, NULL, 60, 20, 40, 'B', 1),
(319, 15198, 1, 'Flachbildschirm', 3, NULL, NULL, 60, 20, 40, 'B', 1),
(320, 15198, 1, 'Flachbildschirm', 3, NULL, NULL, 60, 20, 40, 'B', 1),
(321, 15198, 1, 'Flachbildschirm', 3, NULL, NULL, 60, 20, 40, 'B', 1),
(322, 15198, 1, 'Flachbildschirm', 3, NULL, NULL, 60, 20, 40, 'B', 1),
(323, 15198, 1, 'Flachbildschirm', 3, NULL, NULL, 60, 20, 40, 'B', 1),
(324, 15198, 1, 'Flachbildschirm', 3, NULL, NULL, 60, 20, 40, 'B', 1),
(325, 15198, 1, 'Flachbildschirm', 3, NULL, NULL, 60, 20, 40, 'B', 1),
(326, 15198, 1, 'Flachbildschirm', 3, NULL, NULL, 60, 20, 40, 'B', 1),
(327, 15198, 1, 'Flachbildschirm', 3, NULL, NULL, 60, 20, 40, 'B', 1),
(328, 15198, 1, 'Flachbildschirm', 3, NULL, NULL, 60, 20, 40, 'B', 1),
(329, 15198, 1, 'Flachbildschirm', 3, NULL, NULL, 60, 20, 40, 'B', 1),
(330, 15198, 1, 'Flachbildschirm', 3, NULL, NULL, 60, 20, 40, 'B', 1),
(331, 15198, 1, 'Flachbildschirm', 3, NULL, NULL, 60, 20, 40, 'B', 1),
(332, 15198, 1, 'Flachbildschirm', 3, NULL, NULL, 60, 20, 40, 'B', 1),
(333, 15198, 1, 'Flachbildschirm', 3, NULL, NULL, 60, 20, 40, 'B', 1),
(334, 15198, 1, 'Flachbildschirm', 3, NULL, NULL, 60, 20, 40, 'B', 1),
(335, 15198, 1, 'Flachbildschirm', 3, NULL, NULL, 60, 20, 40, 'B', 1),
(336, 15198, 1, 'Flachbildschirm', 3, NULL, NULL, 60, 20, 40, 'B', 1),
(337, 15198, 1, 'Flachbildschirm', 3, NULL, NULL, 60, 20, 40, 'B', 1),
(338, 15198, 1, 'Flachbildschirm', 3, NULL, NULL, 60, 20, 40, 'B', 1),
(339, 15198, 1, 'Flachbildschirm', 3, NULL, NULL, 60, 20, 40, 'B', 1),
(340, 15198, 1, 'Flachbildschirm', 3, NULL, NULL, 60, 20, 40, 'B', 1),
(341, 15198, 1, 'Flachbildschirm', 3, NULL, NULL, 60, 20, 40, 'B', 1),
(342, 15198, 1, 'Flachbildschirm', 3, NULL, NULL, 60, 20, 40, 'B', 1),
(343, 15198, 1, 'Flachbildschirm', 3, NULL, NULL, 60, 20, 40, 'B', 1),
(344, 15198, 1, 'Flachbildschirm', 3, NULL, NULL, 60, 20, 40, 'B', 1),
(345, 15198, 1, 'Flachbildschirm', 3, NULL, NULL, 60, 20, 40, 'B', 1),
(346, 15198, 1, 'Flachbildschirm', 3, NULL, NULL, 60, 20, 40, 'B', 1),
(347, 15199, 1, 'Röhrenmonitor', 3, NULL, NULL, 60, 60, 50, 'B', 1),
(348, 15199, 1, 'Röhrenmonitor', 3, NULL, NULL, 60, 60, 50, 'B', 1),
(349, 15199, 1, 'Röhrenmonitor', 3, NULL, NULL, 60, 60, 50, 'B', 1),
(350, 15199, 1, 'Röhrenmonitor', 3, NULL, NULL, 60, 60, 50, 'B', 1),
(351, 15199, 1, 'Röhrenmonitor', 3, NULL, NULL, 60, 60, 50, 'B', 1),
(352, 15200, 1, 'PC, Tower/Desktop', 3, NULL, NULL, 50, 20, 60, 'C', 1),
(353, 15200, 1, 'PC, Tower/Desktop', 3, NULL, NULL, 50, 20, 60, 'C', 1),
(354, 15200, 1, 'PC, Tower/Desktop', 3, NULL, NULL, 50, 20, 60, 'C', 1),
(355, 15200, 1, 'PC, Tower/Desktop', 3, NULL, NULL, 50, 20, 60, 'C', 1),
(356, 15200, 1, 'PC, Tower/Desktop', 3, NULL, NULL, 50, 20, 60, 'C', 1),
(357, 15200, 1, 'PC, Tower/Desktop', 3, NULL, NULL, 50, 20, 60, 'C', 1),
(358, 15200, 1, 'PC, Tower/Desktop', 3, NULL, NULL, 50, 20, 60, 'C', 1),
(359, 15200, 1, 'PC, Tower/Desktop', 3, NULL, NULL, 50, 20, 60, 'C', 1),
(360, 15200, 1, 'PC, Tower/Desktop', 3, NULL, NULL, 50, 20, 60, 'C', 1),
(361, 15200, 1, 'PC, Tower/Desktop', 3, NULL, NULL, 50, 20, 60, 'C', 1),
(362, 15200, 1, 'PC, Tower/Desktop', 3, NULL, NULL, 50, 20, 60, 'C', 1),
(363, 15200, 1, 'PC, Tower/Desktop', 3, NULL, NULL, 50, 20, 60, 'C', 1),
(364, 15200, 1, 'PC, Tower/Desktop', 3, NULL, NULL, 50, 20, 60, 'C', 1),
(365, 15200, 1, 'PC, Tower/Desktop', 3, NULL, NULL, 50, 20, 60, 'C', 1),
(366, 15200, 1, 'PC, Tower/Desktop', 3, NULL, NULL, 50, 20, 60, 'C', 1),
(367, 15200, 1, 'PC, Tower/Desktop', 3, NULL, NULL, 50, 20, 60, 'C', 1),
(368, 15200, 1, 'PC, Tower/Desktop', 3, NULL, NULL, 50, 20, 60, 'C', 1),
(369, 15200, 1, 'PC, Tower/Desktop', 3, NULL, NULL, 50, 20, 60, 'C', 1),
(370, 15200, 1, 'PC, Tower/Desktop', 3, NULL, NULL, 50, 20, 60, 'C', 1),
(371, 15200, 1, 'PC, Tower/Desktop', 3, NULL, NULL, 50, 20, 60, 'C', 1),
(372, 15201, 1, 'Drucker', 3, NULL, NULL, 50, 50, 50, 'B', 1),
(373, 15201, 1, 'Drucker', 3, NULL, NULL, 50, 50, 50, 'B', 1),
(374, 15201, 1, 'Drucker', 3, NULL, NULL, 50, 50, 50, 'B', 1),
(375, 15201, 1, 'Drucker', 3, NULL, NULL, 50, 50, 50, 'B', 1),
(376, 15202, 1, 'Telefon', 3, NULL, NULL, 20, 20, 10, 'B', 1),
(377, 15202, 1, 'Telefon', 3, NULL, NULL, 20, 20, 10, 'B', 1),
(378, 15203, 1, 'Beamer', 3, NULL, NULL, 40, 40, 20, 'B', 1),
(379, 15204, 1, 'Technisches Gerät Kamera mit Sta', 3, NULL, NULL, 50, 50, 120, 'B', 1),
(380, 15205, 1, 'Umzugskarton', 3, NULL, NULL, 59, 38, 35, NULL, 1),
(381, 15205, 1, 'Umzugskarton', 3, NULL, NULL, 59, 38, 35, NULL, 1),
(382, 15205, 1, 'Umzugskarton', 3, NULL, NULL, 59, 38, 35, NULL, 1),
(383, 15205, 1, 'Umzugskarton', 3, NULL, NULL, 59, 38, 35, NULL, 1),
(384, 15205, 1, 'Umzugskarton', 3, NULL, NULL, 59, 38, 35, NULL, 1),
(385, 15205, 1, 'Umzugskarton', 3, NULL, NULL, 59, 38, 35, NULL, 1),
(386, 15205, 1, 'Umzugskarton', 3, NULL, NULL, 59, 38, 35, NULL, 1),
(387, 15205, 1, 'Umzugskarton', 3, NULL, NULL, 59, 38, 35, NULL, 1),
(388, 15206, 1, 'lfm Akten', 3, NULL, NULL, 100, 30, 33, NULL, 1),
(389, 15206, 1, 'lfm Akten', 3, NULL, NULL, 100, 30, 33, NULL, 1),
(390, 15206, 1, 'lfm Akten', 3, NULL, NULL, 100, 30, 33, NULL, 1),
(391, 15206, 1, 'lfm Akten', 3, NULL, NULL, 100, 30, 33, NULL, 1),
(392, 15206, 1, 'lfm Akten', 3, NULL, NULL, 100, 30, 33, NULL, 1),
(393, 15309, 1, 'Besprechungstisch', 4, NULL, NULL, 140, 80, 72, 'A', 3),
(394, 15309, 1, 'Besprechungstisch', 4, NULL, NULL, 140, 80, 72, 'A', 3),
(395, 15309, 1, 'Besprechungstisch', 4, NULL, NULL, 140, 80, 72, 'A', 3),
(396, 15309, 1, 'Besprechungstisch', 4, NULL, NULL, 140, 80, 72, 'A', 3),
(397, 15309, 1, 'Besprechungstisch', 4, NULL, NULL, 140, 80, 72, 'A', 3),
(398, 15309, 1, 'Besprechungstisch', 4, NULL, NULL, 140, 80, 72, 'A', 3),
(399, 15309, 1, 'Besprechungstisch', 4, NULL, NULL, 140, 80, 72, 'A', 3),
(400, 15309, 1, 'Besprechungstisch', 4, NULL, NULL, 140, 80, 72, 'A', 3),
(401, 15309, 1, 'Besprechungstisch', 4, NULL, NULL, 140, 80, 72, 'A', 3),
(402, 15309, 1, 'Besprechungstisch', 4, NULL, NULL, 140, 80, 72, 'A', 3),
(403, 15309, 1, 'Besprechungstisch', 4, NULL, NULL, 140, 80, 72, 'A', 3),
(404, 15309, 1, 'Besprechungstisch', 4, NULL, NULL, 140, 80, 72, 'A', 3),
(405, 15309, 1, 'Besprechungstisch', 4, NULL, NULL, 140, 80, 72, 'A', 3),
(406, 15310, 1, 'Seminarstuhl', 4, NULL, NULL, 45, 50, 70, 'A', 2),
(407, 15310, 1, 'Seminarstuhl', 4, NULL, NULL, 45, 50, 70, 'A', 2),
(408, 15310, 1, 'Seminarstuhl', 4, NULL, NULL, 45, 50, 70, 'A', 2),
(409, 15310, 1, 'Seminarstuhl', 4, NULL, NULL, 45, 50, 70, 'A', 2),
(410, 15310, 1, 'Seminarstuhl', 4, NULL, NULL, 45, 50, 70, 'A', 2),
(411, 15310, 1, 'Seminarstuhl', 4, NULL, NULL, 45, 50, 70, 'A', 2),
(412, 15310, 1, 'Seminarstuhl', 4, NULL, NULL, 45, 50, 70, 'A', 2),
(413, 15310, 1, 'Seminarstuhl', 4, NULL, NULL, 45, 50, 70, 'A', 2),
(414, 15310, 1, 'Seminarstuhl', 4, NULL, NULL, 45, 50, 70, 'A', 2),
(415, 15310, 1, 'Seminarstuhl', 4, NULL, NULL, 45, 50, 70, 'A', 2),
(416, 15310, 1, 'Seminarstuhl', 4, NULL, NULL, 45, 50, 70, 'A', 2),
(417, 15310, 1, 'Seminarstuhl', 4, NULL, NULL, 45, 50, 70, 'A', 2),
(418, 15310, 1, 'Seminarstuhl', 4, NULL, NULL, 45, 50, 70, 'A', 2),
(419, 15310, 1, 'Seminarstuhl', 4, NULL, NULL, 45, 50, 70, 'A', 2),
(420, 15310, 1, 'Seminarstuhl', 4, NULL, NULL, 45, 50, 70, 'A', 2),
(421, 15310, 1, 'Seminarstuhl', 4, NULL, NULL, 45, 50, 70, 'A', 2),
(422, 15310, 1, 'Seminarstuhl', 4, NULL, NULL, 45, 50, 70, 'A', 2),
(423, 15310, 1, 'Seminarstuhl', 4, NULL, NULL, 45, 50, 70, 'A', 2),
(424, 15310, 1, 'Seminarstuhl', 4, NULL, NULL, 45, 50, 70, 'A', 2),
(425, 15310, 1, 'Seminarstuhl', 4, NULL, NULL, 45, 50, 70, 'A', 2),
(426, 15310, 1, 'Seminarstuhl', 4, NULL, NULL, 45, 50, 70, 'A', 2),
(427, 15310, 1, 'Seminarstuhl', 4, NULL, NULL, 45, 50, 70, 'A', 2),
(428, 15310, 1, 'Seminarstuhl', 4, NULL, NULL, 45, 50, 70, 'A', 2),
(429, 15310, 1, 'Seminarstuhl', 4, NULL, NULL, 45, 50, 70, 'A', 2),
(430, 15310, 1, 'Seminarstuhl', 4, NULL, NULL, 45, 50, 70, 'A', 2),
(431, 15310, 1, 'Seminarstuhl', 4, NULL, NULL, 45, 50, 70, 'A', 2),
(432, 15311, 1, 'Beamer', 4, NULL, NULL, 50, 40, 20, 'A', 1),
(433, 15312, 1, 'Pinnwand auf Gestell mit Fußausl', 4, NULL, NULL, 120, 60, 190, 'A', 1),
(434, 15312, 1, 'Pinnwand auf Gestell mit Fußausl', 4, NULL, NULL, 120, 60, 190, 'A', 1),
(435, 15313, 1, 'Schultafel wandverschraubt', 4, NULL, NULL, 300, 15, 105, 'A', 1),
(436, 15313, 1, 'Schultafel wandverschraubt', 4, NULL, NULL, 300, 15, 105, 'A', 1),
(437, 15313, 1, 'Schultafel wandverschraubt', 4, NULL, NULL, 300, 15, 105, 'A', 1),
(438, 15313, 1, 'Schultafel wandverschraubt', 4, NULL, NULL, 300, 15, 105, 'A', 1),
(439, 15314, 1, 'Gestellwagen für Tageslichtproje', 4, NULL, NULL, 77, 38, 85, 'B', 1),
(440, 15315, 1, 'Tageslichtprojektor', 4, NULL, NULL, 40, 40, 60, 'B', 1),
(441, 15316, 1, 'Telefon', 4, NULL, NULL, 20, 20, 10, 'B', 1),
(442, 15317, 1, 'Papierkorb', 4, NULL, NULL, 30, 30, 30, 'B', 1),
(443, 15318, 1, 'Etagenwagen', 4, NULL, NULL, 55, 45, 75, 'A', 1),
(444, 15319, 1, 'Besprechungstisch', 5, NULL, NULL, 140, 80, 72, 'A', 3),
(445, 15319, 1, 'Besprechungstisch', 5, NULL, NULL, 140, 80, 72, 'A', 3),
(446, 15319, 1, 'Besprechungstisch', 5, NULL, NULL, 140, 80, 72, 'A', 3),
(447, 15319, 1, 'Besprechungstisch', 5, NULL, NULL, 140, 80, 72, 'A', 3),
(448, 15319, 1, 'Besprechungstisch', 5, NULL, NULL, 140, 80, 72, 'A', 3),
(449, 15319, 1, 'Besprechungstisch', 5, NULL, NULL, 140, 80, 72, 'A', 3),
(450, 15319, 1, 'Besprechungstisch', 5, NULL, NULL, 140, 80, 72, 'A', 3),
(451, 15319, 1, 'Besprechungstisch', 5, NULL, NULL, 140, 80, 72, 'A', 3),
(452, 15319, 1, 'Besprechungstisch', 5, NULL, NULL, 140, 80, 72, 'A', 3),
(453, 15319, 1, 'Besprechungstisch', 5, NULL, NULL, 140, 80, 72, 'A', 3),
(454, 15319, 1, 'Besprechungstisch', 5, NULL, NULL, 140, 80, 72, 'A', 3),
(455, 15320, 1, 'Bürodrehstuhl ohne Armlehne', 5, NULL, NULL, 50, 50, 110, 'B', 2),
(456, 15320, 1, 'Bürodrehstuhl ohne Armlehne', 5, NULL, NULL, 50, 50, 110, 'B', 2),
(457, 15320, 1, 'Bürodrehstuhl ohne Armlehne', 5, NULL, NULL, 50, 50, 110, 'B', 2),
(458, 15320, 1, 'Bürodrehstuhl ohne Armlehne', 5, NULL, NULL, 50, 50, 110, 'B', 2),
(459, 15320, 1, 'Bürodrehstuhl ohne Armlehne', 5, NULL, NULL, 50, 50, 110, 'B', 2),
(460, 15320, 1, 'Bürodrehstuhl ohne Armlehne', 5, NULL, NULL, 50, 50, 110, 'B', 2),
(461, 15320, 1, 'Bürodrehstuhl ohne Armlehne', 5, NULL, NULL, 50, 50, 110, 'B', 2),
(462, 15320, 1, 'Bürodrehstuhl ohne Armlehne', 5, NULL, NULL, 50, 50, 110, 'B', 2),
(463, 15320, 1, 'Bürodrehstuhl ohne Armlehne', 5, NULL, NULL, 50, 50, 110, 'B', 2),
(464, 15320, 1, 'Bürodrehstuhl ohne Armlehne', 5, NULL, NULL, 50, 50, 110, 'B', 2),
(465, 15320, 1, 'Bürodrehstuhl ohne Armlehne', 5, NULL, NULL, 50, 50, 110, 'B', 2),
(466, 15320, 1, 'Bürodrehstuhl ohne Armlehne', 5, NULL, NULL, 50, 50, 110, 'B', 2),
(467, 15320, 1, 'Bürodrehstuhl ohne Armlehne', 5, NULL, NULL, 50, 50, 110, 'B', 2),
(468, 15320, 1, 'Bürodrehstuhl ohne Armlehne', 5, NULL, NULL, 50, 50, 110, 'B', 2),
(469, 15320, 1, 'Bürodrehstuhl ohne Armlehne', 5, NULL, NULL, 50, 50, 110, 'B', 2),
(470, 15320, 1, 'Bürodrehstuhl ohne Armlehne', 5, NULL, NULL, 50, 50, 110, 'B', 2),
(471, 15320, 1, 'Bürodrehstuhl ohne Armlehne', 5, NULL, NULL, 50, 50, 110, 'B', 2),
(472, 15320, 1, 'Bürodrehstuhl ohne Armlehne', 5, NULL, NULL, 50, 50, 110, 'B', 2),
(473, 15320, 1, 'Bürodrehstuhl ohne Armlehne', 5, NULL, NULL, 50, 50, 110, 'B', 2),
(474, 15320, 1, 'Bürodrehstuhl ohne Armlehne', 5, NULL, NULL, 50, 50, 110, 'B', 2),
(475, 15321, 1, 'Seminarstuhl', 5, NULL, NULL, 45, 50, 70, 'B', 2),
(476, 15322, 1, 'Stehpult mit abgerundeter Platte', 5, NULL, NULL, 85, 60, 100, 'A', 1),
(477, 15323, 1, 'Gestellwagen für Tageslichtproje', 5, NULL, NULL, 55, 50, 100, 'B', 1),
(478, 15324, 1, 'Tageslichtprojektor', 5, NULL, NULL, 40, 40, 60, 'B', 1),
(479, 15325, 1, 'Beamer', 5, NULL, NULL, 50, 50, 60, 'B', 1),
(480, 15326, 1, 'Schultafel auf Rollgestell', 5, NULL, NULL, 140, 70, 195, 'B', 1),
(481, 15327, 1, 'Papierkorb', 5, NULL, NULL, 30, 30, 30, 'B', 1),
(482, 15328, 1, 'Lautsprecher', 5, NULL, NULL, 15, 20, 25, 'B', 1),
(483, 15328, 1, 'Lautsprecher', 5, NULL, NULL, 15, 20, 25, 'B', 1),
(484, 15328, 1, 'Lautsprecher', 5, NULL, NULL, 15, 20, 25, 'B', 1),
(485, 15328, 1, 'Lautsprecher', 5, NULL, NULL, 15, 20, 25, 'B', 1),
(486, 15329, 1, 'Telefon', 5, NULL, NULL, 20, 20, 10, 'B', 1),
(487, 15330, 1, 'Lautsprecher', 5, NULL, NULL, 90, 90, 180, 'A', 1),
(488, 15366, 1, 'Aktenschrank', 6, NULL, NULL, 180, 42, 215, 'C', 4),
(489, 15367, 1, 'Schreibtisch demontiert', 6, NULL, NULL, 160, 80, 72, 'A', 3),
(490, 15368, 1, 'Aktenschrank', 6, NULL, NULL, 100, 44, 187, 'A', 4),
(491, 15369, 1, 'Stehpult', 6, NULL, NULL, 70, 55, 76, 'A', 1),
(492, 15370, 1, 'Bürodrehstuhl mit Armlehne', 6, NULL, NULL, 60, 60, 110, 'B', 2),
(493, 15371, 1, 'Bürodrehstuhl mit Armlehne', 6, NULL, NULL, 60, 60, 110, 'B', 2),
(494, 15372, 1, 'Standventilator', 6, NULL, NULL, 30, 30, 80, 'B', 1),
(495, 15373, 1, 'Regal', 6, NULL, NULL, 65, 28, 80, 'B', 1),
(496, 15374, 1, 'Umzugskarton', 6, NULL, NULL, 59, 38, 35, NULL, 1),
(497, 15374, 1, 'Umzugskarton', 6, NULL, NULL, 59, 38, 35, NULL, 1),
(498, 15375, 1, 'Schreibtisch', 6, NULL, NULL, 180, 80, 72, 'A', 3),
(499, 15376, 1, 'Rollcontainer', 6, NULL, NULL, 45, 80, 56, 'B', 1),
(500, 15377, 1, 'Bürodrehstuhl mit Armlehne', 6, NULL, NULL, 60, 60, 110, 'B', 2),
(501, 15378, 1, 'Papierkorb', 6, NULL, NULL, 30, 30, 30, 'B', 1),
(502, 15378, 1, 'Papierkorb', 6, NULL, NULL, 30, 30, 30, 'B', 1),
(503, 15379, 1, 'Dockingstation', 6, NULL, NULL, 40, 20, 10, 'B', 1),
(504, 15380, 1, 'Flachbildschirm', 6, NULL, NULL, 60, 20, 40, 'B', 1),
(505, 15381, 1, 'Umzugskarton', 6, NULL, NULL, 59, 38, 35, NULL, 1),
(506, 15382, 1, 'Schreibtisch', 6, NULL, NULL, 160, 80, 72, 'B', 3),
(507, 15383, 1, 'Rollcontainer', 6, NULL, NULL, 45, 80, 56, 'B', 1),
(508, 15383, 1, 'Rollcontainer', 6, NULL, NULL, 45, 80, 56, 'B', 1),
(509, 15384, 1, 'Bürodrehstuhl mit Armlehne', 6, NULL, NULL, 60, 60, 110, 'B', 2),
(510, 15385, 1, 'Bürodrehstuhl ohne Armlehne', 6, NULL, NULL, 50, 50, 110, 'B', 2),
(511, 15386, 1, 'Dockingstation', 6, NULL, NULL, 40, 20, 10, 'B', 1),
(512, 15387, 1, 'Flachbildschirm', 6, NULL, NULL, 60, 20, 40, 'B', 1),
(513, 15388, 1, 'Telefon', 6, NULL, NULL, 20, 20, 10, 'B', 1),
(514, 15389, 1, 'Umzugskarton', 6, NULL, NULL, 59, 38, 35, NULL, 1),
(515, 15389, 1, 'Umzugskarton', 6, NULL, NULL, 59, 38, 35, NULL, 1),
(516, 15390, 1, 'Schreibtisch', 6, NULL, NULL, 180, 80, 72, 'B', 3),
(517, 15391, 1, 'Rollcontainer', 6, NULL, NULL, 45, 80, 56, 'B', 1),
(518, 15392, 1, 'Rollcontainer', 6, NULL, NULL, 45, 80, 56, 'B', 1),
(519, 15393, 1, 'Orthopädischer Bürodrehstuhl', 6, NULL, NULL, 60, 60, 120, 'B', 2),
(520, 15394, 1, 'Bürodrehstuhl ohne Armlehne', 6, NULL, NULL, 50, 50, 110, 'B', 2),
(521, 15395, 1, 'Besprechungstisch', 6, NULL, NULL, 100, 100, 72, 'A', 3),
(522, 15396, 1, 'Stahlschrank', 6, NULL, NULL, 95, 42, 195, 'B', 4),
(523, 15397, 1, 'Stahlschrank', 6, NULL, NULL, 95, 42, 195, 'B', 4),
(524, 15398, 1, 'Aktenschrank', 6, NULL, NULL, 100, 44, 187, 'A', 4),
(525, 15398, 1, 'Aktenschrank', 6, NULL, NULL, 100, 44, 187, 'A', 4),
(526, 15399, 1, 'Whiteboard', 6, NULL, NULL, 180, 5, 90, 'B', 1),
(527, 15400, 1, 'PC, Tower/Desktop', 6, NULL, NULL, 50, 20, 60, 'B', 1),
(528, 15401, 1, 'Dockingstation', 6, NULL, NULL, 40, 20, 10, 'B', 1),
(529, 15402, 1, 'Flachbildschirm', 6, NULL, NULL, 60, 20, 40, 'B', 1),
(530, 15402, 1, 'Flachbildschirm', 6, NULL, NULL, 60, 20, 40, 'B', 1),
(531, 15403, 1, 'Drucker', 6, NULL, NULL, 50, 50, 50, 'B', 1),
(532, 15403, 1, 'Drucker', 6, NULL, NULL, 50, 50, 50, 'B', 1),
(533, 15403, 1, 'Drucker', 6, NULL, NULL, 50, 50, 50, 'B', 1),
(534, 15403, 1, 'Drucker', 6, NULL, NULL, 50, 50, 50, 'B', 1),
(535, 15404, 1, 'Telefon', 6, NULL, NULL, 20, 20, 10, 'B', 1),
(536, 15405, 1, 'Schreibtischlampe', 6, NULL, NULL, 20, 10, 40, 'B', 3),
(537, 15406, 1, 'lfm Akten', 6, NULL, NULL, 100, 30, 33, NULL, 1),
(538, 15406, 1, 'lfm Akten', 6, NULL, NULL, 100, 30, 33, NULL, 1),
(539, 15406, 1, 'lfm Akten', 6, NULL, NULL, 100, 30, 33, NULL, 1),
(540, 15406, 1, 'lfm Akten', 6, NULL, NULL, 100, 30, 33, NULL, 1),
(541, 15406, 1, 'lfm Akten', 6, NULL, NULL, 100, 30, 33, NULL, 1),
(542, 15406, 1, 'lfm Akten', 6, NULL, NULL, 100, 30, 33, NULL, 1),
(543, 15406, 1, 'lfm Akten', 6, NULL, NULL, 100, 30, 33, NULL, 1),
(544, 15406, 1, 'lfm Akten', 6, NULL, NULL, 100, 30, 33, NULL, 1),
(545, 15406, 1, 'lfm Akten', 6, NULL, NULL, 100, 30, 33, NULL, 1),
(546, 15406, 1, 'lfm Akten', 6, NULL, NULL, 100, 30, 33, NULL, 1),
(547, 15407, 1, 'Umzugskarton', 6, NULL, NULL, 59, 38, 35, NULL, 1),
(548, 15407, 1, 'Umzugskarton', 6, NULL, NULL, 59, 38, 35, NULL, 1),
(549, 15407, 1, 'Umzugskarton', 6, NULL, NULL, 59, 38, 35, NULL, 1),
(550, 15407, 1, 'Umzugskarton', 6, NULL, NULL, 59, 38, 35, NULL, 1),
(551, 15407, 1, 'Umzugskarton', 6, NULL, NULL, 59, 38, 35, NULL, 1),
(552, 15407, 1, 'Umzugskarton', 6, NULL, NULL, 59, 38, 35, NULL, 1),
(553, 15407, 1, 'Umzugskarton', 6, NULL, NULL, 59, 38, 35, NULL, 1),
(554, 15407, 1, 'Umzugskarton', 6, NULL, NULL, 59, 38, 35, NULL, 1),
(555, 15407, 1, 'Umzugskarton', 6, NULL, NULL, 59, 38, 35, NULL, 1),
(556, 15407, 1, 'Umzugskarton', 6, NULL, NULL, 59, 38, 35, NULL, 1),
(557, 15408, 1, 'Besprechungstisch', 7, NULL, NULL, 160, 80, 72, 'A', 3),
(558, 15408, 1, 'Besprechungstisch', 7, NULL, NULL, 160, 80, 72, 'A', 3),
(559, 15408, 1, 'Besprechungstisch', 7, NULL, NULL, 160, 80, 72, 'A', 3),
(560, 15408, 1, 'Besprechungstisch', 7, NULL, NULL, 160, 80, 72, 'A', 3),
(561, 15408, 1, 'Besprechungstisch', 7, NULL, NULL, 160, 80, 72, 'A', 3),
(562, 15408, 1, 'Besprechungstisch', 7, NULL, NULL, 160, 80, 72, 'A', 3),
(563, 15408, 1, 'Besprechungstisch', 7, NULL, NULL, 160, 80, 72, 'A', 3),
(564, 15408, 1, 'Besprechungstisch', 7, NULL, NULL, 160, 80, 72, 'A', 3),
(565, 15408, 1, 'Besprechungstisch', 7, NULL, NULL, 160, 80, 72, 'A', 3),
(566, 15408, 1, 'Besprechungstisch', 7, NULL, NULL, 160, 80, 72, 'A', 3),
(567, 15408, 1, 'Besprechungstisch', 7, NULL, NULL, 160, 80, 72, 'A', 3),
(568, 15408, 1, 'Besprechungstisch', 7, NULL, NULL, 160, 80, 72, 'A', 3),
(569, 15408, 1, 'Besprechungstisch', 7, NULL, NULL, 160, 80, 72, 'A', 3),
(570, 15408, 1, 'Besprechungstisch', 7, NULL, NULL, 160, 80, 72, 'A', 3),
(571, 15408, 1, 'Besprechungstisch', 7, NULL, NULL, 160, 80, 72, 'A', 3),
(572, 15408, 1, 'Besprechungstisch', 7, NULL, NULL, 160, 80, 72, 'A', 3),
(573, 15408, 1, 'Besprechungstisch', 7, NULL, NULL, 160, 80, 72, 'A', 3),
(574, 15408, 1, 'Besprechungstisch', 7, NULL, NULL, 160, 80, 72, 'A', 3),
(575, 15409, 1, 'Schreibtisch', 7, NULL, NULL, 160, 80, 72, 'A', 3),
(576, 15409, 1, 'Schreibtisch', 7, NULL, NULL, 160, 80, 72, 'A', 3),
(577, 15409, 1, 'Schreibtisch', 7, NULL, NULL, 160, 80, 72, 'A', 3),
(578, 15409, 1, 'Schreibtisch', 7, NULL, NULL, 160, 80, 72, 'A', 3),
(579, 15409, 1, 'Schreibtisch', 7, NULL, NULL, 160, 80, 72, 'A', 3),
(580, 15410, 1, 'Seminarstuhl', 7, NULL, NULL, 45, 50, 70, 'A', 2),
(581, 15410, 1, 'Seminarstuhl', 7, NULL, NULL, 45, 50, 70, 'A', 2),
(582, 15410, 1, 'Seminarstuhl', 7, NULL, NULL, 45, 50, 70, 'A', 2),
(583, 15410, 1, 'Seminarstuhl', 7, NULL, NULL, 45, 50, 70, 'A', 2),
(584, 15410, 1, 'Seminarstuhl', 7, NULL, NULL, 45, 50, 70, 'A', 2),
(585, 15410, 1, 'Seminarstuhl', 7, NULL, NULL, 45, 50, 70, 'A', 2),
(586, 15410, 1, 'Seminarstuhl', 7, NULL, NULL, 45, 50, 70, 'A', 2),
(587, 15410, 1, 'Seminarstuhl', 7, NULL, NULL, 45, 50, 70, 'A', 2),
(588, 15410, 1, 'Seminarstuhl', 7, NULL, NULL, 45, 50, 70, 'A', 2),
(589, 15410, 1, 'Seminarstuhl', 7, NULL, NULL, 45, 50, 70, 'A', 2),
(590, 15410, 1, 'Seminarstuhl', 7, NULL, NULL, 45, 50, 70, 'A', 2),
(591, 15410, 1, 'Seminarstuhl', 7, NULL, NULL, 45, 50, 70, 'A', 2),
(592, 15410, 1, 'Seminarstuhl', 7, NULL, NULL, 45, 50, 70, 'A', 2),
(593, 15410, 1, 'Seminarstuhl', 7, NULL, NULL, 45, 50, 70, 'A', 2),
(594, 15410, 1, 'Seminarstuhl', 7, NULL, NULL, 45, 50, 70, 'A', 2),
(595, 15410, 1, 'Seminarstuhl', 7, NULL, NULL, 45, 50, 70, 'A', 2),
(596, 15410, 1, 'Seminarstuhl', 7, NULL, NULL, 45, 50, 70, 'A', 2),
(597, 15410, 1, 'Seminarstuhl', 7, NULL, NULL, 45, 50, 70, 'A', 2),
(598, 15410, 1, 'Seminarstuhl', 7, NULL, NULL, 45, 50, 70, 'A', 2),
(599, 15410, 1, 'Seminarstuhl', 7, NULL, NULL, 45, 50, 70, 'A', 2),
(600, 15410, 1, 'Seminarstuhl', 7, NULL, NULL, 45, 50, 70, 'A', 2),
(601, 15410, 1, 'Seminarstuhl', 7, NULL, NULL, 45, 50, 70, 'A', 2),
(602, 15410, 1, 'Seminarstuhl', 7, NULL, NULL, 45, 50, 70, 'A', 2),
(603, 15410, 1, 'Seminarstuhl', 7, NULL, NULL, 45, 50, 70, 'A', 2),
(604, 15410, 1, 'Seminarstuhl', 7, NULL, NULL, 45, 50, 70, 'A', 2),
(605, 15410, 1, 'Seminarstuhl', 7, NULL, NULL, 45, 50, 70, 'A', 2),
(606, 15410, 1, 'Seminarstuhl', 7, NULL, NULL, 45, 50, 70, 'A', 2),
(607, 15410, 1, 'Seminarstuhl', 7, NULL, NULL, 45, 50, 70, 'A', 2),
(608, 15410, 1, 'Seminarstuhl', 7, NULL, NULL, 45, 50, 70, 'A', 2),
(609, 15410, 1, 'Seminarstuhl', 7, NULL, NULL, 45, 50, 70, 'A', 2),
(610, 15411, 1, 'Bürodrehstuhl ohne Armlehne', 7, NULL, NULL, 50, 50, 110, 'A', 2),
(611, 15411, 1, 'Bürodrehstuhl ohne Armlehne', 7, NULL, NULL, 50, 50, 110, 'A', 2),
(612, 15411, 1, 'Bürodrehstuhl ohne Armlehne', 7, NULL, NULL, 50, 50, 110, 'A', 2),
(613, 15411, 1, 'Bürodrehstuhl ohne Armlehne', 7, NULL, NULL, 50, 50, 110, 'A', 2),
(614, 15411, 1, 'Bürodrehstuhl ohne Armlehne', 7, NULL, NULL, 50, 50, 110, 'A', 2),
(615, 15411, 1, 'Bürodrehstuhl ohne Armlehne', 7, NULL, NULL, 50, 50, 110, 'A', 2),
(616, 15411, 1, 'Bürodrehstuhl ohne Armlehne', 7, NULL, NULL, 50, 50, 110, 'A', 2),
(617, 15411, 1, 'Bürodrehstuhl ohne Armlehne', 7, NULL, NULL, 50, 50, 110, 'A', 2),
(618, 15411, 1, 'Bürodrehstuhl ohne Armlehne', 7, NULL, NULL, 50, 50, 110, 'A', 2),
(619, 15411, 1, 'Bürodrehstuhl ohne Armlehne', 7, NULL, NULL, 50, 50, 110, 'A', 2),
(620, 15411, 1, 'Bürodrehstuhl ohne Armlehne', 7, NULL, NULL, 50, 50, 110, 'A', 2),
(621, 15411, 1, 'Bürodrehstuhl ohne Armlehne', 7, NULL, NULL, 50, 50, 110, 'A', 2),
(622, 15412, 1, 'Aktenschrank', 7, NULL, NULL, 100, 44, 187, 'A', 4),
(623, 15413, 1, 'Aktenschrank', 7, NULL, NULL, 100, 44, 218, 'A', 4),
(624, 15414, 1, 'Sofa', 7, NULL, NULL, 175, 85, 85, 'C', 1),
(625, 15415, 1, 'Schultafel auf Rollgestell', 7, NULL, NULL, 210, 80, 195, 'B', 1),
(626, 15416, 1, 'Tresor', 7, NULL, NULL, 126, 55, 195, 'B', 1),
(627, 15417, 1, 'Serverschrank', 7, NULL, NULL, 60, 40, 65, 'A', 4),
(628, 15418, 1, 'Lautsprecher', 7, NULL, NULL, 27, 25, 44, 'B', 1),
(629, 15418, 1, 'Lautsprecher', 7, NULL, NULL, 27, 25, 44, 'B', 1),
(630, 15419, 1, 'Beamer', 7, NULL, NULL, 40, 60, 20, 'B', 1),
(631, 15420, 1, 'MFP/Kopierer', 7, NULL, NULL, 100, 60, 100, 'B', 1),
(632, 15421, 1, 'Drucker', 7, NULL, NULL, 50, 50, 50, 'B', 1),
(633, 15422, 1, 'Flachbildschirm', 7, NULL, NULL, 60, 20, 40, 'B', 1),
(634, 15422, 1, 'Flachbildschirm', 7, NULL, NULL, 60, 20, 40, 'B', 1),
(635, 15422, 1, 'Flachbildschirm', 7, NULL, NULL, 60, 20, 40, 'B', 1),
(636, 15422, 1, 'Flachbildschirm', 7, NULL, NULL, 60, 20, 40, 'B', 1),
(637, 15422, 1, 'Flachbildschirm', 7, NULL, NULL, 60, 20, 40, 'B', 1),
(638, 15422, 1, 'Flachbildschirm', 7, NULL, NULL, 60, 20, 40, 'B', 1),
(639, 15423, 1, 'Leinwand', 7, NULL, NULL, 260, 15, 15, 'B', 1),
(640, 15424, 1, 'Scanner', 7, NULL, NULL, 50, 140, 120, 'B', 1),
(641, 15425, 1, 'Standcontainer', 7, NULL, NULL, 28, 41, 67, 'A', 1),
(642, 15425, 1, 'Standcontainer', 7, NULL, NULL, 28, 41, 67, 'A', 1),
(643, 15425, 1, 'Standcontainer', 7, NULL, NULL, 28, 41, 67, 'A', 1),
(644, 15426, 1, 'Stehhilfe', 7, NULL, NULL, 30, 30, 60, 'B', 1),
(645, 15427, 1, 'Papierkorb', 7, NULL, NULL, 30, 30, 30, 'B', 1),
(646, 15427, 1, 'Papierkorb', 7, NULL, NULL, 30, 30, 30, 'B', 1),
(647, 15428, 1, 'Dockingstation', 7, NULL, NULL, 40, 20, 10, 'B', 1),
(648, 15429, 1, 'Laborwanne', 7, NULL, NULL, 104, 64, 79, NULL, 1),
(649, 15429, 1, 'Laborwanne', 7, NULL, NULL, 104, 64, 79, NULL, 1),
(650, 15430, 1, 'Umzugskarton', 7, NULL, NULL, 59, 38, 35, NULL, 1),
(651, 15430, 1, 'Umzugskarton', 7, NULL, NULL, 59, 38, 35, NULL, 1),
(652, 15430, 1, 'Umzugskarton', 7, NULL, NULL, 59, 38, 35, NULL, 1),
(653, 15430, 1, 'Umzugskarton', 7, NULL, NULL, 59, 38, 35, NULL, 1),
(654, 15430, 1, 'Umzugskarton', 7, NULL, NULL, 59, 38, 35, NULL, 1),
(655, 15740, 1, 'Schreibtisch', 8, NULL, NULL, 75, 60, 72, 'C', 3),
(656, 15741, 1, 'Gestellwagen für Tageslichtproje', 8, NULL, NULL, 73, 63, 74, 'B', 1),
(657, 15742, 1, 'Tageslichtprojektor', 8, NULL, NULL, 40, 40, 60, 'B', 1),
(658, 15743, 1, 'Schreibtisch ', 8, NULL, NULL, 160, 80, 72, 'B', 3),
(659, 15744, 1, 'Bürodrehstuhl mit Armlehne', 8, NULL, NULL, 60, 60, 110, 'B', 2),
(660, 15745, 1, 'Leinwand', 8, NULL, NULL, 310, 15, 15, 'B', 1),
(661, 15746, 1, 'Leinwand', 8, NULL, NULL, 260, 15, 15, 'B', 1),
(662, 15747, 1, 'Schultafel wandverschraubt', 8, NULL, NULL, 410, 15, 160, 'B', 1),
(663, 15748, 1, 'Lautsprecher', 8, NULL, NULL, 27, 27, 45, 'B', 1),
(664, 15748, 1, 'Lautsprecher', 8, NULL, NULL, 27, 27, 45, 'B', 1),
(665, 15749, 1, 'Beamer', 8, NULL, NULL, 60, 40, 20, 'B', 1),
(666, 15750, 1, 'Seminarstuhl', 8, NULL, NULL, 45, 50, 70, 'B', 2),
(667, 15751, 1, 'PC, Tower/Desktop', 8, NULL, NULL, 50, 20, 60, 'B', 1),
(668, 15752, 1, 'Flachbildschirm', 8, NULL, NULL, 60, 20, 40, 'B', 1),
(669, 15753, 1, 'Papierkorb', 8, NULL, NULL, 30, 30, 30, 'B', 1),
(670, 15817, 1, 'Schreibtisch', 9, NULL, NULL, 180, 100, 72, 'A', 3),
(671, 15817, 1, 'Schreibtisch', 9, NULL, NULL, 180, 100, 72, 'A', 3),
(672, 15817, 1, 'Schreibtisch', 9, NULL, NULL, 180, 100, 72, 'A', 3),
(673, 15817, 1, 'Schreibtisch', 9, NULL, NULL, 180, 100, 72, 'A', 3),
(674, 15817, 1, 'Schreibtisch', 9, NULL, NULL, 180, 100, 72, 'A', 3),
(675, 15817, 1, 'Schreibtisch', 9, NULL, NULL, 180, 100, 72, 'A', 3),
(676, 15817, 1, 'Schreibtisch', 9, NULL, NULL, 180, 100, 72, 'A', 3),
(677, 15817, 1, 'Schreibtisch', 9, NULL, NULL, 180, 100, 72, 'A', 3),
(678, 15818, 1, 'Bürodrehstuhl ohne Armlehne', 9, NULL, NULL, 50, 50, 110, 'A', 2),
(679, 15818, 1, 'Bürodrehstuhl ohne Armlehne', 9, NULL, NULL, 50, 50, 110, 'A', 2),
(680, 15818, 1, 'Bürodrehstuhl ohne Armlehne', 9, NULL, NULL, 50, 50, 110, 'A', 2),
(681, 15818, 1, 'Bürodrehstuhl ohne Armlehne', 9, NULL, NULL, 50, 50, 110, 'A', 2),
(682, 15818, 1, 'Bürodrehstuhl ohne Armlehne', 9, NULL, NULL, 50, 50, 110, 'A', 2),
(683, 15818, 1, 'Bürodrehstuhl ohne Armlehne', 9, NULL, NULL, 50, 50, 110, 'A', 2),
(684, 15818, 1, 'Bürodrehstuhl ohne Armlehne', 9, NULL, NULL, 50, 50, 110, 'A', 2),
(685, 15818, 1, 'Bürodrehstuhl ohne Armlehne', 9, NULL, NULL, 50, 50, 110, 'A', 2),
(686, 15818, 1, 'Bürodrehstuhl ohne Armlehne', 9, NULL, NULL, 50, 50, 110, 'A', 2),
(687, 15818, 1, 'Bürodrehstuhl ohne Armlehne', 9, NULL, NULL, 50, 50, 110, 'A', 2),
(688, 15818, 1, 'Bürodrehstuhl ohne Armlehne', 9, NULL, NULL, 50, 50, 110, 'A', 2),
(689, 15819, 1, 'Rollcontainer', 9, NULL, NULL, 45, 80, 56, 'B', 1),
(690, 15820, 1, 'Standcontainer Metall', 9, NULL, NULL, 41, 60, 135, 'A', 1),
(691, 15821, 1, 'Stahlschrank', 9, NULL, NULL, 95, 60, 195, 'A', 4),
(692, 15821, 1, 'Stahlschrank', 9, NULL, NULL, 95, 60, 195, 'A', 4),
(693, 15821, 1, 'Stahlschrank', 9, NULL, NULL, 95, 60, 195, 'A', 4),
(694, 15822, 1, 'Standcontainer Metall', 9, NULL, NULL, 76, 60, 135, 'B', 1),
(695, 15823, 1, 'Sideboard', 9, NULL, NULL, 120, 40, 87, 'B', 1),
(696, 15824, 1, 'Stahlschrank', 9, NULL, NULL, 95, 42, 195, 'B', 4),
(697, 15825, 1, 'Box auf Rollen', 9, NULL, NULL, 51, 51, 143, 'A', 1),
(698, 15825, 1, 'Box auf Rollen', 9, NULL, NULL, 51, 51, 143, 'A', 1),
(699, 15825, 1, 'Box auf Rollen', 9, NULL, NULL, 51, 51, 143, 'A', 1),
(700, 15825, 1, 'Box auf Rollen', 9, NULL, NULL, 51, 51, 143, 'A', 1),
(701, 15825, 1, 'Box auf Rollen', 9, NULL, NULL, 51, 51, 143, 'A', 1),
(702, 15825, 1, 'Box auf Rollen', 9, NULL, NULL, 51, 51, 143, 'A', 1),
(703, 15825, 1, 'Box auf Rollen', 9, NULL, NULL, 51, 51, 143, 'A', 1),
(704, 15825, 1, 'Box auf Rollen', 9, NULL, NULL, 51, 51, 143, 'A', 1),
(705, 15826, 1, 'Schultafel auf Rollgestell', 9, NULL, NULL, 240, 75, 200, 'A', 1),
(706, 15827, 1, 'Transportwagen', 9, NULL, NULL, 48, 72, 80, 'B', 1),
(707, 15828, 1, 'Kabelständer', 9, NULL, NULL, 105, 55, 185, 'A', 1);
INSERT INTO `items` (`item_id`, `item_import_id`, `item_department_id`, `item_description`, `item_room_id`, `item_position_x`, `item_position_y`, `item_size_x`, `item_size_y`, `item_size_z`, `item_state`, `item_type_id`) VALUES
(708, 15829, 1, 'Box auf Rollen', 9, NULL, NULL, 45, 55, 78, 'A', 1),
(709, 15829, 1, 'Box auf Rollen', 9, NULL, NULL, 45, 55, 78, 'A', 1),
(710, 15830, 1, 'Gestellwagen für Tageslichtproje', 9, NULL, NULL, 76, 40, 85, 'B', 1),
(711, 15831, 1, 'PC, Tower/Desktop', 9, NULL, NULL, 50, 20, 60, 'B', 1),
(712, 15831, 1, 'PC, Tower/Desktop', 9, NULL, NULL, 50, 20, 60, 'B', 1),
(713, 15831, 1, 'PC, Tower/Desktop', 9, NULL, NULL, 50, 20, 60, 'B', 1),
(714, 15831, 1, 'PC, Tower/Desktop', 9, NULL, NULL, 50, 20, 60, 'B', 1),
(715, 15831, 1, 'PC, Tower/Desktop', 9, NULL, NULL, 50, 20, 60, 'B', 1),
(716, 15832, 1, 'Flachbildschirm', 9, NULL, NULL, 60, 20, 40, 'B', 1),
(717, 15832, 1, 'Flachbildschirm', 9, NULL, NULL, 60, 20, 40, 'B', 1),
(718, 15832, 1, 'Flachbildschirm', 9, NULL, NULL, 60, 20, 40, 'B', 1),
(719, 15832, 1, 'Flachbildschirm', 9, NULL, NULL, 60, 20, 40, 'B', 1),
(720, 15832, 1, 'Flachbildschirm', 9, NULL, NULL, 60, 20, 40, 'B', 1),
(721, 15832, 1, 'Flachbildschirm', 9, NULL, NULL, 60, 20, 40, 'B', 1),
(722, 15833, 1, 'Telefon', 9, NULL, NULL, 20, 20, 10, 'B', 1),
(723, 15834, 1, 'Lautsprecher', 9, NULL, NULL, 15, 10, 20, 'B', 1),
(724, 15834, 1, 'Lautsprecher', 9, NULL, NULL, 15, 10, 20, 'B', 1),
(725, 15835, 1, 'Drucker', 9, NULL, NULL, 50, 50, 50, 'B', 1),
(726, 15835, 1, 'Drucker', 9, NULL, NULL, 50, 50, 50, 'B', 1),
(727, 15835, 1, 'Drucker', 9, NULL, NULL, 50, 50, 50, 'B', 1),
(728, 15835, 1, 'Drucker', 9, NULL, NULL, 50, 50, 50, 'B', 1),
(729, 15836, 1, 'Laborwanne', 9, NULL, NULL, 104, 64, 79, NULL, 1),
(730, 15836, 1, 'Laborwanne', 9, NULL, NULL, 104, 64, 79, NULL, 1),
(731, 15836, 1, 'Laborwanne', 9, NULL, NULL, 104, 64, 79, NULL, 1),
(732, 15836, 1, 'Laborwanne', 9, NULL, NULL, 104, 64, 79, NULL, 1),
(733, 15836, 1, 'Laborwanne', 9, NULL, NULL, 104, 64, 79, NULL, 1),
(734, 15837, 1, 'Umzugskarton', 9, NULL, NULL, 59, 38, 35, NULL, 1),
(735, 15837, 1, 'Umzugskarton', 9, NULL, NULL, 59, 38, 35, NULL, 1),
(736, 15837, 1, 'Umzugskarton', 9, NULL, NULL, 59, 38, 35, NULL, 1),
(737, 15837, 1, 'Umzugskarton', 9, NULL, NULL, 59, 38, 35, NULL, 1),
(738, 15837, 1, 'Umzugskarton', 9, NULL, NULL, 59, 38, 35, NULL, 1),
(739, 15837, 1, 'Umzugskarton', 9, NULL, NULL, 59, 38, 35, NULL, 1),
(740, 15837, 1, 'Umzugskarton', 9, NULL, NULL, 59, 38, 35, NULL, 1),
(741, 15837, 1, 'Umzugskarton', 9, NULL, NULL, 59, 38, 35, NULL, 1),
(742, 15837, 1, 'Umzugskarton', 9, NULL, NULL, 59, 38, 35, NULL, 1),
(743, 15837, 1, 'Umzugskarton', 9, NULL, NULL, 59, 38, 35, NULL, 1),
(744, 15837, 1, 'Umzugskarton', 9, NULL, NULL, 59, 38, 35, NULL, 1),
(745, 15837, 1, 'Umzugskarton', 9, NULL, NULL, 59, 38, 35, NULL, 1),
(746, 15837, 1, 'Umzugskarton', 9, NULL, NULL, 59, 38, 35, NULL, 1),
(747, 15837, 1, 'Umzugskarton', 9, NULL, NULL, 59, 38, 35, NULL, 1),
(748, 15837, 1, 'Umzugskarton', 9, NULL, NULL, 59, 38, 35, NULL, 1),
(749, 15838, 1, 'Papierkorb', 9, NULL, NULL, 30, 30, 30, 'B', 1),
(750, 15839, 1, 'Technisches Gerät Hallplatte mit', 9, NULL, NULL, 235, 35, 130, 'A', 1),
(751, 15840, 1, 'Technisches Gerät Kunstkopf Mess', 9, NULL, NULL, 40, 34, 80, 'A', 1),
(752, 15863, 1, 'KOMPLETTES TONSTUDIO', 10, NULL, NULL, NULL, NULL, NULL, 'B', 1),
(753, 15864, 1, 'Bürodrehstuhl mit Armlehne', 10, NULL, NULL, 60, 60, 110, 'B', 2),
(754, 15864, 1, 'Bürodrehstuhl mit Armlehne', 10, NULL, NULL, 60, 60, 110, 'B', 2),
(755, 15864, 1, 'Bürodrehstuhl mit Armlehne', 10, NULL, NULL, 60, 60, 110, 'B', 2),
(756, 15864, 1, 'Bürodrehstuhl mit Armlehne', 10, NULL, NULL, 60, 60, 110, 'B', 2),
(757, 15865, 1, 'Holzaufbau mit 16 Boxen', 10, NULL, NULL, 300, 15, 175, 'A', 1),
(758, 15866, 1, 'Beamer', 10, NULL, NULL, 44, 60, 40, 'A', 1),
(759, 15867, 1, 'Stehlampe', 10, NULL, NULL, 10, 10, 180, 'B', 1),
(760, 15868, 1, 'Leinwand', 10, NULL, NULL, 200, 15, 15, 'B', 1),
(761, 15869, 1, 'Umzugskarton', 10, NULL, NULL, 59, 38, 35, NULL, 1),
(762, 15869, 1, 'Umzugskarton', 10, NULL, NULL, 59, 38, 35, NULL, 1),
(763, 15869, 1, 'Umzugskarton', 10, NULL, NULL, 59, 38, 35, NULL, 1),
(764, 15869, 1, 'Umzugskarton', 10, NULL, NULL, 59, 38, 35, NULL, 1),
(765, 15869, 1, 'Umzugskarton', 10, NULL, NULL, 59, 38, 35, NULL, 1),
(766, 15869, 1, 'Umzugskarton', 10, NULL, NULL, 59, 38, 35, NULL, 1),
(767, 15869, 1, 'Umzugskarton', 10, NULL, NULL, 59, 38, 35, NULL, 1),
(768, 15869, 1, 'Umzugskarton', 10, NULL, NULL, 59, 38, 35, NULL, 1),
(769, 15869, 1, 'Umzugskarton', 10, NULL, NULL, 59, 38, 35, NULL, 1),
(770, 15869, 1, 'Umzugskarton', 10, NULL, NULL, 59, 38, 35, NULL, 1),
(771, 15869, 1, 'Umzugskarton', 10, NULL, NULL, 59, 38, 35, NULL, 1),
(772, 15869, 1, 'Umzugskarton', 10, NULL, NULL, 59, 38, 35, NULL, 1),
(773, 15870, 1, 'Akustikstellwand rollbar', 11, NULL, NULL, 100, 52, 207, 'A', 1),
(774, 15870, 1, 'Akustikstellwand rollbar', 11, NULL, NULL, 100, 52, 207, 'A', 1),
(775, 15870, 1, 'Akustikstellwand rollbar', 11, NULL, NULL, 100, 52, 207, 'A', 1),
(776, 15870, 1, 'Akustikstellwand rollbar', 11, NULL, NULL, 100, 52, 207, 'A', 1),
(777, 15871, 1, 'Hocker', 11, NULL, NULL, 50, 50, 72, 'A', 1),
(778, 15872, 1, 'Seminarstuhl', 11, NULL, NULL, 45, 50, 70, 'A', 2),
(779, 15872, 1, 'Seminarstuhl', 11, NULL, NULL, 45, 50, 70, 'A', 2),
(780, 15872, 1, 'Seminarstuhl', 11, NULL, NULL, 45, 50, 70, 'A', 2),
(781, 15873, 1, 'Hocker', 11, NULL, NULL, 50, 50, 50, 'A', 1),
(782, 15873, 1, 'Hocker', 11, NULL, NULL, 50, 50, 50, 'A', 1),
(783, 15874, 1, 'Technische Geräte Klavier, Schla', 11, NULL, NULL, NULL, NULL, NULL, 'B', 1),
(784, 15875, 1, 'Lautsprecher', 11, NULL, NULL, 50, 50, 70, 'B', 1),
(785, 15875, 1, 'Lautsprecher', 11, NULL, NULL, 50, 50, 70, 'B', 1),
(786, 15875, 1, 'Lautsprecher', 11, NULL, NULL, 50, 50, 70, 'B', 1),
(787, 16066, 1, 'Schreibtisch', 12, NULL, NULL, 180, 100, 72, 'A', 3),
(788, 16066, 1, 'Schreibtisch', 12, NULL, NULL, 180, 100, 72, 'A', 3),
(789, 16066, 1, 'Schreibtisch', 12, NULL, NULL, 180, 100, 72, 'A', 3),
(790, 16066, 1, 'Schreibtisch', 12, NULL, NULL, 180, 100, 72, 'A', 3),
(791, 16066, 1, 'Schreibtisch', 12, NULL, NULL, 180, 100, 72, 'A', 3),
(792, 16066, 1, 'Schreibtisch', 12, NULL, NULL, 180, 100, 72, 'A', 3),
(793, 16066, 1, 'Schreibtisch', 12, NULL, NULL, 180, 100, 72, 'A', 3),
(794, 16066, 1, 'Schreibtisch', 12, NULL, NULL, 180, 100, 72, 'A', 3),
(795, 16067, 1, 'Schreibtisch', 12, NULL, NULL, 160, 100, 72, 'B', 3),
(796, 16068, 1, 'Rollcontainer', 12, NULL, NULL, 45, 80, 56, 'B', 1),
(797, 16069, 1, 'Regal mit Aufsatz', 12, NULL, NULL, 155, 55, 195, 'B', 1),
(798, 16070, 1, 'Stahlschrank', 12, NULL, NULL, 95, 50, 195, 'B', 4),
(799, 16071, 1, 'Stahlschrank', 12, NULL, NULL, 95, 42, 195, 'B', 4),
(800, 16072, 1, 'Stahlschrank', 12, NULL, NULL, 95, 42, 195, 'B', 4),
(801, 16072, 1, 'Stahlschrank', 12, NULL, NULL, 95, 42, 195, 'B', 4),
(802, 16072, 1, 'Stahlschrank', 12, NULL, NULL, 95, 42, 195, 'B', 4),
(803, 16073, 1, 'Bürodrehstuhl mit Armlehne', 12, NULL, NULL, 60, 60, 110, 'B', 2),
(804, 16073, 1, 'Bürodrehstuhl mit Armlehne', 12, NULL, NULL, 60, 60, 110, 'B', 2),
(805, 16074, 1, 'Bürodrehstuhl ohne Armlehne', 12, NULL, NULL, 50, 50, 110, 'B', 2),
(806, 16074, 1, 'Bürodrehstuhl ohne Armlehne', 12, NULL, NULL, 50, 50, 110, 'B', 2),
(807, 16074, 1, 'Bürodrehstuhl ohne Armlehne', 12, NULL, NULL, 50, 50, 110, 'B', 2),
(808, 16074, 1, 'Bürodrehstuhl ohne Armlehne', 12, NULL, NULL, 50, 50, 110, 'B', 2),
(809, 16074, 1, 'Bürodrehstuhl ohne Armlehne', 12, NULL, NULL, 50, 50, 110, 'B', 2),
(810, 16074, 1, 'Bürodrehstuhl ohne Armlehne', 12, NULL, NULL, 50, 50, 110, 'B', 2),
(811, 16074, 1, 'Bürodrehstuhl ohne Armlehne', 12, NULL, NULL, 50, 50, 110, 'B', 2),
(812, 16074, 1, 'Bürodrehstuhl ohne Armlehne', 12, NULL, NULL, 50, 50, 110, 'B', 2),
(813, 16074, 1, 'Bürodrehstuhl ohne Armlehne', 12, NULL, NULL, 50, 50, 110, 'B', 2),
(814, 16074, 1, 'Bürodrehstuhl ohne Armlehne', 12, NULL, NULL, 50, 50, 110, 'B', 2),
(815, 16074, 1, 'Bürodrehstuhl ohne Armlehne', 12, NULL, NULL, 50, 50, 110, 'B', 2),
(816, 16074, 1, 'Bürodrehstuhl ohne Armlehne', 12, NULL, NULL, 50, 50, 110, 'B', 2),
(817, 16074, 1, 'Bürodrehstuhl ohne Armlehne', 12, NULL, NULL, 50, 50, 110, 'B', 2),
(818, 16074, 1, 'Bürodrehstuhl ohne Armlehne', 12, NULL, NULL, 50, 50, 110, 'B', 2),
(819, 16074, 1, 'Bürodrehstuhl ohne Armlehne', 12, NULL, NULL, 50, 50, 110, 'B', 2),
(820, 16074, 1, 'Bürodrehstuhl ohne Armlehne', 12, NULL, NULL, 50, 50, 110, 'B', 2),
(821, 16075, 1, 'Besprechungstisch', 12, NULL, NULL, 80, 80, 72, 'B', 3),
(822, 16076, 1, 'Whiteboard', 12, NULL, NULL, 200, 5, 100, 'B', 1),
(823, 16077, 1, 'Prospektständer', 12, NULL, NULL, 71, 42, 133, 'A', 1),
(824, 16078, 1, 'Flipchart', 12, NULL, NULL, 68, 10, 190, 'B', 1),
(825, 16079, 1, 'Gestell mit Rollen für Flat TV', 12, NULL, NULL, 102, 80, 160, 'A', 1),
(826, 16080, 1, 'TV', 12, NULL, NULL, 136, 12, 78, 'A', 1),
(827, 16081, 1, 'PC, Tower/Desktop', 12, NULL, NULL, 50, 20, 60, 'B', 1),
(828, 16081, 1, 'PC, Tower/Desktop', 12, NULL, NULL, 50, 20, 60, 'B', 1),
(829, 16081, 1, 'PC, Tower/Desktop', 12, NULL, NULL, 50, 20, 60, 'B', 1),
(830, 16081, 1, 'PC, Tower/Desktop', 12, NULL, NULL, 50, 20, 60, 'B', 1),
(831, 16081, 1, 'PC, Tower/Desktop', 12, NULL, NULL, 50, 20, 60, 'B', 1),
(832, 16081, 1, 'PC, Tower/Desktop', 12, NULL, NULL, 50, 20, 60, 'B', 1),
(833, 16081, 1, 'PC, Tower/Desktop', 12, NULL, NULL, 50, 20, 60, 'B', 1),
(834, 16081, 1, 'PC, Tower/Desktop', 12, NULL, NULL, 50, 20, 60, 'B', 1),
(835, 16081, 1, 'PC, Tower/Desktop', 12, NULL, NULL, 50, 20, 60, 'B', 1),
(836, 16081, 1, 'PC, Tower/Desktop', 12, NULL, NULL, 50, 20, 60, 'B', 1),
(837, 16082, 1, 'Flachbildschirm', 12, NULL, NULL, 60, 20, 40, 'B', 1),
(838, 16082, 1, 'Flachbildschirm', 12, NULL, NULL, 60, 20, 40, 'B', 1),
(839, 16082, 1, 'Flachbildschirm', 12, NULL, NULL, 60, 20, 40, 'B', 1),
(840, 16082, 1, 'Flachbildschirm', 12, NULL, NULL, 60, 20, 40, 'B', 1),
(841, 16082, 1, 'Flachbildschirm', 12, NULL, NULL, 60, 20, 40, 'B', 1),
(842, 16082, 1, 'Flachbildschirm', 12, NULL, NULL, 60, 20, 40, 'B', 1),
(843, 16082, 1, 'Flachbildschirm', 12, NULL, NULL, 60, 20, 40, 'B', 1),
(844, 16082, 1, 'Flachbildschirm', 12, NULL, NULL, 60, 20, 40, 'B', 1),
(845, 16082, 1, 'Flachbildschirm', 12, NULL, NULL, 60, 20, 40, 'B', 1),
(846, 16082, 1, 'Flachbildschirm', 12, NULL, NULL, 60, 20, 40, 'B', 1),
(847, 16082, 1, 'Flachbildschirm', 12, NULL, NULL, 60, 20, 40, 'B', 1),
(848, 16083, 1, 'Röhrenmonitor', 12, NULL, NULL, 60, 60, 50, 'B', 1),
(849, 16083, 1, 'Röhrenmonitor', 12, NULL, NULL, 60, 60, 50, 'B', 1),
(850, 16084, 1, 'Drucker', 12, NULL, NULL, 50, 50, 50, 'B', 1),
(851, 16085, 1, 'Telefon', 12, NULL, NULL, 20, 20, 10, 'B', 1),
(852, 16086, 1, 'Laborwanne', 12, NULL, NULL, 104, 64, 79, NULL, 1),
(853, 16086, 1, 'Laborwanne', 12, NULL, NULL, 104, 64, 79, NULL, 1),
(854, 16086, 1, 'Laborwanne', 12, NULL, NULL, 104, 64, 79, NULL, 1),
(855, 16086, 1, 'Laborwanne', 12, NULL, NULL, 104, 64, 79, NULL, 1),
(856, 16086, 1, 'Laborwanne', 12, NULL, NULL, 104, 64, 79, NULL, 1),
(857, 16086, 1, 'Laborwanne', 12, NULL, NULL, 104, 64, 79, NULL, 1),
(858, 16086, 1, 'Laborwanne', 12, NULL, NULL, 104, 64, 79, NULL, 1),
(859, 16087, 1, 'Laborwanne', 12, NULL, NULL, 104, 64, 79, NULL, 1),
(860, 16088, 1, 'Laborwanne', 12, NULL, NULL, 104, 64, 79, NULL, 1),
(861, 16088, 1, 'Laborwanne', 12, NULL, NULL, 104, 64, 79, NULL, 1),
(862, 16089, 1, 'Laborwanne', 12, NULL, NULL, 104, 64, 79, NULL, 1),
(863, 16089, 1, 'Laborwanne', 12, NULL, NULL, 104, 64, 79, NULL, 1),
(864, 16089, 1, 'Laborwanne', 12, NULL, NULL, 104, 64, 79, NULL, 1),
(865, 16089, 1, 'Laborwanne', 12, NULL, NULL, 104, 64, 79, NULL, 1),
(866, 16089, 1, 'Laborwanne', 12, NULL, NULL, 104, 64, 79, NULL, 1),
(867, 16090, 1, 'Papierkorb', 12, NULL, NULL, 30, 30, 30, 'B', 1),
(868, 16090, 1, 'Papierkorb', 12, NULL, NULL, 30, 30, 30, 'B', 1),
(869, 16090, 1, 'Papierkorb', 12, NULL, NULL, 30, 30, 30, 'B', 1),
(870, 16091, 1, 'Scanner', 12, NULL, NULL, 50, 140, 120, 'B', 1),
(871, 16092, 1, 'Lautsprecher', 12, NULL, NULL, 15, 10, 20, 'B', 1),
(872, 16092, 1, 'Lautsprecher', 12, NULL, NULL, 15, 10, 20, 'B', 1),
(873, 16092, 1, 'Lautsprecher', 12, NULL, NULL, 15, 10, 20, 'B', 1),
(874, 16092, 1, 'Lautsprecher', 12, NULL, NULL, 15, 10, 20, 'B', 1),
(875, 16092, 1, 'Lautsprecher', 12, NULL, NULL, 15, 10, 20, 'B', 1),
(876, 16092, 1, 'Lautsprecher', 12, NULL, NULL, 15, 10, 20, 'B', 1),
(877, 16092, 1, 'Lautsprecher', 12, NULL, NULL, 15, 10, 20, 'B', 1),
(878, 16092, 1, 'Lautsprecher', 12, NULL, NULL, 15, 10, 20, 'B', 1),
(879, 16092, 1, 'Lautsprecher', 12, NULL, NULL, 15, 10, 20, 'B', 1),
(880, 16092, 1, 'Lautsprecher', 12, NULL, NULL, 15, 10, 20, 'B', 1),
(881, 16093, 1, 'lfm Akten', 12, NULL, NULL, 100, 30, 33, NULL, 1),
(882, 16093, 1, 'lfm Akten', 12, NULL, NULL, 100, 30, 33, NULL, 1),
(883, 16094, 1, 'Umzugskarton', 12, NULL, NULL, 59, 38, 35, NULL, 1),
(884, 16094, 1, 'Umzugskarton', 12, NULL, NULL, 59, 38, 35, NULL, 1),
(885, 16094, 1, 'Umzugskarton', 12, NULL, NULL, 59, 38, 35, NULL, 1),
(886, 16094, 1, 'Umzugskarton', 12, NULL, NULL, 59, 38, 35, NULL, 1),
(887, 16094, 1, 'Umzugskarton', 12, NULL, NULL, 59, 38, 35, NULL, 1),
(888, 16094, 1, 'Umzugskarton', 12, NULL, NULL, 59, 38, 35, NULL, 1),
(889, 16094, 1, 'Umzugskarton', 12, NULL, NULL, 59, 38, 35, NULL, 1),
(890, 16094, 1, 'Umzugskarton', 12, NULL, NULL, 59, 38, 35, NULL, 1),
(891, 16094, 1, 'Umzugskarton', 12, NULL, NULL, 59, 38, 35, NULL, 1),
(892, 16094, 1, 'Umzugskarton', 12, NULL, NULL, 59, 38, 35, NULL, 1),
(893, 16209, 1, 'Serverschrank', 13, NULL, NULL, 160, 60, 215, 'A', 4),
(894, 16210, 1, 'Stahlschrank', 13, NULL, NULL, 95, 60, 195, 'A', 4),
(895, 16210, 1, 'Stahlschrank', 13, NULL, NULL, 95, 60, 195, 'A', 4),
(896, 16211, 1, '19 Zoll Rack', 13, NULL, NULL, 80, 80, 200, 'A', 1),
(897, 16212, 1, '19 Zoll Rack', 13, NULL, NULL, 54, 54, 72, 'A', 1),
(898, 16213, 1, 'Schreibtisch', 14, NULL, NULL, 120, 100, 72, 'B', 3),
(899, 16213, 1, 'Schreibtisch', 14, NULL, NULL, 120, 100, 72, 'B', 3),
(900, 16213, 1, 'Schreibtisch', 14, NULL, NULL, 120, 100, 72, 'B', 3),
(901, 16214, 1, 'Schreibtisch mit Rückwand', 14, NULL, NULL, 160, 90, 72, 'B', 3),
(902, 16215, 1, 'Rollcontainer', 14, NULL, NULL, 45, 80, 56, 'B', 1),
(903, 16216, 1, 'Rollcontainer', 14, NULL, NULL, 45, 50, 56, 'B', 1),
(904, 16217, 1, 'Schultafel auf Rollgestell', 14, NULL, NULL, 155, 52, 170, 'B', 1),
(905, 16218, 1, 'Stahlschrank', 14, NULL, NULL, 95, 42, 195, 'B', 4),
(906, 16219, 1, 'Spind', 14, NULL, NULL, 90, 50, 185, 'B', 1),
(907, 16220, 1, 'Serverschrank / Rack', 14, NULL, NULL, 65, 75, 204, 'B', 4),
(908, 16220, 1, 'Serverschrank / Rack', 14, NULL, NULL, 65, 75, 204, 'B', 4),
(909, 16220, 1, 'Serverschrank / Rack', 14, NULL, NULL, 65, 75, 204, 'B', 4),
(910, 16221, 1, 'Tresor', 14, NULL, NULL, 120, 52, 100, 'B', 1),
(911, 16222, 1, 'Sideboard Blech mit 2 Türen auf ', 14, NULL, NULL, 60, 40, 105, 'B', 1),
(912, 16223, 1, 'Stehput mit rechteckiger Platte', 14, NULL, NULL, 50, 37, 80, 'B', 1),
(913, 16223, 1, 'Stehput mit rechteckiger Platte', 14, NULL, NULL, 50, 37, 80, 'B', 1),
(914, 16223, 1, 'Stehput mit rechteckiger Platte', 14, NULL, NULL, 50, 37, 80, 'B', 1),
(915, 16224, 1, '24 LED Leisten mit Palette', 14, NULL, NULL, 106, 76, 20, 'B', 1),
(916, 16225, 1, 'Leinwand', 14, NULL, NULL, 300, 10, 10, 'B', 1),
(917, 16226, 1, 'Bürodrehstuhl ohne Armlehne', 14, NULL, NULL, 50, 50, 110, 'B', 2),
(918, 16226, 1, 'Bürodrehstuhl ohne Armlehne', 14, NULL, NULL, 50, 50, 110, 'B', 2),
(919, 16226, 1, 'Bürodrehstuhl ohne Armlehne', 14, NULL, NULL, 50, 50, 110, 'B', 2),
(920, 16227, 1, 'Röhrenmonitor', 14, NULL, NULL, 60, 60, 50, 'B', 1),
(921, 16227, 1, 'Röhrenmonitor', 14, NULL, NULL, 60, 60, 50, 'B', 1),
(922, 16228, 1, 'Besprechungstisch', 14, NULL, NULL, 160, 60, 72, 'B', 3),
(923, 16229, 1, 'Papierkorb', 14, NULL, NULL, 30, 30, 30, 'B', 1),
(924, 16230, 1, 'Drucker', 14, NULL, NULL, 50, 50, 50, 'B', 1),
(925, 16230, 1, 'Drucker', 14, NULL, NULL, 50, 50, 50, 'B', 1),
(926, 16231, 1, 'Flachbildschirm', 14, NULL, NULL, 60, 20, 40, 'B', 1),
(927, 16231, 1, 'Flachbildschirm', 14, NULL, NULL, 60, 20, 40, 'B', 1),
(928, 16231, 1, 'Flachbildschirm', 14, NULL, NULL, 60, 20, 40, 'B', 1),
(929, 16231, 1, 'Flachbildschirm', 14, NULL, NULL, 60, 20, 40, 'B', 1),
(930, 16231, 1, 'Flachbildschirm', 14, NULL, NULL, 60, 20, 40, 'B', 1),
(931, 16231, 1, 'Flachbildschirm', 14, NULL, NULL, 60, 20, 40, 'B', 1),
(932, 16231, 1, 'Flachbildschirm', 14, NULL, NULL, 60, 20, 40, 'B', 1),
(933, 16231, 1, 'Flachbildschirm', 14, NULL, NULL, 60, 20, 40, 'B', 1),
(934, 16231, 1, 'Flachbildschirm', 14, NULL, NULL, 60, 20, 40, 'B', 1),
(935, 16231, 1, 'Flachbildschirm', 14, NULL, NULL, 60, 20, 40, 'B', 1),
(936, 16231, 1, 'Flachbildschirm', 14, NULL, NULL, 60, 20, 40, 'B', 1),
(937, 16232, 1, 'PC, Tower/Desktop', 14, NULL, NULL, 50, 20, 60, 'B', 1),
(938, 16232, 1, 'PC, Tower/Desktop', 14, NULL, NULL, 50, 20, 60, 'B', 1),
(939, 16232, 1, 'PC, Tower/Desktop', 14, NULL, NULL, 50, 20, 60, 'B', 1),
(940, 16232, 1, 'PC, Tower/Desktop', 14, NULL, NULL, 50, 20, 60, 'B', 1),
(941, 16232, 1, 'PC, Tower/Desktop', 14, NULL, NULL, 50, 20, 60, 'B', 1),
(942, 16232, 1, 'PC, Tower/Desktop', 14, NULL, NULL, 50, 20, 60, 'B', 1),
(943, 16232, 1, 'PC, Tower/Desktop', 14, NULL, NULL, 50, 20, 60, 'B', 1),
(944, 16233, 1, 'Lautsprecher', 14, NULL, NULL, 15, 10, 20, 'B', 1),
(945, 16233, 1, 'Lautsprecher', 14, NULL, NULL, 15, 10, 20, 'B', 1),
(946, 16233, 1, 'Lautsprecher', 14, NULL, NULL, 15, 10, 20, 'B', 1),
(947, 16233, 1, 'Lautsprecher', 14, NULL, NULL, 15, 10, 20, 'B', 1),
(948, 16234, 1, 'Laborwanne', 14, NULL, NULL, 104, 64, 79, NULL, 1),
(949, 16234, 1, 'Laborwanne', 14, NULL, NULL, 104, 64, 79, NULL, 1),
(950, 16234, 1, 'Laborwanne', 14, NULL, NULL, 104, 64, 79, NULL, 1),
(951, 16235, 1, 'Umzugskarton', 14, NULL, NULL, 59, 38, 35, NULL, 1),
(952, 16235, 1, 'Umzugskarton', 14, NULL, NULL, 59, 38, 35, NULL, 1),
(953, 16235, 1, 'Umzugskarton', 14, NULL, NULL, 59, 38, 35, NULL, 1),
(954, 16235, 1, 'Umzugskarton', 14, NULL, NULL, 59, 38, 35, NULL, 1),
(955, 16235, 1, 'Umzugskarton', 14, NULL, NULL, 59, 38, 35, NULL, 1),
(956, 16242, 1, 'Besprechungstisch', 15, NULL, NULL, 140, 70, 72, 'B', 3),
(957, 16242, 1, 'Besprechungstisch', 15, NULL, NULL, 140, 70, 72, 'B', 3),
(958, 16242, 1, 'Besprechungstisch', 15, NULL, NULL, 140, 70, 72, 'B', 3),
(959, 16242, 1, 'Besprechungstisch', 15, NULL, NULL, 140, 70, 72, 'B', 3),
(960, 16242, 1, 'Besprechungstisch', 15, NULL, NULL, 140, 70, 72, 'B', 3),
(961, 16242, 1, 'Besprechungstisch', 15, NULL, NULL, 140, 70, 72, 'B', 3),
(962, 16242, 1, 'Besprechungstisch', 15, NULL, NULL, 140, 70, 72, 'B', 3),
(963, 16242, 1, 'Besprechungstisch', 15, NULL, NULL, 140, 70, 72, 'B', 3),
(964, 16242, 1, 'Besprechungstisch', 15, NULL, NULL, 140, 70, 72, 'B', 3),
(965, 16242, 1, 'Besprechungstisch', 15, NULL, NULL, 140, 70, 72, 'B', 3),
(966, 16242, 1, 'Besprechungstisch', 15, NULL, NULL, 140, 70, 72, 'B', 3),
(967, 16242, 1, 'Besprechungstisch', 15, NULL, NULL, 140, 70, 72, 'B', 3),
(968, 16242, 1, 'Besprechungstisch', 15, NULL, NULL, 140, 70, 72, 'B', 3),
(969, 16242, 1, 'Besprechungstisch', 15, NULL, NULL, 140, 70, 72, 'B', 3),
(970, 16242, 1, 'Besprechungstisch', 15, NULL, NULL, 140, 70, 72, 'B', 3),
(971, 16243, 1, 'Seminarstuhl', 15, NULL, NULL, 45, 50, 70, 'B', 2),
(972, 16243, 1, 'Seminarstuhl', 15, NULL, NULL, 45, 50, 70, 'B', 2),
(973, 16243, 1, 'Seminarstuhl', 15, NULL, NULL, 45, 50, 70, 'B', 2),
(974, 16243, 1, 'Seminarstuhl', 15, NULL, NULL, 45, 50, 70, 'B', 2),
(975, 16243, 1, 'Seminarstuhl', 15, NULL, NULL, 45, 50, 70, 'B', 2),
(976, 16243, 1, 'Seminarstuhl', 15, NULL, NULL, 45, 50, 70, 'B', 2),
(977, 16243, 1, 'Seminarstuhl', 15, NULL, NULL, 45, 50, 70, 'B', 2),
(978, 16243, 1, 'Seminarstuhl', 15, NULL, NULL, 45, 50, 70, 'B', 2),
(979, 16243, 1, 'Seminarstuhl', 15, NULL, NULL, 45, 50, 70, 'B', 2),
(980, 16243, 1, 'Seminarstuhl', 15, NULL, NULL, 45, 50, 70, 'B', 2),
(981, 16243, 1, 'Seminarstuhl', 15, NULL, NULL, 45, 50, 70, 'B', 2),
(982, 16243, 1, 'Seminarstuhl', 15, NULL, NULL, 45, 50, 70, 'B', 2),
(983, 16243, 1, 'Seminarstuhl', 15, NULL, NULL, 45, 50, 70, 'B', 2),
(984, 16243, 1, 'Seminarstuhl', 15, NULL, NULL, 45, 50, 70, 'B', 2),
(985, 16243, 1, 'Seminarstuhl', 15, NULL, NULL, 45, 50, 70, 'B', 2),
(986, 16243, 1, 'Seminarstuhl', 15, NULL, NULL, 45, 50, 70, 'B', 2),
(987, 16243, 1, 'Seminarstuhl', 15, NULL, NULL, 45, 50, 70, 'B', 2),
(988, 16243, 1, 'Seminarstuhl', 15, NULL, NULL, 45, 50, 70, 'B', 2),
(989, 16243, 1, 'Seminarstuhl', 15, NULL, NULL, 45, 50, 70, 'B', 2),
(990, 16243, 1, 'Seminarstuhl', 15, NULL, NULL, 45, 50, 70, 'B', 2),
(991, 16243, 1, 'Seminarstuhl', 15, NULL, NULL, 45, 50, 70, 'B', 2),
(992, 16243, 1, 'Seminarstuhl', 15, NULL, NULL, 45, 50, 70, 'B', 2),
(993, 16243, 1, 'Seminarstuhl', 15, NULL, NULL, 45, 50, 70, 'B', 2),
(994, 16243, 1, 'Seminarstuhl', 15, NULL, NULL, 45, 50, 70, 'B', 2),
(995, 16243, 1, 'Seminarstuhl', 15, NULL, NULL, 45, 50, 70, 'B', 2),
(996, 16243, 1, 'Seminarstuhl', 15, NULL, NULL, 45, 50, 70, 'B', 2),
(997, 16243, 1, 'Seminarstuhl', 15, NULL, NULL, 45, 50, 70, 'B', 2),
(998, 16243, 1, 'Seminarstuhl', 15, NULL, NULL, 45, 50, 70, 'B', 2),
(999, 16243, 1, 'Seminarstuhl', 15, NULL, NULL, 45, 50, 70, 'B', 2),
(1000, 16243, 1, 'Seminarstuhl', 15, NULL, NULL, 45, 50, 70, 'B', 2),
(1001, 16244, 1, 'Tageslichtprojektor', 15, NULL, NULL, 40, 40, 60, 'B', 1),
(1002, 16245, 1, 'Gestellwagen für Tageslichtproje', 15, NULL, NULL, 130, 50, 72, 'B', 1),
(1003, 16246, 1, 'Whiteboard', 15, NULL, NULL, 180, 5, 120, 'B', 1),
(1004, 16246, 1, 'Whiteboard', 15, NULL, NULL, 180, 5, 120, 'B', 1),
(1005, 16247, 1, 'Beamer', 15, NULL, NULL, 40, 40, 20, 'B', 1),
(1006, 16248, 1, 'Papierkorb', 15, NULL, NULL, 30, 30, 30, 'B', 1),
(1007, 16249, 1, 'Schultafel wandverschraubt', 15, NULL, NULL, 210, 15, 165, 'B', 1),
(1008, 16249, 1, 'Schultafel wandverschraubt', 15, NULL, NULL, 210, 15, 165, 'B', 1),
(1009, 16250, 1, 'Leinwand', 15, NULL, NULL, 260, 15, 15, 'B', 1),
(1010, 16251, 1, 'Leinwand', 15, NULL, NULL, 160, 15, 160, 'B', 1),
(1011, 16252, 1, 'Besprechungstisch', 16, NULL, NULL, 120, 70, 72, 'A', 3),
(1012, 16252, 1, 'Besprechungstisch', 16, NULL, NULL, 120, 70, 72, 'A', 3),
(1013, 16252, 1, 'Besprechungstisch', 16, NULL, NULL, 120, 70, 72, 'A', 3),
(1014, 16252, 1, 'Besprechungstisch', 16, NULL, NULL, 120, 70, 72, 'A', 3),
(1015, 16252, 1, 'Besprechungstisch', 16, NULL, NULL, 120, 70, 72, 'A', 3),
(1016, 16252, 1, 'Besprechungstisch', 16, NULL, NULL, 120, 70, 72, 'A', 3),
(1017, 16252, 1, 'Besprechungstisch', 16, NULL, NULL, 120, 70, 72, 'A', 3),
(1018, 16252, 1, 'Besprechungstisch', 16, NULL, NULL, 120, 70, 72, 'A', 3),
(1019, 16253, 1, 'Besprechungstisch', 16, NULL, NULL, 140, 70, 72, 'A', 3),
(1020, 16253, 1, 'Besprechungstisch', 16, NULL, NULL, 140, 70, 72, 'A', 3),
(1021, 16254, 1, 'Seminarstuhl', 16, NULL, NULL, 45, 50, 70, 'B', 2),
(1022, 16254, 1, 'Seminarstuhl', 16, NULL, NULL, 45, 50, 70, 'B', 2),
(1023, 16254, 1, 'Seminarstuhl', 16, NULL, NULL, 45, 50, 70, 'B', 2),
(1024, 16254, 1, 'Seminarstuhl', 16, NULL, NULL, 45, 50, 70, 'B', 2),
(1025, 16254, 1, 'Seminarstuhl', 16, NULL, NULL, 45, 50, 70, 'B', 2),
(1026, 16254, 1, 'Seminarstuhl', 16, NULL, NULL, 45, 50, 70, 'B', 2),
(1027, 16254, 1, 'Seminarstuhl', 16, NULL, NULL, 45, 50, 70, 'B', 2),
(1028, 16254, 1, 'Seminarstuhl', 16, NULL, NULL, 45, 50, 70, 'B', 2),
(1029, 16254, 1, 'Seminarstuhl', 16, NULL, NULL, 45, 50, 70, 'B', 2),
(1030, 16254, 1, 'Seminarstuhl', 16, NULL, NULL, 45, 50, 70, 'B', 2),
(1031, 16254, 1, 'Seminarstuhl', 16, NULL, NULL, 45, 50, 70, 'B', 2),
(1032, 16254, 1, 'Seminarstuhl', 16, NULL, NULL, 45, 50, 70, 'B', 2),
(1033, 16254, 1, 'Seminarstuhl', 16, NULL, NULL, 45, 50, 70, 'B', 2),
(1034, 16254, 1, 'Seminarstuhl', 16, NULL, NULL, 45, 50, 70, 'B', 2),
(1035, 16254, 1, 'Seminarstuhl', 16, NULL, NULL, 45, 50, 70, 'B', 2),
(1036, 16254, 1, 'Seminarstuhl', 16, NULL, NULL, 45, 50, 70, 'B', 2),
(1037, 16254, 1, 'Seminarstuhl', 16, NULL, NULL, 45, 50, 70, 'B', 2),
(1038, 16254, 1, 'Seminarstuhl', 16, NULL, NULL, 45, 50, 70, 'B', 2),
(1039, 16255, 1, 'Bürodrehstuhl mit Armlehne', 16, NULL, NULL, 60, 60, 110, 'B', 2),
(1040, 16255, 1, 'Bürodrehstuhl mit Armlehne', 16, NULL, NULL, 60, 60, 110, 'B', 2),
(1041, 16256, 1, 'Bürodrehstuhl mit Armlehne', 16, NULL, NULL, 60, 60, 110, 'B', 2),
(1042, 16257, 1, 'Sofa', 16, NULL, NULL, 175, 80, 70, 'B', 1),
(1043, 16258, 1, 'Sessel', 16, NULL, NULL, 90, 80, 70, 'B', 1),
(1044, 16259, 1, 'Sessel', 16, NULL, NULL, 72, 100, 90, 'B', 1),
(1045, 16259, 1, 'Sessel', 16, NULL, NULL, 72, 100, 90, 'B', 1),
(1046, 16260, 1, 'Sofa', 16, NULL, NULL, 205, 100, 90, 'B', 1),
(1047, 16261, 1, 'Regal', 16, NULL, NULL, 150, 40, 150, 'B', 1),
(1048, 16261, 1, 'Regal', 16, NULL, NULL, 150, 40, 150, 'B', 1),
(1049, 16262, 1, 'Whiteboard', 16, NULL, NULL, 150, 5, 100, 'B', 1),
(1050, 16262, 1, 'Whiteboard', 16, NULL, NULL, 150, 5, 100, 'B', 1),
(1051, 16263, 1, 'Whiteboard', 16, NULL, NULL, 200, 5, 100, 'B', 1),
(1052, 16264, 1, 'Beamer', 16, NULL, NULL, 40, 40, 20, 'B', 1),
(1053, 16265, 1, 'Aktenschrank', 16, NULL, NULL, 120, 40, 180, 'B', 4),
(1054, 16265, 1, 'Aktenschrank', 16, NULL, NULL, 120, 40, 180, 'B', 4),
(1055, 16266, 1, 'Regal', 16, NULL, NULL, 44, 39, 150, 'B', 1),
(1056, 16267, 1, 'Stehlampe', 16, NULL, NULL, 35, 35, 180, 'B', 1),
(1057, 16268, 1, 'Flipchart', 16, NULL, NULL, 74, 10, 170, 'B', 1),
(1058, 16269, 1, 'Papierkorb', 16, NULL, NULL, 30, 30, 30, 'B', 1),
(1059, 16270, 1, 'Umzugskarton', 16, NULL, NULL, 59, 38, 35, NULL, 1),
(1060, 16270, 1, 'Umzugskarton', 16, NULL, NULL, 59, 38, 35, NULL, 1),
(1061, 16270, 1, 'Umzugskarton', 16, NULL, NULL, 59, 38, 35, NULL, 1),
(1062, 16270, 1, 'Umzugskarton', 16, NULL, NULL, 59, 38, 35, NULL, 1),
(1063, 16270, 1, 'Umzugskarton', 16, NULL, NULL, 59, 38, 35, NULL, 1),
(1064, 16270, 1, 'Umzugskarton', 16, NULL, NULL, 59, 38, 35, NULL, 1),
(1065, 16270, 1, 'Umzugskarton', 16, NULL, NULL, 59, 38, 35, NULL, 1),
(1066, 16270, 1, 'Umzugskarton', 16, NULL, NULL, 59, 38, 35, NULL, 1),
(1067, 16270, 1, 'Umzugskarton', 16, NULL, NULL, 59, 38, 35, NULL, 1),
(1068, 16270, 1, 'Umzugskarton', 16, NULL, NULL, 59, 38, 35, NULL, 1),
(1069, 16271, 1, 'Gestellwagen für Tageslichtproje', 17, NULL, NULL, 60, 70, 100, 'B', 1),
(1070, 16271, 1, 'Gestellwagen für Tageslichtproje', 17, NULL, NULL, 60, 70, 100, 'B', 1),
(1071, 16272, 1, 'Tageslichtprojektor', 17, NULL, NULL, 40, 40, 60, 'B', 1),
(1072, 16272, 1, 'Tageslichtprojektor', 17, NULL, NULL, 40, 40, 60, 'B', 1),
(1073, 16273, 1, 'Tischgestell Alu', 17, NULL, NULL, 62, 70, 125, 'B', 3),
(1074, 16273, 1, 'Tischgestell Alu', 17, NULL, NULL, 62, 70, 125, 'B', 3),
(1075, 16273, 1, 'Tischgestell Alu', 17, NULL, NULL, 62, 70, 125, 'B', 3),
(1076, 16274, 1, 'lfm Stahlregal geschraubt', 17, NULL, NULL, 300, 52, 190, 'B', 1),
(1077, 16275, 1, 'Serverschrank', 17, NULL, NULL, 60, 60, 195, 'B', 4),
(1078, 16276, 1, 'Aktenschrank', 17, NULL, NULL, 120, 40, 180, 'B', 4),
(1079, 16277, 1, 'Sonstiger Stuhl', 17, NULL, NULL, 50, 50, 80, 'C', 2),
(1080, 16277, 1, 'Sonstiger Stuhl', 17, NULL, NULL, 50, 50, 80, 'C', 2),
(1081, 16278, 1, 'Stehpult mit rechteckiger Platte', 17, NULL, NULL, 48, 38, 80, 'B', 1),
(1082, 16279, 1, 'Holzpalette', 17, NULL, NULL, 200, 10, 200, 'B', 1),
(1083, 16279, 1, 'Holzpalette', 17, NULL, NULL, 200, 10, 200, 'B', 1),
(1084, 16279, 1, 'Holzpalette', 17, NULL, NULL, 200, 10, 200, 'B', 1),
(1085, 16279, 1, 'Holzpalette', 17, NULL, NULL, 200, 10, 200, 'B', 1),
(1086, 16279, 1, 'Holzpalette', 17, NULL, NULL, 200, 10, 200, 'B', 1),
(1087, 16280, 1, 'Tischventilator', 17, NULL, NULL, 30, 30, 40, 'B', 3),
(1088, 16281, 1, 'Umzugskarton, fertig gepackt', 17, NULL, NULL, 59, 38, 32, NULL, 1),
(1089, 16281, 1, 'Umzugskarton, fertig gepackt', 17, NULL, NULL, 59, 38, 32, NULL, 1),
(1090, 16281, 1, 'Umzugskarton, fertig gepackt', 17, NULL, NULL, 59, 38, 32, NULL, 1),
(1091, 16281, 1, 'Umzugskarton, fertig gepackt', 17, NULL, NULL, 59, 38, 32, NULL, 1),
(1092, 16281, 1, 'Umzugskarton, fertig gepackt', 17, NULL, NULL, 59, 38, 32, NULL, 1),
(1093, 16282, 1, 'Röhrenmonitor', 17, NULL, NULL, 60, 60, 50, 'B', 1),
(1094, 16282, 1, 'Röhrenmonitor', 17, NULL, NULL, 60, 60, 50, 'B', 1),
(1095, 16283, 1, 'PC, Tower/Desktop', 17, NULL, NULL, 50, 20, 60, 'B', 1),
(1096, 16283, 1, 'PC, Tower/Desktop', 17, NULL, NULL, 50, 20, 60, 'B', 1),
(1097, 16283, 1, 'PC, Tower/Desktop', 17, NULL, NULL, 50, 20, 60, 'B', 1),
(1098, 16283, 1, 'PC, Tower/Desktop', 17, NULL, NULL, 50, 20, 60, 'B', 1),
(1099, 16283, 1, 'PC, Tower/Desktop', 17, NULL, NULL, 50, 20, 60, 'B', 1),
(1100, 16283, 1, 'PC, Tower/Desktop', 17, NULL, NULL, 50, 20, 60, 'B', 1),
(1101, 16284, 1, 'Umzugskarton', 17, NULL, NULL, 59, 38, 35, NULL, 1),
(1102, 16284, 1, 'Umzugskarton', 17, NULL, NULL, 59, 38, 35, NULL, 1),
(1103, 16284, 1, 'Umzugskarton', 17, NULL, NULL, 59, 38, 35, NULL, 1),
(1104, 16284, 1, 'Umzugskarton', 17, NULL, NULL, 59, 38, 35, NULL, 1),
(1105, 16284, 1, 'Umzugskarton', 17, NULL, NULL, 59, 38, 35, NULL, 1),
(1106, 16285, 1, 'Laborwanne', 17, NULL, NULL, 104, 64, 79, NULL, 1),
(1107, 16286, 1, 'lfm Stahlregal geschraubt', 18, NULL, NULL, 270, 32, 220, 'B', 1),
(1108, 16287, 1, 'lfm Akten', 18, NULL, NULL, 100, 30, 33, NULL, 1),
(1109, 16287, 1, 'lfm Akten', 18, NULL, NULL, 100, 30, 33, NULL, 1),
(1110, 16287, 1, 'lfm Akten', 18, NULL, NULL, 100, 30, 33, NULL, 1),
(1111, 16287, 1, 'lfm Akten', 18, NULL, NULL, 100, 30, 33, NULL, 1),
(1112, 16287, 1, 'lfm Akten', 18, NULL, NULL, 100, 30, 33, NULL, 1),
(1113, 16287, 1, 'lfm Akten', 18, NULL, NULL, 100, 30, 33, NULL, 1),
(1114, 16287, 1, 'lfm Akten', 18, NULL, NULL, 100, 30, 33, NULL, 1),
(1115, 16287, 1, 'lfm Akten', 18, NULL, NULL, 100, 30, 33, NULL, 1),
(1116, 16287, 1, 'lfm Akten', 18, NULL, NULL, 100, 30, 33, NULL, 1),
(1117, 16287, 1, 'lfm Akten', 18, NULL, NULL, 100, 30, 33, NULL, 1),
(1118, 16287, 1, 'lfm Akten', 18, NULL, NULL, 100, 30, 33, NULL, 1),
(1119, 16287, 1, 'lfm Akten', 18, NULL, NULL, 100, 30, 33, NULL, 1),
(1120, 16287, 1, 'lfm Akten', 18, NULL, NULL, 100, 30, 33, NULL, 1),
(1121, 16287, 1, 'lfm Akten', 18, NULL, NULL, 100, 30, 33, NULL, 1),
(1122, 16287, 1, 'lfm Akten', 18, NULL, NULL, 100, 30, 33, NULL, 1),
(1123, 16287, 1, 'lfm Akten', 18, NULL, NULL, 100, 30, 33, NULL, 1),
(1124, 16287, 1, 'lfm Akten', 18, NULL, NULL, 100, 30, 33, NULL, 1),
(1125, 16287, 1, 'lfm Akten', 18, NULL, NULL, 100, 30, 33, NULL, 1),
(1126, 16287, 1, 'lfm Akten', 18, NULL, NULL, 100, 30, 33, NULL, 1),
(1127, 16287, 1, 'lfm Akten', 18, NULL, NULL, 100, 30, 33, NULL, 1),
(1128, 16288, 1, 'Umzugskarton', 18, NULL, NULL, 59, 38, 35, NULL, 1),
(1129, 16289, 1, 'Umzugskarton, fertig gepackt', 18, NULL, NULL, 59, 38, 32, NULL, 1),
(1130, 16289, 1, 'Umzugskarton, fertig gepackt', 18, NULL, NULL, 59, 38, 32, NULL, 1),
(1131, 16289, 1, 'Umzugskarton, fertig gepackt', 18, NULL, NULL, 59, 38, 32, NULL, 1),
(1132, 16289, 1, 'Umzugskarton, fertig gepackt', 18, NULL, NULL, 59, 38, 32, NULL, 1),
(1133, 16289, 1, 'Umzugskarton, fertig gepackt', 18, NULL, NULL, 59, 38, 32, NULL, 1),
(1134, 16289, 1, 'Umzugskarton, fertig gepackt', 18, NULL, NULL, 59, 38, 32, NULL, 1),
(1135, 16289, 1, 'Umzugskarton, fertig gepackt', 18, NULL, NULL, 59, 38, 32, NULL, 1),
(1136, 16290, 1, 'lfm Stahlregal geschraubt', 18, NULL, NULL, 106, 85, 200, 'B', 1),
(1137, 16291, 1, 'lfm Stahlregal geschraubt', 18, NULL, NULL, 136, 85, 200, 'B', 1),
(1138, 16291, 1, 'lfm Stahlregal geschraubt', 18, NULL, NULL, 136, 85, 200, 'B', 1),
(1139, 16292, 1, 'Umzugskarton, fertig gepackt', 18, NULL, NULL, 60, 50, 50, NULL, 1),
(1140, 16292, 1, 'Umzugskarton, fertig gepackt', 18, NULL, NULL, 60, 50, 50, NULL, 1),
(1141, 16292, 1, 'Umzugskarton, fertig gepackt', 18, NULL, NULL, 60, 50, 50, NULL, 1),
(1142, 16292, 1, 'Umzugskarton, fertig gepackt', 18, NULL, NULL, 60, 50, 50, NULL, 1),
(1143, 16292, 1, 'Umzugskarton, fertig gepackt', 18, NULL, NULL, 60, 50, 50, NULL, 1),
(1144, 16292, 1, 'Umzugskarton, fertig gepackt', 18, NULL, NULL, 60, 50, 50, NULL, 1),
(1145, 16292, 1, 'Umzugskarton, fertig gepackt', 18, NULL, NULL, 60, 50, 50, NULL, 1),
(1146, 16293, 1, 'PC, Tower/Desktop', 18, NULL, NULL, 50, 20, 60, 'A', 1),
(1147, 16293, 1, 'PC, Tower/Desktop', 18, NULL, NULL, 50, 20, 60, 'A', 1),
(1148, 16293, 1, 'PC, Tower/Desktop', 18, NULL, NULL, 50, 20, 60, 'A', 1),
(1149, 16293, 1, 'PC, Tower/Desktop', 18, NULL, NULL, 50, 20, 60, 'A', 1),
(1150, 16293, 1, 'PC, Tower/Desktop', 18, NULL, NULL, 50, 20, 60, 'A', 1),
(1151, 16293, 1, 'PC, Tower/Desktop', 18, NULL, NULL, 50, 20, 60, 'A', 1),
(1152, 16293, 1, 'PC, Tower/Desktop', 18, NULL, NULL, 50, 20, 60, 'A', 1),
(1153, 16293, 1, 'PC, Tower/Desktop', 18, NULL, NULL, 50, 20, 60, 'A', 1),
(1154, 16293, 1, 'PC, Tower/Desktop', 18, NULL, NULL, 50, 20, 60, 'A', 1),
(1155, 16293, 1, 'PC, Tower/Desktop', 18, NULL, NULL, 50, 20, 60, 'A', 1),
(1156, 16293, 1, 'PC, Tower/Desktop', 18, NULL, NULL, 50, 20, 60, 'A', 1),
(1157, 16293, 1, 'PC, Tower/Desktop', 18, NULL, NULL, 50, 20, 60, 'A', 1),
(1158, 16293, 1, 'PC, Tower/Desktop', 18, NULL, NULL, 50, 20, 60, 'A', 1),
(1159, 16293, 1, 'PC, Tower/Desktop', 18, NULL, NULL, 50, 20, 60, 'A', 1),
(1160, 16293, 1, 'PC, Tower/Desktop', 18, NULL, NULL, 50, 20, 60, 'A', 1),
(1161, 16293, 1, 'PC, Tower/Desktop', 18, NULL, NULL, 50, 20, 60, 'A', 1),
(1162, 16293, 1, 'PC, Tower/Desktop', 18, NULL, NULL, 50, 20, 60, 'A', 1),
(1163, 16293, 1, 'PC, Tower/Desktop', 18, NULL, NULL, 50, 20, 60, 'A', 1),
(1164, 16293, 1, 'PC, Tower/Desktop', 18, NULL, NULL, 50, 20, 60, 'A', 1),
(1165, 16293, 1, 'PC, Tower/Desktop', 18, NULL, NULL, 50, 20, 60, 'A', 1),
(1166, 16294, 1, 'Flachbildschirm', 18, NULL, NULL, 60, 20, 40, 'A', 1),
(1167, 16294, 1, 'Flachbildschirm', 18, NULL, NULL, 60, 20, 40, 'A', 1),
(1168, 16294, 1, 'Flachbildschirm', 18, NULL, NULL, 60, 20, 40, 'A', 1),
(1169, 16294, 1, 'Flachbildschirm', 18, NULL, NULL, 60, 20, 40, 'A', 1),
(1170, 16294, 1, 'Flachbildschirm', 18, NULL, NULL, 60, 20, 40, 'A', 1),
(1171, 16294, 1, 'Flachbildschirm', 18, NULL, NULL, 60, 20, 40, 'A', 1),
(1172, 16294, 1, 'Flachbildschirm', 18, NULL, NULL, 60, 20, 40, 'A', 1),
(1173, 16294, 1, 'Flachbildschirm', 18, NULL, NULL, 60, 20, 40, 'A', 1),
(1174, 16294, 1, 'Flachbildschirm', 18, NULL, NULL, 60, 20, 40, 'A', 1),
(1175, 16294, 1, 'Flachbildschirm', 18, NULL, NULL, 60, 20, 40, 'A', 1),
(1176, 16294, 1, 'Flachbildschirm', 18, NULL, NULL, 60, 20, 40, 'A', 1),
(1177, 16294, 1, 'Flachbildschirm', 18, NULL, NULL, 60, 20, 40, 'A', 1),
(1178, 16294, 1, 'Flachbildschirm', 18, NULL, NULL, 60, 20, 40, 'A', 1),
(1179, 16294, 1, 'Flachbildschirm', 18, NULL, NULL, 60, 20, 40, 'A', 1),
(1180, 16294, 1, 'Flachbildschirm', 18, NULL, NULL, 60, 20, 40, 'A', 1),
(1181, 16294, 1, 'Flachbildschirm', 18, NULL, NULL, 60, 20, 40, 'A', 1),
(1182, 16294, 1, 'Flachbildschirm', 18, NULL, NULL, 60, 20, 40, 'A', 1),
(1183, 16294, 1, 'Flachbildschirm', 18, NULL, NULL, 60, 20, 40, 'A', 1),
(1184, 16294, 1, 'Flachbildschirm', 18, NULL, NULL, 60, 20, 40, 'A', 1),
(1185, 16294, 1, 'Flachbildschirm', 18, NULL, NULL, 60, 20, 40, 'A', 1),
(1186, 16295, 1, 'Einlegeböden aus Stahl', 18, NULL, NULL, 96, 2, 38, 'B', 1),
(1187, 16295, 1, 'Einlegeböden aus Stahl', 18, NULL, NULL, 96, 2, 38, 'B', 1),
(1188, 16295, 1, 'Einlegeböden aus Stahl', 18, NULL, NULL, 96, 2, 38, 'B', 1),
(1189, 16295, 1, 'Einlegeböden aus Stahl', 18, NULL, NULL, 96, 2, 38, 'B', 1),
(1190, 16295, 1, 'Einlegeböden aus Stahl', 18, NULL, NULL, 96, 2, 38, 'B', 1),
(1191, 16295, 1, 'Einlegeböden aus Stahl', 18, NULL, NULL, 96, 2, 38, 'B', 1),
(1192, 16295, 1, 'Einlegeböden aus Stahl', 18, NULL, NULL, 96, 2, 38, 'B', 1),
(1193, 16296, 1, 'Holzpalette', 18, NULL, NULL, 130, 80, 14, 'A', 1),
(1194, 16297, 1, 'Holzrahmen mit Folie bespannt', 18, NULL, NULL, 110, 2, 200, 'A', 1),
(1195, 16298, 1, 'Laborwanne', 18, NULL, NULL, 104, 64, 79, NULL, 1),
(1196, 16298, 1, 'Laborwanne', 18, NULL, NULL, 104, 64, 79, NULL, 1),
(1197, 16299, 1, 'Umzugskarton, fertig gepackt', 18, NULL, NULL, 54, 40, 20, NULL, 1),
(1198, 16299, 1, 'Umzugskarton, fertig gepackt', 18, NULL, NULL, 54, 40, 20, NULL, 1),
(1199, 16299, 1, 'Umzugskarton, fertig gepackt', 18, NULL, NULL, 54, 40, 20, NULL, 1),
(1200, 16299, 1, 'Umzugskarton, fertig gepackt', 18, NULL, NULL, 54, 40, 20, NULL, 1),
(1201, 16299, 1, 'Umzugskarton, fertig gepackt', 18, NULL, NULL, 54, 40, 20, NULL, 1),
(1202, 16299, 1, 'Umzugskarton, fertig gepackt', 18, NULL, NULL, 54, 40, 20, NULL, 1),
(1203, 16299, 1, 'Umzugskarton, fertig gepackt', 18, NULL, NULL, 54, 40, 20, NULL, 1),
(1204, 16299, 1, 'Umzugskarton, fertig gepackt', 18, NULL, NULL, 54, 40, 20, NULL, 1),
(1205, 16299, 1, 'Umzugskarton, fertig gepackt', 18, NULL, NULL, 54, 40, 20, NULL, 1),
(1206, 16299, 1, 'Umzugskarton, fertig gepackt', 18, NULL, NULL, 54, 40, 20, NULL, 1),
(1207, 16299, 1, 'Umzugskarton, fertig gepackt', 18, NULL, NULL, 54, 40, 20, NULL, 1),
(1208, 16299, 1, 'Umzugskarton, fertig gepackt', 18, NULL, NULL, 54, 40, 20, NULL, 1),
(1209, 16300, 1, 'Umzugskarton, fertig gepackt', 18, NULL, NULL, 54, 44, 37, NULL, 1),
(1210, 16300, 1, 'Umzugskarton, fertig gepackt', 18, NULL, NULL, 54, 44, 37, NULL, 1),
(1211, 16301, 1, 'Umzugskarton, fertig gepackt', 18, NULL, NULL, 58, 13, 75, NULL, 1),
(1212, 16301, 1, 'Umzugskarton, fertig gepackt', 18, NULL, NULL, 58, 13, 75, NULL, 1),
(1213, 16301, 1, 'Umzugskarton, fertig gepackt', 18, NULL, NULL, 58, 13, 75, NULL, 1),
(1214, 16302, 1, 'PC, Tower/Desktop', 19, NULL, NULL, 50, 20, 60, 'B', 1),
(1215, 16302, 1, 'PC, Tower/Desktop', 19, NULL, NULL, 50, 20, 60, 'B', 1),
(1216, 16302, 1, 'PC, Tower/Desktop', 19, NULL, NULL, 50, 20, 60, 'B', 1),
(1217, 16302, 1, 'PC, Tower/Desktop', 19, NULL, NULL, 50, 20, 60, 'B', 1),
(1218, 16302, 1, 'PC, Tower/Desktop', 19, NULL, NULL, 50, 20, 60, 'B', 1),
(1219, 16302, 1, 'PC, Tower/Desktop', 19, NULL, NULL, 50, 20, 60, 'B', 1),
(1220, 16303, 1, 'Umzugskarton, fertig gepackt', 19, NULL, NULL, 59, 38, 32, NULL, 1),
(1221, 16303, 1, 'Umzugskarton, fertig gepackt', 19, NULL, NULL, 59, 38, 32, NULL, 1),
(1222, 16303, 1, 'Umzugskarton, fertig gepackt', 19, NULL, NULL, 59, 38, 32, NULL, 1),
(1223, 16303, 1, 'Umzugskarton, fertig gepackt', 19, NULL, NULL, 59, 38, 32, NULL, 1),
(1224, 16303, 1, 'Umzugskarton, fertig gepackt', 19, NULL, NULL, 59, 38, 32, NULL, 1),
(1225, 16304, 1, 'Laborwanne', 19, NULL, NULL, 104, 64, 79, NULL, 1),
(1226, 16304, 1, 'Laborwanne', 19, NULL, NULL, 104, 64, 79, NULL, 1),
(1227, 16304, 1, 'Laborwanne', 19, NULL, NULL, 104, 64, 79, NULL, 1),
(1228, 16304, 1, 'Laborwanne', 19, NULL, NULL, 104, 64, 79, NULL, 1),
(1229, 16304, 1, 'Laborwanne', 19, NULL, NULL, 104, 64, 79, NULL, 1),
(1230, 16305, 1, 'Umzugskarton', 19, NULL, NULL, 59, 38, 35, NULL, 1),
(1231, 16305, 1, 'Umzugskarton', 19, NULL, NULL, 59, 38, 35, NULL, 1),
(1232, 16305, 1, 'Umzugskarton', 19, NULL, NULL, 59, 38, 35, NULL, 1),
(1233, 16305, 1, 'Umzugskarton', 19, NULL, NULL, 59, 38, 35, NULL, 1),
(1234, 16305, 1, 'Umzugskarton', 19, NULL, NULL, 59, 38, 35, NULL, 1),
(1235, 16305, 1, 'Umzugskarton', 19, NULL, NULL, 59, 38, 35, NULL, 1),
(1236, 16305, 1, 'Umzugskarton', 19, NULL, NULL, 59, 38, 35, NULL, 1),
(1237, 16305, 1, 'Umzugskarton', 19, NULL, NULL, 59, 38, 35, NULL, 1),
(1238, 16305, 1, 'Umzugskarton', 19, NULL, NULL, 59, 38, 35, NULL, 1),
(1239, 16305, 1, 'Umzugskarton', 19, NULL, NULL, 59, 38, 35, NULL, 1),
(1240, 16306, 1, 'Schreibtisch', 19, NULL, NULL, 160, 80, 72, 'A', 3),
(1241, 16306, 1, 'Schreibtisch', 19, NULL, NULL, 160, 80, 72, 'A', 3),
(1242, 16306, 1, 'Schreibtisch', 19, NULL, NULL, 160, 80, 72, 'A', 3),
(1243, 16306, 1, 'Schreibtisch', 19, NULL, NULL, 160, 80, 72, 'A', 3),
(1244, 16306, 1, 'Schreibtisch', 19, NULL, NULL, 160, 80, 72, 'A', 3),
(1245, 16306, 1, 'Schreibtisch', 19, NULL, NULL, 160, 80, 72, 'A', 3),
(1246, 16306, 1, 'Schreibtisch', 19, NULL, NULL, 160, 80, 72, 'A', 3),
(1247, 16307, 1, 'Schreibtisch', 19, NULL, NULL, 160, 80, 72, 'A', 3),
(1248, 16307, 1, 'Schreibtisch', 19, NULL, NULL, 160, 80, 72, 'A', 3),
(1249, 16307, 1, 'Schreibtisch', 19, NULL, NULL, 160, 80, 72, 'A', 3),
(1250, 16307, 1, 'Schreibtisch', 19, NULL, NULL, 160, 80, 72, 'A', 3),
(1251, 16308, 1, 'Schreibtisch', 19, NULL, NULL, 180, 80, 72, 'A', 3),
(1252, 16308, 1, 'Schreibtisch', 19, NULL, NULL, 180, 80, 72, 'A', 3),
(1253, 16308, 1, 'Schreibtisch', 19, NULL, NULL, 180, 80, 72, 'A', 3),
(1254, 16309, 1, 'PC, Tower/Desktop', 19, NULL, NULL, 50, 20, 60, 'B', 1),
(1255, 16309, 1, 'PC, Tower/Desktop', 19, NULL, NULL, 50, 20, 60, 'B', 1),
(1256, 16309, 1, 'PC, Tower/Desktop', 19, NULL, NULL, 50, 20, 60, 'B', 1),
(1257, 16309, 1, 'PC, Tower/Desktop', 19, NULL, NULL, 50, 20, 60, 'B', 1),
(1258, 16309, 1, 'PC, Tower/Desktop', 19, NULL, NULL, 50, 20, 60, 'B', 1),
(1259, 16309, 1, 'PC, Tower/Desktop', 19, NULL, NULL, 50, 20, 60, 'B', 1),
(1260, 16309, 1, 'PC, Tower/Desktop', 19, NULL, NULL, 50, 20, 60, 'B', 1),
(1261, 16309, 1, 'PC, Tower/Desktop', 19, NULL, NULL, 50, 20, 60, 'B', 1),
(1262, 16309, 1, 'PC, Tower/Desktop', 19, NULL, NULL, 50, 20, 60, 'B', 1),
(1263, 16309, 1, 'PC, Tower/Desktop', 19, NULL, NULL, 50, 20, 60, 'B', 1),
(1264, 16309, 1, 'PC, Tower/Desktop', 19, NULL, NULL, 50, 20, 60, 'B', 1),
(1265, 16309, 1, 'PC, Tower/Desktop', 19, NULL, NULL, 50, 20, 60, 'B', 1),
(1266, 16309, 1, 'PC, Tower/Desktop', 19, NULL, NULL, 50, 20, 60, 'B', 1),
(1267, 16309, 1, 'PC, Tower/Desktop', 19, NULL, NULL, 50, 20, 60, 'B', 1),
(1268, 16309, 1, 'PC, Tower/Desktop', 19, NULL, NULL, 50, 20, 60, 'B', 1),
(1269, 16309, 1, 'PC, Tower/Desktop', 19, NULL, NULL, 50, 20, 60, 'B', 1),
(1270, 16309, 1, 'PC, Tower/Desktop', 19, NULL, NULL, 50, 20, 60, 'B', 1),
(1271, 16309, 1, 'PC, Tower/Desktop', 19, NULL, NULL, 50, 20, 60, 'B', 1),
(1272, 16309, 1, 'PC, Tower/Desktop', 19, NULL, NULL, 50, 20, 60, 'B', 1),
(1273, 16309, 1, 'PC, Tower/Desktop', 19, NULL, NULL, 50, 20, 60, 'B', 1),
(1274, 16309, 1, 'PC, Tower/Desktop', 19, NULL, NULL, 50, 20, 60, 'B', 1),
(1275, 16310, 1, 'Flachbildschirm', 19, NULL, NULL, 60, 20, 40, 'B', 1),
(1276, 16310, 1, 'Flachbildschirm', 19, NULL, NULL, 60, 20, 40, 'B', 1),
(1277, 16310, 1, 'Flachbildschirm', 19, NULL, NULL, 60, 20, 40, 'B', 1),
(1278, 16310, 1, 'Flachbildschirm', 19, NULL, NULL, 60, 20, 40, 'B', 1),
(1279, 16310, 1, 'Flachbildschirm', 19, NULL, NULL, 60, 20, 40, 'B', 1),
(1280, 16310, 1, 'Flachbildschirm', 19, NULL, NULL, 60, 20, 40, 'B', 1),
(1281, 16310, 1, 'Flachbildschirm', 19, NULL, NULL, 60, 20, 40, 'B', 1),
(1282, 16310, 1, 'Flachbildschirm', 19, NULL, NULL, 60, 20, 40, 'B', 1),
(1283, 16310, 1, 'Flachbildschirm', 19, NULL, NULL, 60, 20, 40, 'B', 1),
(1284, 16310, 1, 'Flachbildschirm', 19, NULL, NULL, 60, 20, 40, 'B', 1),
(1285, 16310, 1, 'Flachbildschirm', 19, NULL, NULL, 60, 20, 40, 'B', 1),
(1286, 16310, 1, 'Flachbildschirm', 19, NULL, NULL, 60, 20, 40, 'B', 1),
(1287, 16310, 1, 'Flachbildschirm', 19, NULL, NULL, 60, 20, 40, 'B', 1),
(1288, 16310, 1, 'Flachbildschirm', 19, NULL, NULL, 60, 20, 40, 'B', 1),
(1289, 16310, 1, 'Flachbildschirm', 19, NULL, NULL, 60, 20, 40, 'B', 1),
(1290, 16310, 1, 'Flachbildschirm', 19, NULL, NULL, 60, 20, 40, 'B', 1),
(1291, 16310, 1, 'Flachbildschirm', 19, NULL, NULL, 60, 20, 40, 'B', 1),
(1292, 16310, 1, 'Flachbildschirm', 19, NULL, NULL, 60, 20, 40, 'B', 1),
(1293, 16310, 1, 'Flachbildschirm', 19, NULL, NULL, 60, 20, 40, 'B', 1),
(1294, 16310, 1, 'Flachbildschirm', 19, NULL, NULL, 60, 20, 40, 'B', 1),
(1295, 16310, 1, 'Flachbildschirm', 19, NULL, NULL, 60, 20, 40, 'B', 1),
(1296, 16310, 1, 'Flachbildschirm', 19, NULL, NULL, 60, 20, 40, 'B', 1),
(1297, 16310, 1, 'Flachbildschirm', 19, NULL, NULL, 60, 20, 40, 'B', 1),
(1298, 16310, 1, 'Flachbildschirm', 19, NULL, NULL, 60, 20, 40, 'B', 1),
(1299, 16310, 1, 'Flachbildschirm', 19, NULL, NULL, 60, 20, 40, 'B', 1),
(1300, 16310, 1, 'Flachbildschirm', 19, NULL, NULL, 60, 20, 40, 'B', 1),
(1301, 16311, 1, '2.1 Soundsystem', 19, NULL, NULL, 15, 10, 20, 'B', 1),
(1302, 16311, 1, '2.1 Soundsystem', 19, NULL, NULL, 15, 10, 20, 'B', 1),
(1303, 16311, 1, '2.1 Soundsystem', 19, NULL, NULL, 15, 10, 20, 'B', 1),
(1304, 16311, 1, '2.1 Soundsystem', 19, NULL, NULL, 15, 10, 20, 'B', 1),
(1305, 16312, 1, 'Telefon', 19, NULL, NULL, 20, 20, 10, 'B', 1),
(1306, 16313, 1, 'Beamer', 19, NULL, NULL, 40, 40, 20, 'B', 1),
(1307, 16314, 1, 'Waage aus Eisen ', 19, NULL, NULL, 45, 20, 20, 'A', 1),
(1308, 16315, 1, 'Papierkorb', 19, NULL, NULL, 30, 30, 30, 'B', 1),
(1309, 16315, 1, 'Papierkorb', 19, NULL, NULL, 30, 30, 30, 'B', 1),
(1310, 16316, 1, 'Drucker', 19, NULL, NULL, 50, 50, 50, 'B', 1),
(1311, 16316, 1, 'Drucker', 19, NULL, NULL, 50, 50, 50, 'B', 1),
(1312, 16317, 1, 'WLAN Router ', 19, NULL, NULL, 20, 20, 6, 'B', 1),
(1313, 16318, 1, 'SWITCH', 19, NULL, NULL, 50, 20, 6, 'B', 1),
(1314, 16319, 1, 'Besprechungstisch', 19, NULL, NULL, 140, 70, 72, 'B', 3),
(1315, 16319, 1, 'Besprechungstisch', 19, NULL, NULL, 140, 70, 72, 'B', 3),
(1316, 16319, 1, 'Besprechungstisch', 19, NULL, NULL, 140, 70, 72, 'B', 3),
(1317, 16319, 1, 'Besprechungstisch', 19, NULL, NULL, 140, 70, 72, 'B', 3),
(1318, 16319, 1, 'Besprechungstisch', 19, NULL, NULL, 140, 70, 72, 'B', 3),
(1319, 16320, 1, 'Bürodrehstuhl ohne Armlehne', 19, NULL, NULL, 50, 50, 110, 'B', 2),
(1320, 16320, 1, 'Bürodrehstuhl ohne Armlehne', 19, NULL, NULL, 50, 50, 110, 'B', 2),
(1321, 16320, 1, 'Bürodrehstuhl ohne Armlehne', 19, NULL, NULL, 50, 50, 110, 'B', 2),
(1322, 16320, 1, 'Bürodrehstuhl ohne Armlehne', 19, NULL, NULL, 50, 50, 110, 'B', 2),
(1323, 16320, 1, 'Bürodrehstuhl ohne Armlehne', 19, NULL, NULL, 50, 50, 110, 'B', 2),
(1324, 16320, 1, 'Bürodrehstuhl ohne Armlehne', 19, NULL, NULL, 50, 50, 110, 'B', 2),
(1325, 16320, 1, 'Bürodrehstuhl ohne Armlehne', 19, NULL, NULL, 50, 50, 110, 'B', 2),
(1326, 16320, 1, 'Bürodrehstuhl ohne Armlehne', 19, NULL, NULL, 50, 50, 110, 'B', 2),
(1327, 16320, 1, 'Bürodrehstuhl ohne Armlehne', 19, NULL, NULL, 50, 50, 110, 'B', 2),
(1328, 16320, 1, 'Bürodrehstuhl ohne Armlehne', 19, NULL, NULL, 50, 50, 110, 'B', 2),
(1329, 16320, 1, 'Bürodrehstuhl ohne Armlehne', 19, NULL, NULL, 50, 50, 110, 'B', 2),
(1330, 16320, 1, 'Bürodrehstuhl ohne Armlehne', 19, NULL, NULL, 50, 50, 110, 'B', 2),
(1331, 16320, 1, 'Bürodrehstuhl ohne Armlehne', 19, NULL, NULL, 50, 50, 110, 'B', 2),
(1332, 16320, 1, 'Bürodrehstuhl ohne Armlehne', 19, NULL, NULL, 50, 50, 110, 'B', 2),
(1333, 16320, 1, 'Bürodrehstuhl ohne Armlehne', 19, NULL, NULL, 50, 50, 110, 'B', 2),
(1334, 16320, 1, 'Bürodrehstuhl ohne Armlehne', 19, NULL, NULL, 50, 50, 110, 'B', 2),
(1335, 16320, 1, 'Bürodrehstuhl ohne Armlehne', 19, NULL, NULL, 50, 50, 110, 'B', 2),
(1336, 16320, 1, 'Bürodrehstuhl ohne Armlehne', 19, NULL, NULL, 50, 50, 110, 'B', 2),
(1337, 16320, 1, 'Bürodrehstuhl ohne Armlehne', 19, NULL, NULL, 50, 50, 110, 'B', 2),
(1338, 16320, 1, 'Bürodrehstuhl ohne Armlehne', 19, NULL, NULL, 50, 50, 110, 'B', 2),
(1339, 16320, 1, 'Bürodrehstuhl ohne Armlehne', 19, NULL, NULL, 50, 50, 110, 'B', 2),
(1340, 16321, 1, 'Elefantenfuss', 19, NULL, NULL, 40, 40, 40, 'B', 1),
(1341, 16322, 1, 'Flachbildschirm groß', 19, NULL, NULL, 130, 20, 80, 'B', 1),
(1342, 16323, 1, 'Gestell für Flat TV rollbar', 19, NULL, NULL, 80, 80, 170, 'A', 1),
(1343, 16324, 1, 'Server Rack', 19, NULL, NULL, 60, 60, 220, 'A', 1),
(1344, 16325, 1, 'Schreibtisch', 19, NULL, NULL, 75, 60, 72, 'C', 3),
(1345, 16326, 1, 'Schultafel auf Rollgestell', 19, NULL, NULL, 160, 80, 195, 'B', 1),
(1346, 16327, 1, 'Leinwand', 19, NULL, NULL, 320, 15, 15, 'B', 1),
(1347, 16328, 1, 'Schultafel wandverschraubt', 19, NULL, NULL, 200, 15, 150, 'B', 1),
(1348, 16328, 1, 'Schultafel wandverschraubt', 19, NULL, NULL, 200, 15, 150, 'B', 1),
(1349, 16329, 1, 'Aktenschrank', 19, NULL, NULL, 80, 44, 220, 'A', 4),
(1350, 16330, 1, 'Aktenschrank', 19, NULL, NULL, 100, 44, 220, 'A', 4),
(1351, 16330, 1, 'Aktenschrank', 19, NULL, NULL, 100, 44, 220, 'A', 4),
(1352, 16330, 1, 'Aktenschrank', 19, NULL, NULL, 100, 44, 220, 'A', 4),
(1353, 16330, 1, 'Aktenschrank', 19, NULL, NULL, 100, 44, 220, 'A', 4),
(1354, 16330, 1, 'Aktenschrank', 19, NULL, NULL, 100, 44, 220, 'A', 4),
(1355, 16641, 1, 'lfm Lagerware linker Bereich im ', 20, NULL, NULL, 100, 100, 100, 'B', 1),
(1356, 16641, 1, 'lfm Lagerware linker Bereich im ', 20, NULL, NULL, 100, 100, 100, 'B', 1),
(1357, 16641, 1, 'lfm Lagerware linker Bereich im ', 20, NULL, NULL, 100, 100, 100, 'B', 1),
(1358, 16641, 1, 'lfm Lagerware linker Bereich im ', 20, NULL, NULL, 100, 100, 100, 'B', 1),
(1359, 16641, 1, 'lfm Lagerware linker Bereich im ', 20, NULL, NULL, 100, 100, 100, 'B', 1),
(1360, 16641, 1, 'lfm Lagerware linker Bereich im ', 20, NULL, NULL, 100, 100, 100, 'B', 1),
(1361, 16641, 1, 'lfm Lagerware linker Bereich im ', 20, NULL, NULL, 100, 100, 100, 'B', 1),
(1362, 16641, 1, 'lfm Lagerware linker Bereich im ', 20, NULL, NULL, 100, 100, 100, 'B', 1),
(1363, 16641, 1, 'lfm Lagerware linker Bereich im ', 20, NULL, NULL, 100, 100, 100, 'B', 1),
(1364, 16641, 1, 'lfm Lagerware linker Bereich im ', 20, NULL, NULL, 100, 100, 100, 'B', 1),
(1365, 16641, 1, 'lfm Lagerware linker Bereich im ', 20, NULL, NULL, 100, 100, 100, 'B', 1),
(1366, 16641, 1, 'lfm Lagerware linker Bereich im ', 20, NULL, NULL, 100, 100, 100, 'B', 1),
(1367, 16642, 1, 'lfm Lagerware rechter Bereich im', 20, NULL, NULL, 100, 100, 100, 'B', 1),
(1368, 16642, 1, 'lfm Lagerware rechter Bereich im', 20, NULL, NULL, 100, 100, 100, 'B', 1),
(1369, 16642, 1, 'lfm Lagerware rechter Bereich im', 20, NULL, NULL, 100, 100, 100, 'B', 1),
(1370, 16642, 1, 'lfm Lagerware rechter Bereich im', 20, NULL, NULL, 100, 100, 100, 'B', 1),
(1371, 16642, 1, 'lfm Lagerware rechter Bereich im', 20, NULL, NULL, 100, 100, 100, 'B', 1),
(1372, 16642, 1, 'lfm Lagerware rechter Bereich im', 20, NULL, NULL, 100, 100, 100, 'B', 1),
(1373, 16642, 1, 'lfm Lagerware rechter Bereich im', 20, NULL, NULL, 100, 100, 100, 'B', 1),
(1374, 16642, 1, 'lfm Lagerware rechter Bereich im', 20, NULL, NULL, 100, 100, 100, 'B', 1),
(1375, 16642, 1, 'lfm Lagerware rechter Bereich im', 20, NULL, NULL, 100, 100, 100, 'B', 1),
(1376, 16642, 1, 'lfm Lagerware rechter Bereich im', 20, NULL, NULL, 100, 100, 100, 'B', 1),
(1377, 16814, 1, 'Telefon', 21, NULL, NULL, 20, 20, 10, 'B', 1),
(1378, 16815, 1, 'Schreibtisch', 21, NULL, NULL, 180, 80, 72, 'A', 3),
(1379, 16816, 1, 'Rollcontainer', 21, NULL, NULL, 45, 80, 56, 'A', 1),
(1380, 16817, 1, 'Flipchart', 21, NULL, NULL, 60, 60, 190, 'B', 1),
(1381, 16818, 1, 'Besprechungstisch', 21, NULL, NULL, 200, 95, 72, 'A', 3),
(1382, 16819, 1, 'Besprechungsstuhl ohne Armlehne', 21, NULL, NULL, 50, 50, 90, 'B', 2),
(1383, 16819, 1, 'Besprechungsstuhl ohne Armlehne', 21, NULL, NULL, 50, 50, 90, 'B', 2),
(1384, 16819, 1, 'Besprechungsstuhl ohne Armlehne', 21, NULL, NULL, 50, 50, 90, 'B', 2),
(1385, 16819, 1, 'Besprechungsstuhl ohne Armlehne', 21, NULL, NULL, 50, 50, 90, 'B', 2),
(1386, 16819, 1, 'Besprechungsstuhl ohne Armlehne', 21, NULL, NULL, 50, 50, 90, 'B', 2),
(1387, 16819, 1, 'Besprechungsstuhl ohne Armlehne', 21, NULL, NULL, 50, 50, 90, 'B', 2),
(1388, 16820, 1, 'Besprechungsstuhl mit Armlehne', 21, NULL, NULL, 60, 60, 90, 'B', 2),
(1389, 16821, 1, 'Bürodrehstuhl mit Armlehne', 21, NULL, NULL, 60, 60, 110, 'B', 2);
INSERT INTO `items` (`item_id`, `item_import_id`, `item_department_id`, `item_description`, `item_room_id`, `item_position_x`, `item_position_y`, `item_size_x`, `item_size_y`, `item_size_z`, `item_state`, `item_type_id`) VALUES
(1390, 16822, 1, 'Besprechungstisch', 21, NULL, NULL, 100, 100, 72, 'A', 3),
(1391, 16823, 1, 'Drucker', 21, NULL, NULL, 50, 50, 50, 'B', 1),
(1392, 16824, 1, 'Flachbildschirm', 21, NULL, NULL, 60, 20, 40, 'B', 1),
(1393, 16825, 1, 'Umzugskarton', 21, NULL, NULL, 59, 38, 35, NULL, 1),
(1394, 16825, 1, 'Umzugskarton', 21, NULL, NULL, 59, 38, 35, NULL, 1),
(1395, 16825, 1, 'Umzugskarton', 21, NULL, NULL, 59, 38, 35, NULL, 1),
(1396, 16826, 1, 'Papierkorb', 21, NULL, NULL, 30, 30, 30, 'B', 1),
(1397, 16827, 1, 'Telefon', 21, NULL, NULL, 20, 20, 10, 'B', 1),
(1398, 16828, 1, 'Schreibtisch', 21, NULL, NULL, 180, 80, 72, 'A', 3),
(1399, 16829, 1, 'Rollcontainer', 21, NULL, NULL, 45, 80, 56, 'A', 1),
(1400, 16830, 1, 'Aktenschrank', 21, NULL, NULL, 120, 40, 165, 'C', 4),
(1401, 16831, 1, 'Staffelei', 21, NULL, NULL, 56, 50, 150, 'B', 1),
(1402, 16832, 1, 'Bürodrehstuhl mit Armlehne', 21, NULL, NULL, 60, 60, 110, 'B', 2),
(1403, 16833, 1, 'Stahlschrank', 21, NULL, NULL, 95, 50, 195, 'B', 4),
(1404, 16834, 1, 'lfm Akten', 21, NULL, NULL, 100, 30, 33, NULL, 1),
(1405, 16834, 1, 'lfm Akten', 21, NULL, NULL, 100, 30, 33, NULL, 1),
(1406, 16834, 1, 'lfm Akten', 21, NULL, NULL, 100, 30, 33, NULL, 1),
(1407, 16834, 1, 'lfm Akten', 21, NULL, NULL, 100, 30, 33, NULL, 1),
(1408, 16834, 1, 'lfm Akten', 21, NULL, NULL, 100, 30, 33, NULL, 1),
(1409, 16835, 1, 'Umzugskarton', 21, NULL, NULL, 59, 38, 35, NULL, 1),
(1410, 16835, 1, 'Umzugskarton', 21, NULL, NULL, 59, 38, 35, NULL, 1),
(1411, 16835, 1, 'Umzugskarton', 21, NULL, NULL, 59, 38, 35, NULL, 1),
(1412, 16836, 1, 'Stahlschrank', 22, NULL, NULL, 95, 50, 195, 'B', 4),
(1413, 16837, 1, 'Sideboard', 22, NULL, NULL, 90, 46, 110, 'B', 1),
(1414, 16838, 1, 'Sideboard', 22, NULL, NULL, 120, 40, 125, 'B', 1),
(1415, 16839, 1, 'Besprechungstisch', 22, NULL, NULL, 145, 70, 72, 'B', 3),
(1416, 16839, 1, 'Besprechungstisch', 22, NULL, NULL, 145, 70, 72, 'B', 3),
(1417, 16839, 1, 'Besprechungstisch', 22, NULL, NULL, 145, 70, 72, 'B', 3),
(1418, 16840, 1, 'Rollcontainer', 22, NULL, NULL, 45, 80, 56, 'B', 1),
(1419, 16841, 1, 'Tageslichtprojektor', 22, NULL, NULL, 40, 40, 60, 'B', 1),
(1420, 16842, 1, 'Gestellwagen für Tageslichtproje', 22, NULL, NULL, 60, 70, 80, 'B', 1),
(1421, 16843, 1, 'Whiteboard', 22, NULL, NULL, 200, 5, 100, 'B', 1),
(1422, 16844, 1, 'Flipchart', 22, NULL, NULL, 75, 10, 180, 'B', 1),
(1423, 16845, 1, 'Besprechungstisch', 22, NULL, NULL, 200, 100, 72, 'A', 3),
(1424, 16845, 1, 'Besprechungstisch', 22, NULL, NULL, 200, 100, 72, 'A', 3),
(1425, 16846, 1, 'Schreibtisch', 22, NULL, NULL, 160, 80, 72, 'A', 3),
(1426, 16846, 1, 'Schreibtisch', 22, NULL, NULL, 160, 80, 72, 'A', 3),
(1427, 16846, 1, 'Schreibtisch', 22, NULL, NULL, 160, 80, 72, 'A', 3),
(1428, 16846, 1, 'Schreibtisch', 22, NULL, NULL, 160, 80, 72, 'A', 3),
(1429, 16846, 1, 'Schreibtisch', 22, NULL, NULL, 160, 80, 72, 'A', 3),
(1430, 16846, 1, 'Schreibtisch', 22, NULL, NULL, 160, 80, 72, 'A', 3),
(1431, 16846, 1, 'Schreibtisch', 22, NULL, NULL, 160, 80, 72, 'A', 3),
(1432, 16846, 1, 'Schreibtisch', 22, NULL, NULL, 160, 80, 72, 'A', 3),
(1433, 16846, 1, 'Schreibtisch', 22, NULL, NULL, 160, 80, 72, 'A', 3),
(1434, 16847, 1, 'Schreibtisch', 22, NULL, NULL, 160, 80, 72, 'B', 3),
(1435, 16847, 1, 'Schreibtisch', 22, NULL, NULL, 160, 80, 72, 'B', 3),
(1436, 16847, 1, 'Schreibtisch', 22, NULL, NULL, 160, 80, 72, 'B', 3),
(1437, 16847, 1, 'Schreibtisch', 22, NULL, NULL, 160, 80, 72, 'B', 3),
(1438, 16847, 1, 'Schreibtisch', 22, NULL, NULL, 160, 80, 72, 'B', 3),
(1439, 16847, 1, 'Schreibtisch', 22, NULL, NULL, 160, 80, 72, 'B', 3),
(1440, 16847, 1, 'Schreibtisch', 22, NULL, NULL, 160, 80, 72, 'B', 3),
(1441, 16847, 1, 'Schreibtisch', 22, NULL, NULL, 160, 80, 72, 'B', 3),
(1442, 16847, 1, 'Schreibtisch', 22, NULL, NULL, 160, 80, 72, 'B', 3),
(1443, 16848, 1, 'Bürodrehstuhl ohne Armlehne', 22, NULL, NULL, 50, 50, 110, 'B', 2),
(1444, 16848, 1, 'Bürodrehstuhl ohne Armlehne', 22, NULL, NULL, 50, 50, 110, 'B', 2),
(1445, 16848, 1, 'Bürodrehstuhl ohne Armlehne', 22, NULL, NULL, 50, 50, 110, 'B', 2),
(1446, 16848, 1, 'Bürodrehstuhl ohne Armlehne', 22, NULL, NULL, 50, 50, 110, 'B', 2),
(1447, 16848, 1, 'Bürodrehstuhl ohne Armlehne', 22, NULL, NULL, 50, 50, 110, 'B', 2),
(1448, 16848, 1, 'Bürodrehstuhl ohne Armlehne', 22, NULL, NULL, 50, 50, 110, 'B', 2),
(1449, 16848, 1, 'Bürodrehstuhl ohne Armlehne', 22, NULL, NULL, 50, 50, 110, 'B', 2),
(1450, 16848, 1, 'Bürodrehstuhl ohne Armlehne', 22, NULL, NULL, 50, 50, 110, 'B', 2),
(1451, 16848, 1, 'Bürodrehstuhl ohne Armlehne', 22, NULL, NULL, 50, 50, 110, 'B', 2),
(1452, 16848, 1, 'Bürodrehstuhl ohne Armlehne', 22, NULL, NULL, 50, 50, 110, 'B', 2),
(1453, 16848, 1, 'Bürodrehstuhl ohne Armlehne', 22, NULL, NULL, 50, 50, 110, 'B', 2),
(1454, 16848, 1, 'Bürodrehstuhl ohne Armlehne', 22, NULL, NULL, 50, 50, 110, 'B', 2),
(1455, 16848, 1, 'Bürodrehstuhl ohne Armlehne', 22, NULL, NULL, 50, 50, 110, 'B', 2),
(1456, 16848, 1, 'Bürodrehstuhl ohne Armlehne', 22, NULL, NULL, 50, 50, 110, 'B', 2),
(1457, 16848, 1, 'Bürodrehstuhl ohne Armlehne', 22, NULL, NULL, 50, 50, 110, 'B', 2),
(1458, 16848, 1, 'Bürodrehstuhl ohne Armlehne', 22, NULL, NULL, 50, 50, 110, 'B', 2),
(1459, 16848, 1, 'Bürodrehstuhl ohne Armlehne', 22, NULL, NULL, 50, 50, 110, 'B', 2),
(1460, 16848, 1, 'Bürodrehstuhl ohne Armlehne', 22, NULL, NULL, 50, 50, 110, 'B', 2),
(1461, 16848, 1, 'Bürodrehstuhl ohne Armlehne', 22, NULL, NULL, 50, 50, 110, 'B', 2),
(1462, 16848, 1, 'Bürodrehstuhl ohne Armlehne', 22, NULL, NULL, 50, 50, 110, 'B', 2),
(1463, 16848, 1, 'Bürodrehstuhl ohne Armlehne', 22, NULL, NULL, 50, 50, 110, 'B', 2),
(1464, 16848, 1, 'Bürodrehstuhl ohne Armlehne', 22, NULL, NULL, 50, 50, 110, 'B', 2),
(1465, 16848, 1, 'Bürodrehstuhl ohne Armlehne', 22, NULL, NULL, 50, 50, 110, 'B', 2),
(1466, 16848, 1, 'Bürodrehstuhl ohne Armlehne', 22, NULL, NULL, 50, 50, 110, 'B', 2),
(1467, 16848, 1, 'Bürodrehstuhl ohne Armlehne', 22, NULL, NULL, 50, 50, 110, 'B', 2),
(1468, 16848, 1, 'Bürodrehstuhl ohne Armlehne', 22, NULL, NULL, 50, 50, 110, 'B', 2),
(1469, 16848, 1, 'Bürodrehstuhl ohne Armlehne', 22, NULL, NULL, 50, 50, 110, 'B', 2),
(1470, 16848, 1, 'Bürodrehstuhl ohne Armlehne', 22, NULL, NULL, 50, 50, 110, 'B', 2),
(1471, 16848, 1, 'Bürodrehstuhl ohne Armlehne', 22, NULL, NULL, 50, 50, 110, 'B', 2),
(1472, 16848, 1, 'Bürodrehstuhl ohne Armlehne', 22, NULL, NULL, 50, 50, 110, 'B', 2),
(1473, 16848, 1, 'Bürodrehstuhl ohne Armlehne', 22, NULL, NULL, 50, 50, 110, 'B', 2),
(1474, 16848, 1, 'Bürodrehstuhl ohne Armlehne', 22, NULL, NULL, 50, 50, 110, 'B', 2),
(1475, 16848, 1, 'Bürodrehstuhl ohne Armlehne', 22, NULL, NULL, 50, 50, 110, 'B', 2),
(1476, 16849, 1, 'TV', 22, NULL, NULL, 170, 75, 200, 'A', 1),
(1477, 16850, 1, 'TV', 22, NULL, NULL, 105, 13, 65, 'A', 1),
(1478, 16851, 1, 'Lautsprecher', 22, NULL, NULL, 33, 40, 34, 'B', 1),
(1479, 16852, 1, 'Beamer', 22, NULL, NULL, 40, 40, 20, 'A', 1),
(1480, 16853, 1, 'Flachbildschirm', 22, NULL, NULL, 60, 20, 40, 'B', 1),
(1481, 16853, 1, 'Flachbildschirm', 22, NULL, NULL, 60, 20, 40, 'B', 1),
(1482, 16853, 1, 'Flachbildschirm', 22, NULL, NULL, 60, 20, 40, 'B', 1),
(1483, 16853, 1, 'Flachbildschirm', 22, NULL, NULL, 60, 20, 40, 'B', 1),
(1484, 16853, 1, 'Flachbildschirm', 22, NULL, NULL, 60, 20, 40, 'B', 1),
(1485, 16853, 1, 'Flachbildschirm', 22, NULL, NULL, 60, 20, 40, 'B', 1),
(1486, 16853, 1, 'Flachbildschirm', 22, NULL, NULL, 60, 20, 40, 'B', 1),
(1487, 16853, 1, 'Flachbildschirm', 22, NULL, NULL, 60, 20, 40, 'B', 1),
(1488, 16853, 1, 'Flachbildschirm', 22, NULL, NULL, 60, 20, 40, 'B', 1),
(1489, 16853, 1, 'Flachbildschirm', 22, NULL, NULL, 60, 20, 40, 'B', 1),
(1490, 16853, 1, 'Flachbildschirm', 22, NULL, NULL, 60, 20, 40, 'B', 1),
(1491, 16853, 1, 'Flachbildschirm', 22, NULL, NULL, 60, 20, 40, 'B', 1),
(1492, 16853, 1, 'Flachbildschirm', 22, NULL, NULL, 60, 20, 40, 'B', 1),
(1493, 16853, 1, 'Flachbildschirm', 22, NULL, NULL, 60, 20, 40, 'B', 1),
(1494, 16853, 1, 'Flachbildschirm', 22, NULL, NULL, 60, 20, 40, 'B', 1),
(1495, 16853, 1, 'Flachbildschirm', 22, NULL, NULL, 60, 20, 40, 'B', 1),
(1496, 16853, 1, 'Flachbildschirm', 22, NULL, NULL, 60, 20, 40, 'B', 1),
(1497, 16853, 1, 'Flachbildschirm', 22, NULL, NULL, 60, 20, 40, 'B', 1),
(1498, 16853, 1, 'Flachbildschirm', 22, NULL, NULL, 60, 20, 40, 'B', 1),
(1499, 16853, 1, 'Flachbildschirm', 22, NULL, NULL, 60, 20, 40, 'B', 1),
(1500, 16853, 1, 'Flachbildschirm', 22, NULL, NULL, 60, 20, 40, 'B', 1),
(1501, 16853, 1, 'Flachbildschirm', 22, NULL, NULL, 60, 20, 40, 'B', 1),
(1502, 16853, 1, 'Flachbildschirm', 22, NULL, NULL, 60, 20, 40, 'B', 1),
(1503, 16853, 1, 'Flachbildschirm', 22, NULL, NULL, 60, 20, 40, 'B', 1),
(1504, 16853, 1, 'Flachbildschirm', 22, NULL, NULL, 60, 20, 40, 'B', 1),
(1505, 16853, 1, 'Flachbildschirm', 22, NULL, NULL, 60, 20, 40, 'B', 1),
(1506, 16853, 1, 'Flachbildschirm', 22, NULL, NULL, 60, 20, 40, 'B', 1),
(1507, 16853, 1, 'Flachbildschirm', 22, NULL, NULL, 60, 20, 40, 'B', 1),
(1508, 16853, 1, 'Flachbildschirm', 22, NULL, NULL, 60, 20, 40, 'B', 1),
(1509, 16853, 1, 'Flachbildschirm', 22, NULL, NULL, 60, 20, 40, 'B', 1),
(1510, 16853, 1, 'Flachbildschirm', 22, NULL, NULL, 60, 20, 40, 'B', 1),
(1511, 16853, 1, 'Flachbildschirm', 22, NULL, NULL, 60, 20, 40, 'B', 1),
(1512, 16853, 1, 'Flachbildschirm', 22, NULL, NULL, 60, 20, 40, 'B', 1),
(1513, 16853, 1, 'Flachbildschirm', 22, NULL, NULL, 60, 20, 40, 'B', 1),
(1514, 16853, 1, 'Flachbildschirm', 22, NULL, NULL, 60, 20, 40, 'B', 1),
(1515, 16853, 1, 'Flachbildschirm', 22, NULL, NULL, 60, 20, 40, 'B', 1),
(1516, 16853, 1, 'Flachbildschirm', 22, NULL, NULL, 60, 20, 40, 'B', 1),
(1517, 16854, 1, 'PC, Tower/Desktop', 22, NULL, NULL, 50, 20, 60, 'B', 1),
(1518, 16854, 1, 'PC, Tower/Desktop', 22, NULL, NULL, 50, 20, 60, 'B', 1),
(1519, 16854, 1, 'PC, Tower/Desktop', 22, NULL, NULL, 50, 20, 60, 'B', 1),
(1520, 16854, 1, 'PC, Tower/Desktop', 22, NULL, NULL, 50, 20, 60, 'B', 1),
(1521, 16854, 1, 'PC, Tower/Desktop', 22, NULL, NULL, 50, 20, 60, 'B', 1),
(1522, 16854, 1, 'PC, Tower/Desktop', 22, NULL, NULL, 50, 20, 60, 'B', 1),
(1523, 16854, 1, 'PC, Tower/Desktop', 22, NULL, NULL, 50, 20, 60, 'B', 1),
(1524, 16854, 1, 'PC, Tower/Desktop', 22, NULL, NULL, 50, 20, 60, 'B', 1),
(1525, 16854, 1, 'PC, Tower/Desktop', 22, NULL, NULL, 50, 20, 60, 'B', 1),
(1526, 16854, 1, 'PC, Tower/Desktop', 22, NULL, NULL, 50, 20, 60, 'B', 1),
(1527, 16854, 1, 'PC, Tower/Desktop', 22, NULL, NULL, 50, 20, 60, 'B', 1),
(1528, 16854, 1, 'PC, Tower/Desktop', 22, NULL, NULL, 50, 20, 60, 'B', 1),
(1529, 16854, 1, 'PC, Tower/Desktop', 22, NULL, NULL, 50, 20, 60, 'B', 1),
(1530, 16854, 1, 'PC, Tower/Desktop', 22, NULL, NULL, 50, 20, 60, 'B', 1),
(1531, 16854, 1, 'PC, Tower/Desktop', 22, NULL, NULL, 50, 20, 60, 'B', 1),
(1532, 16854, 1, 'PC, Tower/Desktop', 22, NULL, NULL, 50, 20, 60, 'B', 1),
(1533, 16854, 1, 'PC, Tower/Desktop', 22, NULL, NULL, 50, 20, 60, 'B', 1),
(1534, 16854, 1, 'PC, Tower/Desktop', 22, NULL, NULL, 50, 20, 60, 'B', 1),
(1535, 16854, 1, 'PC, Tower/Desktop', 22, NULL, NULL, 50, 20, 60, 'B', 1),
(1536, 16854, 1, 'PC, Tower/Desktop', 22, NULL, NULL, 50, 20, 60, 'B', 1),
(1537, 16854, 1, 'PC, Tower/Desktop', 22, NULL, NULL, 50, 20, 60, 'B', 1),
(1538, 16854, 1, 'PC, Tower/Desktop', 22, NULL, NULL, 50, 20, 60, 'B', 1),
(1539, 16854, 1, 'PC, Tower/Desktop', 22, NULL, NULL, 50, 20, 60, 'B', 1),
(1540, 16854, 1, 'PC, Tower/Desktop', 22, NULL, NULL, 50, 20, 60, 'B', 1),
(1541, 16854, 1, 'PC, Tower/Desktop', 22, NULL, NULL, 50, 20, 60, 'B', 1),
(1542, 16854, 1, 'PC, Tower/Desktop', 22, NULL, NULL, 50, 20, 60, 'B', 1),
(1543, 16854, 1, 'PC, Tower/Desktop', 22, NULL, NULL, 50, 20, 60, 'B', 1),
(1544, 16854, 1, 'PC, Tower/Desktop', 22, NULL, NULL, 50, 20, 60, 'B', 1),
(1545, 16854, 1, 'PC, Tower/Desktop', 22, NULL, NULL, 50, 20, 60, 'B', 1),
(1546, 16854, 1, 'PC, Tower/Desktop', 22, NULL, NULL, 50, 20, 60, 'B', 1),
(1547, 16854, 1, 'PC, Tower/Desktop', 22, NULL, NULL, 50, 20, 60, 'B', 1),
(1548, 16854, 1, 'PC, Tower/Desktop', 22, NULL, NULL, 50, 20, 60, 'B', 1),
(1549, 16854, 1, 'PC, Tower/Desktop', 22, NULL, NULL, 50, 20, 60, 'B', 1),
(1550, 16854, 1, 'PC, Tower/Desktop', 22, NULL, NULL, 50, 20, 60, 'B', 1),
(1551, 16854, 1, 'PC, Tower/Desktop', 22, NULL, NULL, 50, 20, 60, 'B', 1),
(1552, 16854, 1, 'PC, Tower/Desktop', 22, NULL, NULL, 50, 20, 60, 'B', 1),
(1553, 16854, 1, 'PC, Tower/Desktop', 22, NULL, NULL, 50, 20, 60, 'B', 1),
(1554, 16855, 1, 'Lautsprecher', 22, NULL, NULL, 15, 10, 20, 'B', 1),
(1555, 16855, 1, 'Lautsprecher', 22, NULL, NULL, 15, 10, 20, 'B', 1),
(1556, 16855, 1, 'Lautsprecher', 22, NULL, NULL, 15, 10, 20, 'B', 1),
(1557, 16855, 1, 'Lautsprecher', 22, NULL, NULL, 15, 10, 20, 'B', 1),
(1558, 16855, 1, 'Lautsprecher', 22, NULL, NULL, 15, 10, 20, 'B', 1),
(1559, 16856, 1, 'Telefon', 22, NULL, NULL, 20, 20, 10, 'B', 1),
(1560, 16857, 1, 'Drucker', 22, NULL, NULL, 50, 50, 50, 'B', 1),
(1561, 16858, 1, 'lfm Molton', 22, NULL, NULL, 100, 1, 150, 'A', 1),
(1562, 16858, 1, 'lfm Molton', 22, NULL, NULL, 100, 1, 150, 'A', 1),
(1563, 16858, 1, 'lfm Molton', 22, NULL, NULL, 100, 1, 150, 'A', 1),
(1564, 16858, 1, 'lfm Molton', 22, NULL, NULL, 100, 1, 150, 'A', 1),
(1565, 16858, 1, 'lfm Molton', 22, NULL, NULL, 100, 1, 150, 'A', 1),
(1566, 16858, 1, 'lfm Molton', 22, NULL, NULL, 100, 1, 150, 'A', 1),
(1567, 16858, 1, 'lfm Molton', 22, NULL, NULL, 100, 1, 150, 'A', 1),
(1568, 16858, 1, 'lfm Molton', 22, NULL, NULL, 100, 1, 150, 'A', 1),
(1569, 16858, 1, 'lfm Molton', 22, NULL, NULL, 100, 1, 150, 'A', 1),
(1570, 16858, 1, 'lfm Molton', 22, NULL, NULL, 100, 1, 150, 'A', 1),
(1571, 16858, 1, 'lfm Molton', 22, NULL, NULL, 100, 1, 150, 'A', 1),
(1572, 16858, 1, 'lfm Molton', 22, NULL, NULL, 100, 1, 150, 'A', 1),
(1573, 16858, 1, 'lfm Molton', 22, NULL, NULL, 100, 1, 150, 'A', 1),
(1574, 16858, 1, 'lfm Molton', 22, NULL, NULL, 100, 1, 150, 'A', 1),
(1575, 16858, 1, 'lfm Molton', 22, NULL, NULL, 100, 1, 150, 'A', 1),
(1576, 16859, 1, 'Laborwanne', 22, NULL, NULL, 104, 64, 79, NULL, 1),
(1577, 16859, 1, 'Laborwanne', 22, NULL, NULL, 104, 64, 79, NULL, 1),
(1578, 16859, 1, 'Laborwanne', 22, NULL, NULL, 104, 64, 79, NULL, 1),
(1579, 16860, 1, 'Umzugskarton', 22, NULL, NULL, 59, 38, 35, NULL, 1),
(1580, 16860, 1, 'Umzugskarton', 22, NULL, NULL, 59, 38, 35, NULL, 1),
(1581, 16861, 1, 'Seminarstuhl', 22, NULL, NULL, 45, 50, 70, 'B', 2),
(1582, 1000000, 2, 'Bürodrehstuhl mit\nArmlehne', 23, NULL, NULL, 60, 60, 110, 'B', 2),
(1583, 1000001, 3, 'Bürodrehstuhl mit Armlehne', 24, NULL, NULL, 60, 60, 110, 'B', 2),
(1584, 1000002, 1, 'TV auf Tisch', 25, NULL, NULL, 130, 60, 180, 'B', 3);

-- --------------------------------------------------------

--
-- Tabellenstruktur für Tabelle `item_types`
--

CREATE TABLE IF NOT EXISTS `item_types` (
`item_type_id` int(2) NOT NULL,
  `item_type_name` varchar(32) CHARACTER SET utf8 NOT NULL
) ENGINE=InnoDB  DEFAULT CHARSET=utf8 COLLATE=utf8_unicode_ci AUTO_INCREMENT=5 ;

--
-- Daten für Tabelle `item_types`
--

INSERT INTO `item_types` (`item_type_id`, `item_type_name`) VALUES
(1, 'Sonstige'),
(2, 'Stuhl'),
(3, 'Tisch'),
(4, 'Schrank');

-- --------------------------------------------------------

--
-- Tabellenstruktur für Tabelle `maps`
--

CREATE TABLE IF NOT EXISTS `maps` (
`map_id` int(11) NOT NULL,
  `map_building_id` int(11) NOT NULL,
  `map_floor` int(11) NOT NULL,
  `map_picture` varchar(64) CHARACTER SET utf8 DEFAULT NULL
) ENGINE=InnoDB  DEFAULT CHARSET=utf8 COLLATE=utf8_unicode_ci AUTO_INCREMENT=8 ;

--
-- Daten für Tabelle `maps`
--

INSERT INTO `maps` (`map_id`, `map_building_id`, `map_floor`, `map_picture`) VALUES
(1, 1, 1, NULL),
(2, 2, 1, NULL),
(3, 3, 3, NULL),
(4, 3, 4, NULL),
(5, 4, 1, NULL),
(6, 4, -1, NULL),
(7, 1, 0, NULL);

-- --------------------------------------------------------

--
-- Tabellenstruktur für Tabelle `roles`
--

CREATE TABLE IF NOT EXISTS `roles` (
`role_id` int(32) NOT NULL,
  `role_name` varchar(32) CHARACTER SET utf8 NOT NULL
) ENGINE=InnoDB  DEFAULT CHARSET=utf8 COLLATE=utf8_unicode_ci AUTO_INCREMENT=4 ;

--
-- Daten für Tabelle `roles`
--

INSERT INTO `roles` (`role_id`, `role_name`) VALUES
(0, 'gesperrt'),
(1, 'Benutzer'),
(2, 'Administrator'),
(3, 'Bearbeiter');

-- --------------------------------------------------------

--
-- Tabellenstruktur für Tabelle `rooms`
--

CREATE TABLE IF NOT EXISTS `rooms` (
`room_id` int(32) unsigned NOT NULL,
  `room_name` varchar(11) CHARACTER SET utf8 NOT NULL,
  `room_name_alt` varchar(11) CHARACTER SET utf8 DEFAULT NULL,
  `room_position_x` int(32) DEFAULT NULL,
  `room_position_y` int(32) DEFAULT NULL,
  `room_size_x` int(32) DEFAULT NULL,
  `room_size_y` int(32) DEFAULT NULL,
  `room_map_id` int(32) NOT NULL
) ENGINE=InnoDB  DEFAULT CHARSET=utf8 COLLATE=utf8_unicode_ci AUTO_INCREMENT=26 ;

--
-- Daten für Tabelle `rooms`
--

INSERT INTO `rooms` (`room_id`, `room_name`, `room_name_alt`, `room_position_x`, `room_position_y`, `room_size_x`, `room_size_y`, `room_map_id`) VALUES
(1, 'H 1.17', NULL, NULL, NULL, NULL, NULL, 1),
(2, 'H 1.18b ', NULL, NULL, NULL, NULL, NULL, 1),
(3, 'S 1.14', NULL, NULL, NULL, NULL, NULL, 2),
(4, 'E 4.42', NULL, NULL, NULL, NULL, NULL, 3),
(5, 'E 5.42', NULL, NULL, NULL, NULL, NULL, 4),
(6, 'H 1.19', NULL, NULL, NULL, NULL, NULL, 1),
(7, 'H 1.20', NULL, NULL, NULL, NULL, NULL, 1),
(8, 'L 1.2', NULL, NULL, NULL, NULL, NULL, 5),
(9, 'E 5.46', NULL, NULL, NULL, NULL, NULL, 4),
(10, 'E 5.47', NULL, NULL, NULL, NULL, NULL, 4),
(11, 'E 5.48', NULL, NULL, NULL, NULL, NULL, 4),
(12, 'E 4.46', NULL, NULL, NULL, NULL, NULL, 3),
(13, 'E 4.06', NULL, NULL, NULL, NULL, NULL, 3),
(14, 'S 1.13b', NULL, NULL, NULL, NULL, NULL, 2),
(15, 'L 0.9', NULL, NULL, NULL, NULL, NULL, 6),
(16, 'H 1.18', NULL, NULL, NULL, NULL, NULL, 1),
(17, 'H 1.39', NULL, NULL, NULL, NULL, NULL, 1),
(18, 'H 1.27', NULL, NULL, NULL, NULL, NULL, 1),
(19, 'H 1.23a', NULL, NULL, NULL, NULL, NULL, 1),
(20, 'H 1.38', NULL, NULL, NULL, NULL, NULL, 1),
(21, 'H 1.20a', NULL, NULL, NULL, NULL, NULL, 1),
(22, 'S 1.5 ', NULL, NULL, NULL, NULL, NULL, 2),
(23, 'H 12', NULL, NULL, NULL, NULL, NULL, 7),
(24, 'H 11', NULL, NULL, NULL, NULL, NULL, 7),
(25, 'H 1.21a', NULL, NULL, NULL, NULL, NULL, 1);

-- --------------------------------------------------------

--
-- Tabellenstruktur für Tabelle `users`
--

CREATE TABLE IF NOT EXISTS `users` (
`user_id` int(11) NOT NULL,
  `user_name` varchar(32) CHARACTER SET utf8 NOT NULL,
  `user_firstname` varchar(50) CHARACTER SET utf8 NOT NULL,
  `user_lastname` varchar(40) CHARACTER SET utf8 NOT NULL,
  `user_password` varchar(50) CHARACTER SET utf8 NOT NULL,
  `user_email` varchar(32) CHARACTER SET utf8 NOT NULL,
  `user_role_id` tinyint(1) NOT NULL,
  `user_active` tinyint(1) NOT NULL,
  `user_secure_code` varchar(42) COLLATE utf8_unicode_ci NOT NULL
) ENGINE=InnoDB  DEFAULT CHARSET=utf8 COLLATE=utf8_unicode_ci AUTO_INCREMENT=14 ;

--
-- Daten für Tabelle `users`
--

INSERT INTO `users` (`user_id`, `user_name`, `user_firstname`, `user_lastname`, `user_password`, `user_email`, `user_role_id`, `user_active`, `user_secure_code`) VALUES
(1, 'Phlp', 'Philip', 'Stapelfeldt', '5blspxaD3tD3A', 'phil@capshake.com', 0, 1, '');

-- --------------------------------------------------------

--
-- Tabellenstruktur für Tabelle `user_role_room`
--

CREATE TABLE IF NOT EXISTS `user_role_room` (
  `role_room_user_id` int(11) unsigned NOT NULL,
  `role_room_room_id` int(11) unsigned NOT NULL,
  `role_room_role_id` int(1) unsigned NOT NULL
) ENGINE=InnoDB DEFAULT CHARSET=utf8 COLLATE=utf8_unicode_ci;

--
-- Indexes for dumped tables
--

--
-- Indexes for table `buildings`
--
ALTER TABLE `buildings`
 ADD PRIMARY KEY (`building_id`);

--
-- Indexes for table `data_import`
--
ALTER TABLE `data_import`
 ADD PRIMARY KEY (`B__Index`);

--
-- Indexes for table `departments`
--
ALTER TABLE `departments`
 ADD PRIMARY KEY (`department_id`);

--
-- Indexes for table `items`
--
ALTER TABLE `items`
 ADD PRIMARY KEY (`item_id`), ADD KEY `item_import_id` (`item_import_id`), ADD KEY `item_department_id` (`item_department_id`);

--
-- Indexes for table `item_types`
--
ALTER TABLE `item_types`
 ADD PRIMARY KEY (`item_type_id`);

--
-- Indexes for table `maps`
--
ALTER TABLE `maps`
 ADD PRIMARY KEY (`map_id`);

--
-- Indexes for table `roles`
--
ALTER TABLE `roles`
 ADD PRIMARY KEY (`role_id`);

--
-- Indexes for table `rooms`
--
ALTER TABLE `rooms`
 ADD PRIMARY KEY (`room_id`);

--
-- Indexes for table `users`
--
ALTER TABLE `users`
 ADD PRIMARY KEY (`user_id`);

--
-- Indexes for table `user_role_room`
--
ALTER TABLE `user_role_room`
 ADD PRIMARY KEY (`role_room_user_id`,`role_room_room_id`);

--
-- AUTO_INCREMENT for dumped tables
--

--
-- AUTO_INCREMENT for table `buildings`
--
ALTER TABLE `buildings`
MODIFY `building_id` int(11) unsigned NOT NULL AUTO_INCREMENT,AUTO_INCREMENT=5;
--
-- AUTO_INCREMENT for table `data_import`
--
ALTER TABLE `data_import`
MODIFY `B__Index` int(11) NOT NULL AUTO_INCREMENT,AUTO_INCREMENT=1000003;
--
-- AUTO_INCREMENT for table `departments`
--
ALTER TABLE `departments`
MODIFY `department_id` int(11) NOT NULL AUTO_INCREMENT,AUTO_INCREMENT=4;
--
-- AUTO_INCREMENT for table `items`
--
ALTER TABLE `items`
MODIFY `item_id` int(32) NOT NULL AUTO_INCREMENT,AUTO_INCREMENT=1585;
--
-- AUTO_INCREMENT for table `item_types`
--
ALTER TABLE `item_types`
MODIFY `item_type_id` int(2) NOT NULL AUTO_INCREMENT,AUTO_INCREMENT=5;
--
-- AUTO_INCREMENT for table `maps`
--
ALTER TABLE `maps`
MODIFY `map_id` int(11) NOT NULL AUTO_INCREMENT,AUTO_INCREMENT=8;
--
-- AUTO_INCREMENT for table `roles`
--
ALTER TABLE `roles`
MODIFY `role_id` int(32) NOT NULL AUTO_INCREMENT,AUTO_INCREMENT=4;
--
-- AUTO_INCREMENT for table `rooms`
--
ALTER TABLE `rooms`
MODIFY `room_id` int(32) unsigned NOT NULL AUTO_INCREMENT,AUTO_INCREMENT=26;
--
-- AUTO_INCREMENT for table `users`
--
ALTER TABLE `users`
MODIFY `user_id` int(11) NOT NULL AUTO_INCREMENT,AUTO_INCREMENT=14;
/*!40101 SET CHARACTER_SET_CLIENT=@OLD_CHARACTER_SET_CLIENT */;
/*!40101 SET CHARACTER_SET_RESULTS=@OLD_CHARACTER_SET_RESULTS */;
/*!40101 SET COLLATION_CONNECTION=@OLD_COLLATION_CONNECTION */;
